PERMNO,HdrCUSIP,Ticker,PERMCO,DlyCalDt,DlyRet
10107,59491810,MSFT,8048,2018-01-02,0.004793
10107,59491810,MSFT,8048,2018-01-03,0.004654
10107,59491810,MSFT,8048,2018-01-04,0.008801
10107,59491810,MSFT,8048,2018-01-05,0.012398
10107,59491810,MSFT,8048,2018-01-08,0.001021
10107,59491810,MSFT,8048,2018-01-09,-0.000680
10107,59491810,MSFT,8048,2018-01-10,-0.004534
10107,59491810,MSFT,8048,2018-01-11,0.002961
10107,59491810,MSFT,8048,2018-01-12,0.017257
10107,59491810,MSFT,8048,2018-01-16,-0.013951
10107,59491810,MSFT,8048,2018-01-17,0.020260
10107,59491810,MSFT,8048,2018-01-18,-0.000444
10107,59491810,MSFT,8048,2018-01-19,-0.001110
10107,59491810,MSFT,8048,2018-01-22,0.017889
10107,59491810,MSFT,8048,2018-01-23,0.003166
10107,59491810,MSFT,8048,2018-01-24,-0.000871
10107,59491810,MSFT,8048,2018-01-25,0.005554
10107,59491810,MSFT,8048,2018-01-26,0.018737
10107,59491810,MSFT,8048,2018-01-29,-0.001488
10107,59491810,MSFT,8048,2018-01-30,-0.012564
10107,59491810,MSFT,8048,2018-01-31,0.024477
10107,59491810,MSFT,8048,2018-02-01,-0.007894
10107,59491810,MSFT,8048,2018-02-02,-0.026310
10107,59491810,MSFT,8048,2018-02-05,-0.041185
10107,59491810,MSFT,8048,2018-02-06,0.037841
10107,59491810,MSFT,8048,2018-02-07,-0.018833
10107,59491810,MSFT,8048,2018-02-08,-0.051334
10107,59491810,MSFT,8048,2018-02-09,0.037290
10107,59491810,MSFT,8048,2018-02-12,0.010773
10107,59491810,MSFT,8048,2018-02-13,0.007854
10107,59491810,MSFT,8048,2018-02-14,0.015585
10107,59491810,MSFT,8048,2018-02-15,0.020372
10107,59491810,MSFT,8048,2018-02-16,-0.007123
10107,59491810,MSFT,8048,2018-02-20,0.007826
10107,59491810,MSFT,8048,2018-02-21,-0.013266
10107,59491810,MSFT,8048,2018-02-22,0.002623
10107,59491810,MSFT,8048,2018-02-23,0.025401
10107,59491810,MSFT,8048,2018-02-26,0.014459
10107,59491810,MSFT,8048,2018-02-27,-0.012786
10107,59491810,MSFT,8048,2018-02-28,-0.004565
10107,59491810,MSFT,8048,2018-03-01,-0.009811
10107,59491810,MSFT,8048,2018-03-02,0.002154
10107,59491810,MSFT,8048,2018-03-05,0.006341
10107,59491810,MSFT,8048,2018-03-06,-0.003417
10107,59491810,MSFT,8048,2018-03-07,0.005787
10107,59491810,MSFT,8048,2018-03-08,0.006073
10107,59491810,MSFT,8048,2018-03-09,0.022345
10107,59491810,MSFT,8048,2018-03-12,0.002382
10107,59491810,MSFT,8048,2018-03-13,-0.024388
10107,59491810,MSFT,8048,2018-03-14,-0.005932
10107,59491810,MSFT,8048,2018-03-15,0.003516
10107,59491810,MSFT,8048,2018-03-16,0.004460
10107,59491810,MSFT,8048,2018-03-19,-0.018076
10107,59491810,MSFT,8048,2018-03-20,0.002584
10107,59491810,MSFT,8048,2018-03-21,-0.006979
10107,59491810,MSFT,8048,2018-03-22,-0.029087
10107,59491810,MSFT,8048,2018-03-23,-0.029068
10107,59491810,MSFT,8048,2018-03-26,0.075705
10107,59491810,MSFT,8048,2018-03-27,-0.045959
10107,59491810,MSFT,8048,2018-03-28,-0.000894
10107,59491810,MSFT,8048,2018-03-29,0.021031
10107,59491810,MSFT,8048,2018-04-02,-0.030130
10107,59491810,MSFT,8048,2018-04-03,0.013443
10107,59491810,MSFT,8048,2018-04-04,0.029205
10107,59491810,MSFT,8048,2018-04-05,0.000542
10107,59491810,MSFT,8048,2018-04-06,-0.023273
10107,59491810,MSFT,8048,2018-04-09,0.005985
10107,59491810,MSFT,8048,2018-04-10,0.023246
10107,59491810,MSFT,8048,2018-04-11,-0.010982
10107,59491810,MSFT,8048,2018-04-12,0.018724
10107,59491810,MSFT,8048,2018-04-13,-0.005343
10107,59491810,MSFT,8048,2018-04-16,0.011710
10107,59491810,MSFT,8048,2018-04-17,0.020176
10107,59491810,MSFT,8048,2018-04-18,0.003851
10107,59491810,MSFT,8048,2018-04-19,-0.003422
10107,59491810,MSFT,8048,2018-04-20,-0.011549
10107,59491810,MSFT,8048,2018-04-23,0.003684
10107,59491810,MSFT,8048,2018-04-24,-0.023388
10107,59491810,MSFT,8048,2018-04-25,-0.008698
10107,59491810,MSFT,8048,2018-04-26,0.021124
10107,59491810,MSFT,8048,2018-04-27,0.016550
10107,59491810,MSFT,8048,2018-04-30,-0.024003
10107,59491810,MSFT,8048,2018-05-01,0.015825
10107,59491810,MSFT,8048,2018-05-02,-0.015684
10107,59491810,MSFT,8048,2018-05-03,0.005989
10107,59491810,MSFT,8048,2018-05-04,0.011587
10107,59491810,MSFT,8048,2018-05-07,0.011139
10107,59491810,MSFT,8048,2018-05-08,-0.004261
10107,59491810,MSFT,8048,2018-05-09,0.011794
10107,59491810,MSFT,8048,2018-05-10,0.010006
10107,59491810,MSFT,8048,2018-05-11,-0.002145
10107,59491810,MSFT,8048,2018-05-14,0.003378
10107,59491810,MSFT,8048,2018-05-15,-0.007243
10107,59491810,MSFT,8048,2018-05-16,0.002569
10107,59491810,MSFT,8048,2018-05-17,-0.009985
10107,59491810,MSFT,8048,2018-05-18,0.001871
10107,59491810,MSFT,8048,2018-05-21,0.012868
10107,59491810,MSFT,8048,2018-05-22,-0.001025
10107,59491810,MSFT,8048,2018-05-23,0.011897
10107,59491810,MSFT,8048,2018-05-24,-0.003548
10107,59491810,MSFT,8048,2018-05-25,0.000509
10107,59491810,MSFT,8048,2018-05-29,-0.003558
10107,59491810,MSFT,8048,2018-05-30,0.009591
10107,59491810,MSFT,8048,2018-05-31,-0.001112
10107,59491810,MSFT,8048,2018-06-01,0.019729
10107,59491810,MSFT,8048,2018-06-04,0.008731
10107,59491810,MSFT,8048,2018-06-05,0.005115
10107,59491810,MSFT,8048,2018-06-06,0.002936
10107,59491810,MSFT,8048,2018-06-07,-0.015709
10107,59491810,MSFT,8048,2018-06-08,0.007435
10107,59491810,MSFT,8048,2018-06-11,-0.005707
10107,59491810,MSFT,8048,2018-06-12,0.002573
10107,59491810,MSFT,8048,2018-06-13,-0.004541
10107,59491810,MSFT,8048,2018-06-14,0.005652
10107,59491810,MSFT,8048,2018-06-15,-0.012719
10107,59491810,MSFT,8048,2018-06-18,0.007291
10107,59491810,MSFT,8048,2018-06-19,0.000000
10107,59491810,MSFT,8048,2018-06-20,0.010014
10107,59491810,MSFT,8048,2018-06-21,-0.007166
10107,59491810,MSFT,8048,2018-06-22,-0.007218
10107,59491810,MSFT,8048,2018-06-25,-0.020118
10107,59491810,MSFT,8048,2018-06-26,0.007013
10107,59491810,MSFT,8048,2018-06-27,-0.015543
10107,59491810,MSFT,8048,2018-06-28,0.011175
10107,59491810,MSFT,8048,2018-06-29,-0.000203
10107,59491810,MSFT,8048,2018-07-02,0.014197
10107,59491810,MSFT,8048,2018-07-03,-0.009599
10107,59491810,MSFT,8048,2018-07-05,0.007168
10107,59491810,MSFT,8048,2018-07-06,0.014034
10107,59491810,MSFT,8048,2018-07-09,0.006821
10107,59491810,MSFT,8048,2018-07-10,0.002651
10107,59491810,MSFT,8048,2018-07-11,-0.001371
10107,59491810,MSFT,8048,2018-07-12,0.021671
10107,59491810,MSFT,8048,2018-07-13,0.011901
10107,59491810,MSFT,8048,2018-07-16,-0.004932
10107,59491810,MSFT,8048,2018-07-17,0.009913
10107,59491810,MSFT,8048,2018-07-18,-0.007834
10107,59491810,MSFT,8048,2018-07-19,-0.006849
10107,59491810,MSFT,8048,2018-07-20,0.017912
10107,59491810,MSFT,8048,2018-07-23,0.015997
10107,59491810,MSFT,8048,2018-07-24,-0.002871
10107,59491810,MSFT,8048,2018-07-25,0.029445
10107,59491810,MSFT,8048,2018-07-26,-0.010918
10107,59491810,MSFT,8048,2018-07-27,-0.017698
10107,59491810,MSFT,8048,2018-07-30,-0.021452
10107,59491810,MSFT,8048,2018-07-31,0.006738
10107,59491810,MSFT,8048,2018-08-01,0.001885
10107,59491810,MSFT,8048,2018-08-02,0.012138
10107,59491810,MSFT,8048,2018-08-03,0.004369
10107,59491810,MSFT,8048,2018-08-06,0.000833
10107,59491810,MSFT,8048,2018-08-07,0.006936
10107,59491810,MSFT,8048,2018-08-08,0.005602
10107,59491810,MSFT,8048,2018-08-09,0.001644
10107,59491810,MSFT,8048,2018-08-10,-0.006109
10107,59491810,MSFT,8048,2018-08-13,-0.007248
10107,59491810,MSFT,8048,2018-08-14,0.012476
10107,59491810,MSFT,8048,2018-08-15,-0.013509
10107,59491810,MSFT,8048,2018-08-16,-0.000186
10107,59491810,MSFT,8048,2018-08-17,-0.000557
10107,59491810,MSFT,8048,2018-08-20,-0.006600
10107,59491810,MSFT,8048,2018-08-21,-0.008328
10107,59491810,MSFT,8048,2018-08-22,0.010191
10107,59491810,MSFT,8048,2018-08-23,0.004670
10107,59491810,MSFT,8048,2018-08-24,0.007810
10107,59491810,MSFT,8048,2018-08-27,0.011070
10107,59491810,MSFT,8048,2018-08-28,0.006022
10107,59491810,MSFT,8048,2018-08-29,0.015962
10107,59491810,MSFT,8048,2018-08-30,-0.000625
10107,59491810,MSFT,8048,2018-08-31,0.003394
10107,59491810,MSFT,8048,2018-09-04,-0.005519
10107,59491810,MSFT,8048,2018-09-05,-0.028825
10107,59491810,MSFT,8048,2018-09-06,0.002304
10107,59491810,MSFT,8048,2018-09-07,-0.004874
10107,59491810,MSFT,8048,2018-09-10,0.010812
10107,59491810,MSFT,8048,2018-09-11,0.017005
10107,59491810,MSFT,8048,2018-09-12,0.004225
10107,59491810,MSFT,8048,2018-09-13,0.010742
10107,59491810,MSFT,8048,2018-09-14,0.004074
10107,59491810,MSFT,8048,2018-09-17,-0.010849
10107,59491810,MSFT,8048,2018-09-18,0.009542
10107,59491810,MSFT,8048,2018-09-19,-0.013338
10107,59491810,MSFT,8048,2018-09-20,0.016741
10107,59491810,MSFT,8048,2018-09-21,0.006076
10107,59491810,MSFT,8048,2018-09-24,0.003588
10107,59491810,MSFT,8048,2018-09-25,-0.001919
10107,59491810,MSFT,8048,2018-09-26,-0.004107
10107,59491810,MSFT,8048,2018-09-27,0.003773
10107,59491810,MSFT,8048,2018-09-28,-0.000350
10107,59491810,MSFT,8048,2018-10-01,0.010842
10107,59491810,MSFT,8048,2018-10-02,-0.003979
10107,59491810,MSFT,8048,2018-10-03,0.000174
10107,59491810,MSFT,8048,2018-10-04,-0.020665
10107,59491810,MSFT,8048,2018-10-05,-0.005852
10107,59491810,MSFT,8048,2018-10-08,-0.011415
10107,59491810,MSFT,8048,2018-10-09,0.012720
10107,59491810,MSFT,8048,2018-10-10,-0.054338
10107,59491810,MSFT,8048,2018-10-11,-0.002355
10107,59491810,MSFT,8048,2018-10-12,0.034558
10107,59491810,MSFT,8048,2018-10-15,-0.017979
10107,59491810,MSFT,8048,2018-10-16,0.031599
10107,59491810,MSFT,8048,2018-10-17,-0.002613
10107,59491810,MSFT,8048,2018-10-18,-0.019962
10107,59491810,MSFT,8048,2018-10-19,0.001475
10107,59491810,MSFT,8048,2018-10-22,0.008927
10107,59491810,MSFT,8048,2018-10-23,-0.013956
10107,59491810,MSFT,8048,2018-10-24,-0.053469
10107,59491810,MSFT,8048,2018-10-25,0.058444
10107,59491810,MSFT,8048,2018-10-26,-0.012373
10107,59491810,MSFT,8048,2018-10-29,-0.029076
10107,59491810,MSFT,8048,2018-10-30,-0.001156
10107,59491810,MSFT,8048,2018-10-31,0.029692
10107,59491810,MSFT,8048,2018-11-01,-0.008333
10107,59491810,MSFT,8048,2018-11-02,0.002266
10107,59491810,MSFT,8048,2018-11-05,0.012717
10107,59491810,MSFT,8048,2018-11-06,0.001953
10107,59491810,MSFT,8048,2018-11-07,0.039361
10107,59491810,MSFT,8048,2018-11-08,-0.001876
10107,59491810,MSFT,8048,2018-11-09,-0.019508
10107,59491810,MSFT,8048,2018-11-12,-0.024642
10107,59491810,MSFT,8048,2018-11-13,0.000655
10107,59491810,MSFT,8048,2018-11-14,-0.014120
10107,59491810,MSFT,8048,2018-11-15,0.022006
10107,59491810,MSFT,8048,2018-11-16,0.009415
10107,59491810,MSFT,8048,2018-11-19,-0.033890
10107,59491810,MSFT,8048,2018-11-20,-0.027815
10107,59491810,MSFT,8048,2018-11-21,0.013765
10107,59491810,MSFT,8048,2018-11-23,-0.000388
10107,59491810,MSFT,8048,2018-11-26,0.032987
10107,59491810,MSFT,8048,2018-11-27,0.006293
10107,59491810,MSFT,8048,2018-11-28,0.037148
10107,59491810,MSFT,8048,2018-11-29,-0.008369
10107,59491810,MSFT,8048,2018-11-30,0.006353
10107,59491810,MSFT,8048,2018-12-03,0.010822
10107,59491810,MSFT,8048,2018-12-04,-0.031849
10107,59491810,MSFT,8048,2018-12-06,0.006174
10107,59491810,MSFT,8048,2018-12-07,-0.040022
10107,59491810,MSFT,8048,2018-12-10,0.026426
10107,59491810,MSFT,8048,2018-12-11,0.009295
10107,59491810,MSFT,8048,2018-12-12,0.004512
10107,59491810,MSFT,8048,2018-12-13,0.003392
10107,59491810,MSFT,8048,2018-12-14,-0.031247
10107,59491810,MSFT,8048,2018-12-17,-0.029614
10107,59491810,MSFT,8048,2018-12-18,0.010497
10107,59491810,MSFT,8048,2018-12-19,-0.002693
10107,59491810,MSFT,8048,2018-12-20,-0.021024
10107,59491810,MSFT,8048,2018-12-21,-0.032312
10107,59491810,MSFT,8048,2018-12-24,-0.041739
10107,59491810,MSFT,8048,2018-12-26,0.068310
10107,59491810,MSFT,8048,2018-12-27,0.006165
10107,59491810,MSFT,8048,2018-12-28,-0.007808
10107,59491810,MSFT,8048,2018-12-31,0.011754
10107,59491810,MSFT,8048,2019-01-02,-0.004430
10107,59491810,MSFT,8048,2019-01-03,-0.036788
10107,59491810,MSFT,8048,2019-01-04,0.046509
10107,59491810,MSFT,8048,2019-01-07,0.001275
10107,59491810,MSFT,8048,2019-01-08,0.007251
10107,59491810,MSFT,8048,2019-01-09,0.014300
10107,59491810,MSFT,8048,2019-01-10,-0.006426
10107,59491810,MSFT,8048,2019-01-11,-0.007722
10107,59491810,MSFT,8048,2019-01-14,-0.007296
10107,59491810,MSFT,8048,2019-01-15,0.029005
10107,59491810,MSFT,8048,2019-01-16,0.003523
10107,59491810,MSFT,8048,2019-01-17,0.007022
10107,59491810,MSFT,8048,2019-01-18,0.014983
10107,59491810,MSFT,8048,2019-01-22,-0.018847
10107,59491810,MSFT,8048,2019-01-23,0.009746
10107,59491810,MSFT,8048,2019-01-24,-0.004779
10107,59491810,MSFT,8048,2019-01-25,0.009134
10107,59491810,MSFT,8048,2019-01-28,-0.019502
10107,59491810,MSFT,8048,2019-01-29,-0.020365
10107,59491810,MSFT,8048,2019-01-30,0.033418
10107,59491810,MSFT,8048,2019-01-31,-0.018331
10107,59491810,MSFT,8048,2019-02-01,-0.015800
10107,59491810,MSFT,8048,2019-02-04,0.028799
10107,59491810,MSFT,8048,2019-02-05,0.013997
10107,59491810,MSFT,8048,2019-02-06,-0.011099
10107,59491810,MSFT,8048,2019-02-07,-0.007168
10107,59491810,MSFT,8048,2019-02-08,0.003800
10107,59491810,MSFT,8048,2019-02-11,-0.003975
10107,59491810,MSFT,8048,2019-02-12,0.015582
10107,59491810,MSFT,8048,2019-02-13,-0.000748
10107,59491810,MSFT,8048,2019-02-14,0.000843
10107,59491810,MSFT,8048,2019-02-15,0.012348
10107,59491810,MSFT,8048,2019-02-19,-0.000462
10107,59491810,MSFT,8048,2019-02-20,-0.005177
10107,59491810,MSFT,8048,2019-02-21,0.021092
10107,59491810,MSFT,8048,2019-02-22,0.014258
10107,59491810,MSFT,8048,2019-02-25,0.005587
10107,59491810,MSFT,8048,2019-02-26,0.006900
10107,59491810,MSFT,8048,2019-02-27,-0.001691
10107,59491810,MSFT,8048,2019-02-28,-0.001248
10107,59491810,MSFT,8048,2019-03-01,0.004463
10107,59491810,MSFT,8048,2019-03-04,-0.002399
10107,59491810,MSFT,8048,2019-03-05,-0.004988
10107,59491810,MSFT,8048,2019-03-06,0.000448
10107,59491810,MSFT,8048,2019-03-07,-0.012170
10107,59491810,MSFT,8048,2019-03-08,0.001087
10107,59491810,MSFT,8048,2019-03-11,0.020994
10107,59491810,MSFT,8048,2019-03-12,0.007002
10107,59491810,MSFT,8048,2019-03-13,0.007745
10107,59491810,MSFT,8048,2019-03-14,0.000786
10107,59491810,MSFT,8048,2019-03-15,0.011519
10107,59491810,MSFT,8048,2019-03-18,0.014321
10107,59491810,MSFT,8048,2019-03-19,0.000680
10107,59491810,MSFT,8048,2019-03-20,-0.001105
10107,59491810,MSFT,8048,2019-03-21,0.022975
10107,59491810,MSFT,8048,2019-03-22,-0.026368
10107,59491810,MSFT,8048,2019-03-25,0.005211
10107,59491810,MSFT,8048,2019-03-26,0.002125
10107,59491810,MSFT,8048,2019-03-27,-0.009668
10107,59491810,MSFT,8048,2019-03-28,0.001370
10107,59491810,MSFT,8048,2019-03-29,0.008638
10107,59491810,MSFT,8048,2019-04-01,0.009157
10107,59491810,MSFT,8048,2019-04-02,0.001428
10107,59491810,MSFT,8048,2019-04-03,0.006544
10107,59491810,MSFT,8048,2019-04-04,-0.005085
10107,59491810,MSFT,8048,2019-04-05,0.004440
10107,59491810,MSFT,8048,2019-04-08,0.000334
10107,59491810,MSFT,8048,2019-04-09,-0.005420
10107,59491810,MSFT,8048,2019-04-10,0.007629
10107,59491810,MSFT,8048,2019-04-11,0.001165
10107,59491810,MSFT,8048,2019-04-12,0.005152
10107,59491810,MSFT,8048,2019-04-15,0.000827
10107,59491810,MSFT,8048,2019-04-16,-0.002313
10107,59491810,MSFT,8048,2019-04-17,0.008280
10107,59491810,MSFT,8048,2019-04-18,0.013140
10107,59491810,MSFT,8048,2019-04-22,0.003161
10107,59491810,MSFT,8048,2019-04-23,0.013575
10107,59491810,MSFT,8048,2019-04-24,-0.003428
10107,59491810,MSFT,8048,2019-04-25,0.033117
10107,59491810,MSFT,8048,2019-04-26,0.005730
10107,59491810,MSFT,8048,2019-04-29,-0.000924
10107,59491810,MSFT,8048,2019-04-30,0.006396
10107,59491810,MSFT,8048,2019-05-01,-0.020827
10107,59491810,MSFT,8048,2019-05-02,-0.013059
10107,59491810,MSFT,8048,2019-05-03,0.021314
10107,59491810,MSFT,8048,2019-05-06,-0.005818
10107,59491810,MSFT,8048,2019-05-07,-0.020523
10107,59491810,MSFT,8048,2019-05-08,-0.000080
10107,59491810,MSFT,8048,2019-05-09,-0.000080
10107,59491810,MSFT,8048,2019-05-10,0.012988
10107,59491810,MSFT,8048,2019-05-13,-0.029733
10107,59491810,MSFT,8048,2019-05-14,0.011188
10107,59491810,MSFT,8048,2019-05-15,0.014030
10107,59491810,MSFT,8048,2019-05-16,0.023092
10107,59491810,MSFT,8048,2019-05-17,-0.006670
10107,59491810,MSFT,8048,2019-05-20,-0.014445
10107,59491810,MSFT,8048,2019-05-21,0.005387
10107,59491810,MSFT,8048,2019-05-22,0.006068
10107,59491810,MSFT,8048,2019-05-23,-0.011671
10107,59491810,MSFT,8048,2019-05-24,0.000476
10107,59491810,MSFT,8048,2019-05-28,-0.000634
10107,59491810,MSFT,8048,2019-05-29,-0.009670
10107,59491810,MSFT,8048,2019-05-30,0.006323
10107,59491810,MSFT,8048,2019-05-31,-0.016305
10107,59491810,MSFT,8048,2019-06-03,-0.031048
10107,59491810,MSFT,8048,2019-06-04,0.027704
10107,59491810,MSFT,8048,2019-06-05,0.021679
10107,59491810,MSFT,8048,2019-06-06,0.015815
10107,59491810,MSFT,8048,2019-06-07,0.028008
10107,59491810,MSFT,8048,2019-06-10,0.009132
10107,59491810,MSFT,8048,2019-06-11,-0.003771
10107,59491810,MSFT,8048,2019-06-12,-0.004618
10107,59491810,MSFT,8048,2019-06-13,0.006312
10107,59491810,MSFT,8048,2019-06-14,0.000982
10107,59491810,MSFT,8048,2019-06-17,0.003020
10107,59491810,MSFT,8048,2019-06-18,0.017388
10107,59491810,MSFT,8048,2019-06-19,0.003921
10107,59491810,MSFT,8048,2019-06-20,0.009286
10107,59491810,MSFT,8048,2019-06-21,0.000146
10107,59491810,MSFT,8048,2019-06-24,0.005914
10107,59491810,MSFT,8048,2019-06-25,-0.031572
10107,59491810,MSFT,8048,2019-06-26,0.003747
10107,59491810,MSFT,8048,2019-06-27,0.001643
10107,59491810,MSFT,8048,2019-06-28,-0.001416
10107,59491810,MSFT,8048,2019-07-01,0.012840
10107,59491810,MSFT,8048,2019-07-02,0.006633
10107,59491810,MSFT,8048,2019-07-03,0.006443
10107,59491810,MSFT,8048,2019-07-05,-0.002910
10107,59491810,MSFT,8048,2019-07-08,-0.000730
10107,59491810,MSFT,8048,2019-07-09,-0.003651
10107,59491810,MSFT,8048,2019-07-10,0.010186
10107,59491810,MSFT,8048,2019-07-11,0.003990
10107,59491810,MSFT,8048,2019-07-12,0.003613
10107,59491810,MSFT,8048,2019-07-15,0.000000
10107,59491810,MSFT,8048,2019-07-16,-0.013103
10107,59491810,MSFT,8048,2019-07-17,-0.005909
10107,59491810,MSFT,8048,2019-07-18,0.001101
10107,59491810,MSFT,8048,2019-07-19,0.001466
10107,59491810,MSFT,8048,2019-07-22,0.013248
10107,59491810,MSFT,8048,2019-07-23,0.006213
10107,59491810,MSFT,8048,2019-07-24,0.010266
10107,59491810,MSFT,8048,2019-07-25,-0.003766
10107,59491810,MSFT,8048,2019-07-26,0.008203
10107,59491810,MSFT,8048,2019-07-29,-0.002193
10107,59491810,MSFT,8048,2019-07-30,-0.004822
10107,59491810,MSFT,8048,2019-07-31,-0.029070
10107,59491810,MSFT,8048,2019-08-01,0.013136
10107,59491810,MSFT,8048,2019-08-02,-0.008402
10107,59491810,MSFT,8048,2019-08-05,-0.034259
10107,59491810,MSFT,8048,2019-08-06,0.018758
10107,59491810,MSFT,8048,2019-08-07,0.004380
10107,59491810,MSFT,8048,2019-08-08,0.026685
10107,59491810,MSFT,8048,2019-08-09,-0.008496
10107,59491810,MSFT,8048,2019-08-12,-0.013942
10107,59491810,MSFT,8048,2019-08-13,0.020694
10107,59491810,MSFT,8048,2019-08-14,-0.030014
10107,59491810,MSFT,8048,2019-08-15,-0.002239
10107,59491810,MSFT,8048,2019-08-16,0.018327
10107,59491810,MSFT,8048,2019-08-19,0.016749
10107,59491810,MSFT,8048,2019-08-20,-0.008309
10107,59491810,MSFT,8048,2019-08-21,0.011147
10107,59491810,MSFT,8048,2019-08-22,-0.007277
10107,59491810,MSFT,8048,2019-08-23,-0.031862
10107,59491810,MSFT,8048,2019-08-26,0.015443
10107,59491810,MSFT,8048,2019-08-27,0.002141
10107,59491810,MSFT,8048,2019-08-28,-0.001326
10107,59491810,MSFT,8048,2019-08-29,0.018885
10107,59491810,MSFT,8048,2019-08-30,-0.001882
10107,59491810,MSFT,8048,2019-09-03,-0.013202
10107,59491810,MSFT,8048,2019-09-04,0.011688
10107,59491810,MSFT,8048,2019-09-05,0.017583
10107,59491810,MSFT,8048,2019-09-06,-0.006783
10107,59491810,MSFT,8048,2019-09-09,-0.011359
10107,59491810,MSFT,8048,2019-09-10,-0.010471
10107,59491810,MSFT,8048,2019-09-11,0.000294
10107,59491810,MSFT,8048,2019-09-12,0.010285
10107,59491810,MSFT,8048,2019-09-13,-0.001454
10107,59491810,MSFT,8048,2019-09-16,-0.007209
10107,59491810,MSFT,8048,2019-09-17,0.007775
10107,59491810,MSFT,8048,2019-09-18,0.008225
10107,59491810,MSFT,8048,2019-09-19,0.018409
10107,59491810,MSFT,8048,2019-09-20,-0.011555
10107,59491810,MSFT,8048,2019-09-23,-0.002151
10107,59491810,MSFT,8048,2019-09-24,-0.012649
10107,59491810,MSFT,8048,2019-09-25,0.014413
10107,59491810,MSFT,8048,2019-09-26,0.001292
10107,59491810,MSFT,8048,2019-09-27,-0.012971
10107,59491810,MSFT,8048,2019-09-30,0.009439
10107,59491810,MSFT,8048,2019-10-01,-0.014098
10107,59491810,MSFT,8048,2019-10-02,-0.017655
10107,59491810,MSFT,8048,2019-10-03,0.012105
10107,59491810,MSFT,8048,2019-10-04,0.013502
10107,59491810,MSFT,8048,2019-10-07,-0.007240
10107,59491810,MSFT,8048,2019-10-08,-0.010575
10107,59491810,MSFT,8048,2019-10-09,0.018943
10107,59491810,MSFT,8048,2019-10-10,0.006221
10107,59491810,MSFT,8048,2019-10-11,0.004170
10107,59491810,MSFT,8048,2019-10-14,-0.000931
10107,59491810,MSFT,8048,2019-10-15,0.014511
10107,59491810,MSFT,8048,2019-10-16,-0.008229
10107,59491810,MSFT,8048,2019-10-17,-0.005128
10107,59491810,MSFT,8048,2019-10-18,-0.016322
10107,59491810,MSFT,8048,2019-10-21,0.007423
10107,59491810,MSFT,8048,2019-10-22,-0.014881
10107,59491810,MSFT,8048,2019-10-23,0.006380
10107,59491810,MSFT,8048,2019-10-24,0.019674
10107,59491810,MSFT,8048,2019-10-25,0.005645
10107,59491810,MSFT,8048,2019-10-28,0.024586
10107,59491810,MSFT,8048,2019-10-29,-0.009432
10107,59491810,MSFT,8048,2019-10-30,0.012462
10107,59491810,MSFT,8048,2019-10-31,-0.008575
10107,59491810,MSFT,8048,2019-11-01,0.002441
10107,59491810,MSFT,8048,2019-11-04,0.005775
10107,59491810,MSFT,8048,2019-11-05,-0.000623
10107,59491810,MSFT,8048,2019-11-06,-0.002769
10107,59491810,MSFT,8048,2019-11-07,0.001388
10107,59491810,MSFT,8048,2019-11-08,0.011784
10107,59491810,MSFT,8048,2019-11-11,0.001028
10107,59491810,MSFT,8048,2019-11-12,0.006570
10107,59491810,MSFT,8048,2019-11-13,0.001632
10107,59491810,MSFT,8048,2019-11-14,0.005091
10107,59491810,MSFT,8048,2019-11-15,0.012900
10107,59491810,MSFT,8048,2019-11-18,0.002467
10107,59491810,MSFT,8048,2019-11-19,0.000333
10107,59491810,MSFT,8048,2019-11-20,-0.001729
10107,59491810,MSFT,8048,2019-11-21,-0.000936
10107,59491810,MSFT,8048,2019-11-22,0.000736
10107,59491810,MSFT,8048,2019-11-25,0.010963
10107,59491810,MSFT,8048,2019-11-26,0.005290
10107,59491810,MSFT,8048,2019-11-27,0.001908
10107,59491810,MSFT,8048,2019-11-29,-0.006171
10107,59491810,MSFT,8048,2019-12-02,-0.012089
10107,59491810,MSFT,8048,2019-12-03,-0.001605
10107,59491810,MSFT,8048,2019-12-04,0.003617
10107,59491810,MSFT,8048,2019-12-05,0.000534
10107,59491810,MSFT,8048,2019-12-06,0.012139
10107,59491810,MSFT,8048,2019-12-09,-0.002570
10107,59491810,MSFT,8048,2019-12-10,-0.001520
10107,59491810,MSFT,8048,2019-12-11,0.003772
10107,59491810,MSFT,8048,2019-12-12,0.010152
10107,59491810,MSFT,8048,2019-12-13,0.008418
10107,59491810,MSFT,8048,2019-12-16,0.006471
10107,59491810,MSFT,8048,2019-12-17,-0.005401
10107,59491810,MSFT,8048,2019-12-18,-0.002069
10107,59491810,MSFT,8048,2019-12-19,0.008680
10107,59491810,MSFT,8048,2019-12-20,0.010918
10107,59491810,MSFT,8048,2019-12-23,0.000000
10107,59491810,MSFT,8048,2019-12-24,-0.000191
10107,59491810,MSFT,8048,2019-12-26,0.008197
10107,59491810,MSFT,8048,2019-12-27,0.001828
10107,59491810,MSFT,8048,2019-12-30,-0.008619
10107,59491810,MSFT,8048,2019-12-31,0.000698
10107,59491810,MSFT,8048,2020-01-02,0.018516
10107,59491810,MSFT,8048,2020-01-03,-0.012452
10107,59491810,MSFT,8048,2020-01-06,0.002585
10107,59491810,MSFT,8048,2020-01-07,-0.009118
10107,59491810,MSFT,8048,2020-01-08,0.015928
10107,59491810,MSFT,8048,2020-01-09,0.012493
10107,59491810,MSFT,8048,2020-01-10,-0.004627
10107,59491810,MSFT,8048,2020-01-13,0.012024
10107,59491810,MSFT,8048,2020-01-14,-0.007043
10107,59491810,MSFT,8048,2020-01-15,0.006476
10107,59491810,MSFT,8048,2020-01-16,0.018323
10107,59491810,MSFT,8048,2020-01-17,0.005597
10107,59491810,MSFT,8048,2020-01-21,-0.003591
10107,59491810,MSFT,8048,2020-01-22,-0.004805
10107,59491810,MSFT,8048,2020-01-23,0.006156
10107,59491810,MSFT,8048,2020-01-24,-0.010077
10107,59491810,MSFT,8048,2020-01-27,-0.016723
10107,59491810,MSFT,8048,2020-01-28,0.019596
10107,59491810,MSFT,8048,2020-01-29,0.015593
10107,59491810,MSFT,8048,2020-01-30,0.028208
10107,59491810,MSFT,8048,2020-01-31,-0.014759
10107,59491810,MSFT,8048,2020-02-03,0.024379
10107,59491810,MSFT,8048,2020-02-04,0.032917
10107,59491810,MSFT,8048,2020-02-05,-0.001221
10107,59491810,MSFT,8048,2020-02-06,0.020734
10107,59491810,MSFT,8048,2020-02-07,0.001416
10107,59491810,MSFT,8048,2020-02-10,0.026157
10107,59491810,MSFT,8048,2020-02-11,-0.022576
10107,59491810,MSFT,8048,2020-02-12,0.001464
10107,59491810,MSFT,8048,2020-02-13,-0.005414
10107,59491810,MSFT,8048,2020-02-14,0.008927
10107,59491810,MSFT,8048,2020-02-18,0.010143
10107,59491810,MSFT,8048,2020-02-19,0.002991
10107,59491810,MSFT,8048,2020-02-20,-0.015271
10107,59491810,MSFT,8048,2020-02-21,-0.031613
10107,59491810,MSFT,8048,2020-02-24,-0.043116
10107,59491810,MSFT,8048,2020-02-25,-0.016502
10107,59491810,MSFT,8048,2020-02-26,0.012495
10107,59491810,MSFT,8048,2020-02-27,-0.070459
10107,59491810,MSFT,8048,2020-02-28,0.024213
10107,59491810,MSFT,8048,2020-03-02,0.066539
10107,59491810,MSFT,8048,2020-03-03,-0.047919
10107,59491810,MSFT,8048,2020-03-04,0.036715
10107,59491810,MSFT,8048,2020-03-05,-0.025095
10107,59491810,MSFT,8048,2020-03-06,-0.028267
10107,59491810,MSFT,8048,2020-03-09,-0.067772
10107,59491810,MSFT,8048,2020-03-10,0.068384
10107,59491810,MSFT,8048,2020-03-11,-0.045302
10107,59491810,MSFT,8048,2020-03-12,-0.094838
10107,59491810,MSFT,8048,2020-03-13,0.142169
10107,59491810,MSFT,8048,2020-03-16,-0.147390
10107,59491810,MSFT,8048,2020-03-17,0.082336
10107,59491810,MSFT,8048,2020-03-18,-0.042096
10107,59491810,MSFT,8048,2020-03-19,0.016453
10107,59491810,MSFT,8048,2020-03-20,-0.037559
10107,59491810,MSFT,8048,2020-03-23,-0.009975
10107,59491810,MSFT,8048,2020-03-24,0.090896
10107,59491810,MSFT,8048,2020-03-25,-0.009573
10107,59491810,MSFT,8048,2020-03-26,0.062551
10107,59491810,MSFT,8048,2020-03-27,-0.041061
10107,59491810,MSFT,8048,2020-03-30,0.070341
10107,59491810,MSFT,8048,2020-03-31,-0.015727
10107,59491810,MSFT,8048,2020-04-01,-0.035508
10107,59491810,MSFT,8048,2020-04-02,0.020709
10107,59491810,MSFT,8048,2020-04-03,-0.009210
10107,59491810,MSFT,8048,2020-04-06,0.074368
10107,59491810,MSFT,8048,2020-04-07,-0.010770
10107,59491810,MSFT,8048,2020-04-08,0.010031
10107,59491810,MSFT,8048,2020-04-09,0.000061
10107,59491810,MSFT,8048,2020-04-13,0.002241
10107,59491810,MSFT,8048,2020-04-14,0.049483
10107,59491810,MSFT,8048,2020-04-15,-0.010478
10107,59491810,MSFT,8048,2020-04-16,0.030021
10107,59491810,MSFT,8048,2020-04-17,0.008812
10107,59491810,MSFT,8048,2020-04-20,-0.019821
10107,59491810,MSFT,8048,2020-04-21,-0.041357
10107,59491810,MSFT,8048,2020-04-22,0.033965
10107,59491810,MSFT,8048,2020-04-23,-0.012102
10107,59491810,MSFT,8048,2020-04-24,0.018259
10107,59491810,MSFT,8048,2020-04-27,-0.002865
10107,59491810,MSFT,8048,2020-04-28,-0.024361
10107,59491810,MSFT,8048,2020-04-29,0.044874
10107,59491810,MSFT,8048,2020-04-30,0.010032
10107,59491810,MSFT,8048,2020-05-01,-0.025891
10107,59491810,MSFT,8048,2020-05-04,0.024460
10107,59491810,MSFT,8048,2020-05-05,0.010736
10107,59491810,MSFT,8048,2020-05-06,0.009847
10107,59491810,MSFT,8048,2020-05-07,0.005807
10107,59491810,MSFT,8048,2020-05-08,0.005882
10107,59491810,MSFT,8048,2020-05-11,0.011154
10107,59491810,MSFT,8048,2020-05-12,-0.022652
10107,59491810,MSFT,8048,2020-05-13,-0.015122
10107,59491810,MSFT,8048,2020-05-14,0.004339
10107,59491810,MSFT,8048,2020-05-15,0.014568
10107,59491810,MSFT,8048,2020-05-18,0.009554
10107,59491810,MSFT,8048,2020-05-19,-0.006922
10107,59491810,MSFT,8048,2020-05-20,0.013832
10107,59491810,MSFT,8048,2020-05-21,-0.012011
10107,59491810,MSFT,8048,2020-05-22,0.000436
10107,59491810,MSFT,8048,2020-05-26,-0.010572
10107,59491810,MSFT,8048,2020-05-27,0.001322
10107,59491810,MSFT,8048,2020-05-28,-0.002255
10107,59491810,MSFT,8048,2020-05-29,0.010198
10107,59491810,MSFT,8048,2020-06-01,-0.002292
10107,59491810,MSFT,8048,2020-06-02,0.011377
10107,59491810,MSFT,8048,2020-06-03,0.002434
10107,59491810,MSFT,8048,2020-06-04,-0.013164
10107,59491810,MSFT,8048,2020-06-05,0.023398
10107,59491810,MSFT,8048,2020-06-08,0.006197
10107,59491810,MSFT,8048,2020-06-09,0.007645
10107,59491810,MSFT,8048,2020-06-10,0.037092
10107,59491810,MSFT,8048,2020-06-11,-0.053698
10107,59491810,MSFT,8048,2020-06-12,0.007892
10107,59491810,MSFT,8048,2020-06-15,0.006392
10107,59491810,MSFT,8048,2020-06-16,0.024505
10107,59491810,MSFT,8048,2020-06-17,0.003461
10107,59491810,MSFT,8048,2020-06-18,0.010708
10107,59491810,MSFT,8048,2020-06-19,-0.005960
10107,59491810,MSFT,8048,2020-06-22,0.027774
10107,59491810,MSFT,8048,2020-06-23,0.006681
10107,59491810,MSFT,8048,2020-06-24,-0.020157
10107,59491810,MSFT,8048,2020-06-25,0.012636
10107,59491810,MSFT,8048,2020-06-26,-0.020016
10107,59491810,MSFT,8048,2020-06-29,0.010747
10107,59491810,MSFT,8048,2020-06-30,0.025549
10107,59491810,MSFT,8048,2020-07-01,0.005847
10107,59491810,MSFT,8048,2020-07-02,0.007621
10107,59491810,MSFT,8048,2020-07-06,0.021526
10107,59491810,MSFT,8048,2020-07-07,-0.011628
10107,59491810,MSFT,8048,2020-07-08,0.021993
10107,59491810,MSFT,8048,2020-07-09,0.007001
10107,59491810,MSFT,8048,2020-07-10,-0.003033
10107,59491810,MSFT,8048,2020-07-13,-0.030889
10107,59491810,MSFT,8048,2020-07-14,0.006181
10107,59491810,MSFT,8048,2020-07-15,-0.001488
10107,59491810,MSFT,8048,2020-07-16,-0.019804
10107,59491810,MSFT,8048,2020-07-17,-0.005100
10107,59491810,MSFT,8048,2020-07-20,0.042981
10107,59491810,MSFT,8048,2020-07-21,-0.013469
10107,59491810,MSFT,8048,2020-07-22,0.014371
10107,59491810,MSFT,8048,2020-07-23,-0.043495
10107,59491810,MSFT,8048,2020-07-24,-0.006122
10107,59491810,MSFT,8048,2020-07-27,0.012668
10107,59491810,MSFT,8048,2020-07-28,-0.008977
10107,59491810,MSFT,8048,2020-07-29,0.010098
10107,59491810,MSFT,8048,2020-07-30,-0.000784
10107,59491810,MSFT,8048,2020-07-31,0.005444
10107,59491810,MSFT,8048,2020-08-03,0.056241
10107,59491810,MSFT,8048,2020-08-04,-0.015009
10107,59491810,MSFT,8048,2020-08-05,-0.001641
10107,59491810,MSFT,8048,2020-08-06,0.016014
10107,59491810,MSFT,8048,2020-08-07,-0.017888
10107,59491810,MSFT,8048,2020-08-10,-0.019908
10107,59491810,MSFT,8048,2020-08-11,-0.023385
10107,59491810,MSFT,8048,2020-08-12,0.028567
10107,59491810,MSFT,8048,2020-08-13,-0.002342
10107,59491810,MSFT,8048,2020-08-14,0.000958
10107,59491810,MSFT,8048,2020-08-17,0.006606
10107,59491810,MSFT,8048,2020-08-18,0.005754
10107,59491810,MSFT,8048,2020-08-19,-0.006052
10107,59491810,MSFT,8048,2020-08-20,0.023271
10107,59491810,MSFT,8048,2020-08-21,-0.007270
10107,59491810,MSFT,8048,2020-08-24,0.003145
10107,59491810,MSFT,8048,2020-08-25,0.013009
10107,59491810,MSFT,8048,2020-08-26,0.021620
10107,59491810,MSFT,8048,2020-08-27,0.024553
10107,59491810,MSFT,8048,2020-08-28,0.010283
10107,59491810,MSFT,8048,2020-08-31,-0.014766
10107,59491810,MSFT,8048,2020-09-01,0.007715
10107,59491810,MSFT,8048,2020-09-02,0.019272
10107,59491810,MSFT,8048,2020-09-03,-0.061947
10107,59491810,MSFT,8048,2020-09-04,-0.014036
10107,59491810,MSFT,8048,2020-09-08,-0.054096
10107,59491810,MSFT,8048,2020-09-09,0.042584
10107,59491810,MSFT,8048,2020-09-10,-0.028018
10107,59491810,MSFT,8048,2020-09-11,-0.006525
10107,59491810,MSFT,8048,2020-09-14,0.006764
10107,59491810,MSFT,8048,2020-09-15,0.016406
10107,59491810,MSFT,8048,2020-09-16,-0.017866
10107,59491810,MSFT,8048,2020-09-17,-0.010436
10107,59491810,MSFT,8048,2020-09-18,-0.012419
10107,59491810,MSFT,8048,2020-09-21,0.010729
10107,59491810,MSFT,8048,2020-09-22,0.024094
10107,59491810,MSFT,8048,2020-09-23,-0.032928
10107,59491810,MSFT,8048,2020-09-24,0.012962
10107,59491810,MSFT,8048,2020-09-25,0.022787
10107,59491810,MSFT,8048,2020-09-28,0.007795
10107,59491810,MSFT,8048,2020-09-29,-0.010409
10107,59491810,MSFT,8048,2020-09-30,0.014812
10107,59491810,MSFT,8048,2020-10-01,0.010127
10107,59491810,MSFT,8048,2020-10-02,-0.029511
10107,59491810,MSFT,8048,2020-10-05,0.020321
10107,59491810,MSFT,8048,2020-10-06,-0.021247
10107,59491810,MSFT,8048,2020-10-07,0.019037
10107,59491810,MSFT,8048,2020-10-08,0.003574
10107,59491810,MSFT,8048,2020-10-09,0.024836
10107,59491810,MSFT,8048,2020-10-12,0.025902
10107,59491810,MSFT,8048,2020-10-13,0.006594
10107,59491810,MSFT,8048,2020-10-14,-0.008974
10107,59491810,MSFT,8048,2020-10-15,-0.005433
10107,59491810,MSFT,8048,2020-10-16,0.000000
10107,59491810,MSFT,8048,2020-10-19,-0.024766
10107,59491810,MSFT,8048,2020-10-20,0.002007
10107,59491810,MSFT,8048,2020-10-21,0.000699
10107,59491810,MSFT,8048,2020-10-22,0.000419
10107,59491810,MSFT,8048,2020-10-23,0.006236
10107,59491810,MSFT,8048,2020-10-26,-0.028442
10107,59491810,MSFT,8048,2020-10-27,0.015089
10107,59491810,MSFT,8048,2020-10-28,-0.049566
10107,59491810,MSFT,8048,2020-10-29,0.010065
10107,59491810,MSFT,8048,2020-10-30,-0.010991
10107,59491810,MSFT,8048,2020-11-02,-0.000691
10107,59491810,MSFT,8048,2020-11-03,0.020264
10107,59491810,MSFT,8048,2020-11-04,0.048249
10107,59491810,MSFT,8048,2020-11-05,0.031887
10107,59491810,MSFT,8048,2020-11-06,0.001926
10107,59491810,MSFT,8048,2020-11-09,-0.023824
10107,59491810,MSFT,8048,2020-11-10,-0.033793
10107,59491810,MSFT,8048,2020-11-11,0.026255
10107,59491810,MSFT,8048,2020-11-12,-0.005126
10107,59491810,MSFT,8048,2020-11-13,0.004967
10107,59491810,MSFT,8048,2020-11-16,0.003325
10107,59491810,MSFT,8048,2020-11-17,-0.012751
10107,59491810,MSFT,8048,2020-11-18,-0.013149
10107,59491810,MSFT,8048,2020-11-19,0.006348
10107,59491810,MSFT,8048,2020-11-20,-0.009557
10107,59491810,MSFT,8048,2020-11-23,-0.001331
10107,59491810,MSFT,8048,2020-11-24,0.017848
10107,59491810,MSFT,8048,2020-11-25,0.000047
10107,59491810,MSFT,8048,2020-11-27,0.006359
10107,59491810,MSFT,8048,2020-11-30,-0.005390
10107,59491810,MSFT,8048,2020-12-01,0.009997
10107,59491810,MSFT,8048,2020-12-02,-0.003885
10107,59491810,MSFT,8048,2020-12-03,-0.005247
10107,59491810,MSFT,8048,2020-12-04,0.000560
10107,59491810,MSFT,8048,2020-12-07,-0.000327
10107,59491810,MSFT,8048,2020-12-08,0.008027
10107,59491810,MSFT,8048,2020-12-09,-0.019490
10107,59491810,MSFT,8048,2020-12-10,-0.006043
10107,59491810,MSFT,8048,2020-12-11,0.013015
10107,59491810,MSFT,8048,2020-12-14,0.004408
10107,59491810,MSFT,8048,2020-12-15,-0.000327
10107,59491810,MSFT,8048,2020-12-16,0.024051
10107,59491810,MSFT,8048,2020-12-17,0.000638
10107,59491810,MSFT,8048,2020-12-18,-0.003783
10107,59491810,MSFT,8048,2020-12-21,0.018299
10107,59491810,MSFT,8048,2020-12-22,0.006065
10107,59491810,MSFT,8048,2020-12-23,-0.013039
10107,59491810,MSFT,8048,2020-12-24,0.007827
10107,59491810,MSFT,8048,2020-12-28,0.009921
10107,59491810,MSFT,8048,2020-12-29,-0.003601
10107,59491810,MSFT,8048,2020-12-30,-0.011019
10107,59491810,MSFT,8048,2020-12-31,0.003338
10107,59491810,MSFT,8048,2021-01-04,-0.021266
10107,59491810,MSFT,8048,2021-01-05,0.000965
10107,59491810,MSFT,8048,2021-01-06,-0.025929
10107,59491810,MSFT,8048,2021-01-07,0.028457
10107,59491810,MSFT,8048,2021-01-08,0.006093
10107,59491810,MSFT,8048,2021-01-11,-0.009699
10107,59491810,MSFT,8048,2021-01-12,-0.011771
10107,59491810,MSFT,8048,2021-01-13,0.006560
10107,59491810,MSFT,8048,2021-01-14,-0.015346
10107,59491810,MSFT,8048,2021-01-15,-0.001737
10107,59491810,MSFT,8048,2021-01-19,0.017823
10107,59491810,MSFT,8048,2021-01-20,0.036500
10107,59491810,MSFT,8048,2021-01-21,0.002808
10107,59491810,MSFT,8048,2021-01-22,0.004356
10107,59491810,MSFT,8048,2021-01-25,0.015844
10107,59491810,MSFT,8048,2021-01-26,0.012199
10107,59491810,MSFT,8048,2021-01-27,0.002453
10107,59491810,MSFT,8048,2021-01-28,0.025891
10107,59491810,MSFT,8048,2021-01-29,-0.029172
10107,59491810,MSFT,8048,2021-02-01,0.033152
10107,59491810,MSFT,8048,2021-02-02,-0.000584
10107,59491810,MSFT,8048,2021-02-03,0.014571
10107,59491810,MSFT,8048,2021-02-04,-0.004074
10107,59491810,MSFT,8048,2021-02-05,0.000785
10107,59491810,MSFT,8048,2021-02-08,0.001115
10107,59491810,MSFT,8048,2021-02-09,0.005361
10107,59491810,MSFT,8048,2021-02-10,-0.003897
10107,59491810,MSFT,8048,2021-02-11,0.006878
10107,59491810,MSFT,8048,2021-02-12,0.002045
10107,59491810,MSFT,8048,2021-02-16,-0.005266
10107,59491810,MSFT,8048,2021-02-17,0.004350
10107,59491810,MSFT,8048,2021-02-18,-0.001679
10107,59491810,MSFT,8048,2021-02-19,-0.011567
10107,59491810,MSFT,8048,2021-02-22,-0.026808
10107,59491810,MSFT,8048,2021-02-23,-0.005288
10107,59491810,MSFT,8048,2021-02-24,0.005487
10107,59491810,MSFT,8048,2021-02-25,-0.023705
10107,59491810,MSFT,8048,2021-02-26,0.014804
10107,59491810,MSFT,8048,2021-03-01,0.019623
10107,59491810,MSFT,8048,2021-03-02,-0.012957
10107,59491810,MSFT,8048,2021-03-03,-0.026981
10107,59491810,MSFT,8048,2021-03-04,-0.003647
10107,59491810,MSFT,8048,2021-03-05,0.021479
10107,59491810,MSFT,8048,2021-03-08,-0.018178
10107,59491810,MSFT,8048,2021-03-09,0.028101
10107,59491810,MSFT,8048,2021-03-10,-0.005817
10107,59491810,MSFT,8048,2021-03-11,0.020265
10107,59491810,MSFT,8048,2021-03-12,-0.005820
10107,59491810,MSFT,8048,2021-03-15,-0.003987
10107,59491810,MSFT,8048,2021-03-16,0.012350
10107,59491810,MSFT,8048,2021-03-17,-0.002819
10107,59491810,MSFT,8048,2021-03-18,-0.026662
10107,59491810,MSFT,8048,2021-03-19,-0.001604
10107,59491810,MSFT,8048,2021-03-22,0.024484
10107,59491810,MSFT,8048,2021-03-23,0.006738
10107,59491810,MSFT,8048,2021-03-24,-0.008923
10107,59491810,MSFT,8048,2021-03-25,-0.013251
10107,59491810,MSFT,8048,2021-03-26,0.017819
10107,59491810,MSFT,8048,2021-03-29,-0.005244
10107,59491810,MSFT,8048,2021-03-30,-0.014411
10107,59491810,MSFT,8048,2021-03-31,0.016907
10107,59491810,MSFT,8048,2021-04-01,0.027909
10107,59491810,MSFT,8048,2021-04-05,0.027728
10107,59491810,MSFT,8048,2021-04-06,-0.004858
10107,59491810,MSFT,8048,2021-04-07,0.008230
10107,59491810,MSFT,8048,2021-04-08,0.013405
10107,59491810,MSFT,8048,2021-04-09,0.010267
10107,59491810,MSFT,8048,2021-04-12,0.000235
10107,59491810,MSFT,8048,2021-04-13,0.010082
10107,59491810,MSFT,8048,2021-04-14,-0.011219
10107,59491810,MSFT,8048,2021-04-15,0.015298
10107,59491810,MSFT,8048,2021-04-16,0.004778
10107,59491810,MSFT,8048,2021-04-19,-0.007670
10107,59491810,MSFT,8048,2021-04-20,-0.001855
10107,59491810,MSFT,8048,2021-04-21,0.008983
10107,59491810,MSFT,8048,2021-04-22,-0.013086
10107,59491810,MSFT,8048,2021-04-23,0.015476
10107,59491810,MSFT,8048,2021-04-26,0.001532
10107,59491810,MSFT,8048,2021-04-27,0.001606
10107,59491810,MSFT,8048,2021-04-28,-0.028286
10107,59491810,MSFT,8048,2021-04-29,-0.008053
10107,59491810,MSFT,8048,2021-04-30,-0.001307
10107,59491810,MSFT,8048,2021-05-03,-0.001269
10107,59491810,MSFT,8048,2021-05-04,-0.016160
10107,59491810,MSFT,8048,2021-05-05,-0.005327
10107,59491810,MSFT,8048,2021-05-06,0.013227
10107,59491810,MSFT,8048,2021-05-07,0.010932
10107,59491810,MSFT,8048,2021-05-10,-0.020914
10107,59491810,MSFT,8048,2021-05-11,-0.003843
10107,59491810,MSFT,8048,2021-05-12,-0.029363
10107,59491810,MSFT,8048,2021-05-13,0.016862
10107,59491810,MSFT,8048,2021-05-14,0.021067
10107,59491810,MSFT,8048,2021-05-17,-0.011969
10107,59491810,MSFT,8048,2021-05-18,-0.008565
10107,59491810,MSFT,8048,2021-05-19,0.002468
10107,59491810,MSFT,8048,2021-05-20,0.013820
10107,59491810,MSFT,8048,2021-05-21,-0.005315
10107,59491810,MSFT,8048,2021-05-24,0.022882
10107,59491810,MSFT,8048,2021-05-25,0.003748
10107,59491810,MSFT,8048,2021-05-26,-0.000914
10107,59491810,MSFT,8048,2021-05-27,-0.008668
10107,59491810,MSFT,8048,2021-05-28,0.001484
10107,59491810,MSFT,8048,2021-06-01,-0.009132
10107,59491810,MSFT,8048,2021-06-02,-0.000404
10107,59491810,MSFT,8048,2021-06-03,-0.006429
10107,59491810,MSFT,8048,2021-06-04,0.020675
10107,59491810,MSFT,8048,2021-06-07,0.012042
10107,59491810,MSFT,8048,2021-06-08,-0.004886
10107,59491810,MSFT,8048,2021-06-09,0.004038
10107,59491810,MSFT,8048,2021-06-10,0.014393
10107,59491810,MSFT,8048,2021-06-11,0.002527
10107,59491810,MSFT,8048,2021-06-14,0.007755
10107,59491810,MSFT,8048,2021-06-15,-0.005887
10107,59491810,MSFT,8048,2021-06-16,-0.003793
10107,59491810,MSFT,8048,2021-06-17,0.013676
10107,59491810,MSFT,8048,2021-06-18,-0.005634
10107,59491810,MSFT,8048,2021-06-21,0.012335
10107,59491810,MSFT,8048,2021-06-22,0.010966
10107,59491810,MSFT,8048,2021-06-23,-0.000885
10107,59491810,MSFT,8048,2021-06-24,0.005334
10107,59491810,MSFT,8048,2021-06-25,-0.006262
10107,59491810,MSFT,8048,2021-06-28,0.013961
10107,59491810,MSFT,8048,2021-06-29,0.009973
10107,59491810,MSFT,8048,2021-06-30,-0.001842
10107,59491810,MSFT,8048,2021-07-01,0.002584
10107,59491810,MSFT,8048,2021-07-02,0.022275
10107,59491810,MSFT,8048,2021-07-06,0.000036
10107,59491810,MSFT,8048,2021-07-07,0.008175
10107,59491810,MSFT,8048,2021-07-08,-0.008967
10107,59491810,MSFT,8048,2021-07-09,0.001874
10107,59491810,MSFT,8048,2021-07-12,-0.002231
10107,59491810,MSFT,8048,2021-07-13,0.013198
10107,59491810,MSFT,8048,2021-07-14,0.005445
10107,59491810,MSFT,8048,2021-07-15,-0.005239
10107,59491810,MSFT,8048,2021-07-16,-0.000996
10107,59491810,MSFT,8048,2021-07-19,-0.013321
10107,59491810,MSFT,8048,2021-07-20,0.008339
10107,59491810,MSFT,8048,2021-07-21,0.007447
10107,59491810,MSFT,8048,2021-07-22,0.016844
10107,59491810,MSFT,8048,2021-07-23,0.012337
10107,59491810,MSFT,8048,2021-07-26,-0.002140
10107,59491810,MSFT,8048,2021-07-27,-0.008684
10107,59491810,MSFT,8048,2021-07-28,-0.001117
10107,59491810,MSFT,8048,2021-07-29,0.000978
10107,59491810,MSFT,8048,2021-07-30,-0.005550
10107,59491810,MSFT,8048,2021-08-02,-0.000316
10107,59491810,MSFT,8048,2021-08-03,0.008075
10107,59491810,MSFT,8048,2021-08-04,-0.002125
10107,59491810,MSFT,8048,2021-08-05,0.010506
10107,59491810,MSFT,8048,2021-08-06,-0.000207
10107,59491810,MSFT,8048,2021-08-09,-0.003904
10107,59491810,MSFT,8048,2021-08-10,-0.006555
10107,59491810,MSFT,8048,2021-08-11,0.001780
10107,59491810,MSFT,8048,2021-08-12,0.009967
10107,59491810,MSFT,8048,2021-08-13,0.010490
10107,59491810,MSFT,8048,2021-08-16,0.005976
10107,59491810,MSFT,8048,2021-08-17,-0.005160
10107,59491810,MSFT,8048,2021-08-18,-0.006108
10107,59491810,MSFT,8048,2021-08-19,0.020775
10107,59491810,MSFT,8048,2021-08-20,0.025575
10107,59491810,MSFT,8048,2021-08-23,0.000953
10107,59491810,MSFT,8048,2021-08-24,-0.006663
10107,59491810,MSFT,8048,2021-08-25,-0.002016
10107,59491810,MSFT,8048,2021-08-26,-0.009669
10107,59491810,MSFT,8048,2021-08-27,0.002106
10107,59491810,MSFT,8048,2021-08-30,0.012912
10107,59491810,MSFT,8048,2021-08-31,-0.005633
10107,59491810,MSFT,8048,2021-09-01,-0.000166
10107,59491810,MSFT,8048,2021-09-02,-0.002253
10107,59491810,MSFT,8048,2021-09-03,-0.000033
10107,59491810,MSFT,8048,2021-09-07,-0.003188
10107,59491810,MSFT,8048,2021-09-08,0.000100
10107,59491810,MSFT,8048,2021-09-09,-0.009860
10107,59491810,MSFT,8048,2021-09-10,-0.005181
10107,59491810,MSFT,8048,2021-09-13,0.004329
10107,59491810,MSFT,8048,2021-09-14,0.009428
10107,59491810,MSFT,8048,2021-09-15,0.016778
10107,59491810,MSFT,8048,2021-09-16,0.001312
10107,59491810,MSFT,8048,2021-09-17,-0.017528
10107,59491810,MSFT,8048,2021-09-20,-0.018575
10107,59491810,MSFT,8048,2021-09-21,0.001699
10107,59491810,MSFT,8048,2021-09-22,0.012822
10107,59491810,MSFT,8048,2021-09-23,0.003282
10107,59491810,MSFT,8048,2021-09-24,-0.000701
10107,59491810,MSFT,8048,2021-09-27,-0.017304
10107,59491810,MSFT,8048,2021-09-28,-0.036204
10107,59491810,MSFT,8048,2021-09-29,0.001693
10107,59491810,MSFT,8048,2021-09-30,-0.007324
10107,59491810,MSFT,8048,2021-10-01,0.025468
10107,59491810,MSFT,8048,2021-10-04,-0.020719
10107,59491810,MSFT,8048,2021-10-05,0.019957
10107,59491810,MSFT,8048,2021-10-06,0.015064
10107,59491810,MSFT,8048,2021-10-07,0.005936
10107,59491810,MSFT,8048,2021-10-08,0.000000
10107,59491810,MSFT,8048,2021-10-11,-0.002103
10107,59491810,MSFT,8048,2021-10-12,-0.004588
10107,59491810,MSFT,8048,2021-10-13,0.011711
10107,59491810,MSFT,8048,2021-10-14,0.021734
10107,59491810,MSFT,8048,2021-10-15,0.004822
10107,59491810,MSFT,8048,2021-10-18,0.010125
10107,59491810,MSFT,8048,2021-10-19,0.003059
10107,59491810,MSFT,8048,2021-10-20,-0.002660
10107,59491810,MSFT,8048,2021-10-21,0.010897
10107,59491810,MSFT,8048,2021-10-22,-0.005149
10107,59491810,MSFT,8048,2021-10-25,-0.003332
10107,59491810,MSFT,8048,2021-10-26,0.006426
10107,59491810,MSFT,8048,2021-10-27,0.042114
10107,59491810,MSFT,8048,2021-10-28,0.003651
10107,59491810,MSFT,8048,2021-10-29,0.022414
10107,59491810,MSFT,8048,2021-11-01,-0.006785
10107,59491810,MSFT,8048,2021-11-02,0.011416
10107,59491810,MSFT,8048,2021-11-03,0.002612
10107,59491810,MSFT,8048,2021-11-04,0.007305
10107,59491810,MSFT,8048,2021-11-05,-0.001129
10107,59491810,MSFT,8048,2021-11-08,0.002767
10107,59491810,MSFT,8048,2021-11-09,-0.003086
10107,59491810,MSFT,8048,2021-11-10,-0.015330
10107,59491810,MSFT,8048,2021-11-11,0.004927
10107,59491810,MSFT,8048,2021-11-12,0.012905
10107,59491810,MSFT,8048,2021-11-15,-0.001930
10107,59491810,MSFT,8048,2021-11-16,0.010236
10107,59491810,MSFT,8048,2021-11-17,0.000677
10107,59491810,MSFT,8048,2021-11-18,0.006340
10107,59491810,MSFT,8048,2021-11-19,0.005392
10107,59491810,MSFT,8048,2021-11-22,-0.009560
10107,59491810,MSFT,8048,2021-11-23,-0.006327
10107,59491810,MSFT,8048,2021-11-24,0.000681
10107,59491810,MSFT,8048,2021-11-26,-0.024356
10107,59491810,MSFT,8048,2021-11-29,0.021081
10107,59491810,MSFT,8048,2021-11-30,-0.017943
10107,59491810,MSFT,8048,2021-12-01,-0.001543
10107,59491810,MSFT,8048,2021-12-02,-0.001787
10107,59491810,MSFT,8048,2021-12-03,-0.019667
10107,59491810,MSFT,8048,2021-12-06,0.009845
10107,59491810,MSFT,8048,2021-12-07,0.026764
10107,59491810,MSFT,8048,2021-12-08,0.000149
10107,59491810,MSFT,8048,2021-12-09,-0.005583
10107,59491810,MSFT,8048,2021-12-10,0.028340
10107,59491810,MSFT,8048,2021-12-13,-0.009167
10107,59491810,MSFT,8048,2021-12-14,-0.032587
10107,59491810,MSFT,8048,2021-12-15,0.019218
10107,59491810,MSFT,8048,2021-12-16,-0.029135
10107,59491810,MSFT,8048,2021-12-17,-0.003386
10107,59491810,MSFT,8048,2021-12-20,-0.012014
10107,59491810,MSFT,8048,2021-12-21,0.023069
10107,59491810,MSFT,8048,2021-12-22,0.018057
10107,59491810,MSFT,8048,2021-12-23,0.004472
10107,59491810,MSFT,8048,2021-12-27,0.023186
10107,59491810,MSFT,8048,2021-12-28,-0.003504
10107,59491810,MSFT,8048,2021-12-29,0.002051
10107,59491810,MSFT,8048,2021-12-30,-0.007691
10107,59491810,MSFT,8048,2021-12-31,-0.008841
10107,59491810,MSFT,8048,2022-01-03,-0.004668
10107,59491810,MSFT,8048,2022-01-04,-0.017147
10107,59491810,MSFT,8048,2022-01-05,-0.038388
10107,59491810,MSFT,8048,2022-01-06,-0.007902
10107,59491810,MSFT,8048,2022-01-07,0.000510
10107,59491810,MSFT,8048,2022-01-10,0.000732
10107,59491810,MSFT,8048,2022-01-11,0.002259
10107,59491810,MSFT,8048,2022-01-12,0.010445
10107,59491810,MSFT,8048,2022-01-13,-0.042323
10107,59491810,MSFT,8048,2022-01-14,0.017717
10107,59491810,MSFT,8048,2022-01-18,-0.024339
10107,59491810,MSFT,8048,2022-01-19,0.002247
10107,59491810,MSFT,8048,2022-01-20,-0.005703
10107,59491810,MSFT,8048,2022-01-21,-0.018468
10107,59491810,MSFT,8048,2022-01-24,0.001149
10107,59491810,MSFT,8048,2022-01-25,-0.026588
10107,59491810,MSFT,8048,2022-01-26,0.028493
10107,59491810,MSFT,8048,2022-01-27,0.010549
10107,59491810,MSFT,8048,2022-01-28,0.028082
10107,59491810,MSFT,8048,2022-01-31,0.008824
10107,59491810,MSFT,8048,2022-02-01,-0.007139
10107,59491810,MSFT,8048,2022-02-02,0.015222
10107,59491810,MSFT,8048,2022-02-03,-0.038952
10107,59491810,MSFT,8048,2022-02-04,0.015568
10107,59491810,MSFT,8048,2022-02-07,-0.016310
10107,59491810,MSFT,8048,2022-02-08,0.011995
10107,59491810,MSFT,8048,2022-02-09,0.021835
10107,59491810,MSFT,8048,2022-02-10,-0.028373
10107,59491810,MSFT,8048,2022-02-11,-0.024274
10107,59491810,MSFT,8048,2022-02-14,-0.000136
10107,59491810,MSFT,8048,2022-02-15,0.018542
10107,59491810,MSFT,8048,2022-02-16,-0.001165
10107,59491810,MSFT,8048,2022-02-17,-0.029282
10107,59491810,MSFT,8048,2022-02-18,-0.009631
10107,59491810,MSFT,8048,2022-02-22,-0.000729
10107,59491810,MSFT,8048,2022-02-23,-0.025893
10107,59491810,MSFT,8048,2022-02-24,0.051094
10107,59491810,MSFT,8048,2022-02-25,0.009233
10107,59491810,MSFT,8048,2022-02-28,0.004978
10107,59491810,MSFT,8048,2022-03-01,-0.012852
10107,59491810,MSFT,8048,2022-03-02,0.017766
10107,59491810,MSFT,8048,2022-03-03,-0.014224
10107,59491810,MSFT,8048,2022-03-04,-0.020479
10107,59491810,MSFT,8048,2022-03-07,-0.037777
10107,59491810,MSFT,8048,2022-03-08,-0.010971
10107,59491810,MSFT,8048,2022-03-09,0.045858
10107,59491810,MSFT,8048,2022-03-10,-0.010087
10107,59491810,MSFT,8048,2022-03-11,-0.019328
10107,59491810,MSFT,8048,2022-03-14,-0.012961
10107,59491810,MSFT,8048,2022-03-15,0.038743
10107,59491810,MSFT,8048,2022-03-16,0.025213
10107,59491810,MSFT,8048,2022-03-17,0.002819
10107,59491810,MSFT,8048,2022-03-18,0.017648
10107,59491810,MSFT,8048,2022-03-21,-0.004227
10107,59491810,MSFT,8048,2022-03-22,0.016379
10107,59491810,MSFT,8048,2022-03-23,-0.015030
10107,59491810,MSFT,8048,2022-03-24,0.015393
10107,59491810,MSFT,8048,2022-03-25,-0.001381
10107,59491810,MSFT,8048,2022-03-28,0.023116
10107,59491810,MSFT,8048,2022-03-29,0.015159
10107,59491810,MSFT,8048,2022-03-30,-0.004914
10107,59491810,MSFT,8048,2022-03-31,-0.017683
10107,59491810,MSFT,8048,2022-04-01,0.003600
10107,59491810,MSFT,8048,2022-04-04,0.017937
10107,59491810,MSFT,8048,2022-04-05,-0.012985
10107,59491810,MSFT,8048,2022-04-06,-0.036606
10107,59491810,MSFT,8048,2022-04-07,0.006244
10107,59491810,MSFT,8048,2022-04-08,-0.014600
10107,59491810,MSFT,8048,2022-04-11,-0.039432
10107,59491810,MSFT,8048,2022-04-12,-0.011218
10107,59491810,MSFT,8048,2022-04-13,0.019712
10107,59491810,MSFT,8048,2022-04-14,-0.027084
10107,59491810,MSFT,8048,2022-04-18,0.002466
10107,59491810,MSFT,8048,2022-04-19,0.017040
10107,59491810,MSFT,8048,2022-04-20,0.003715
10107,59491810,MSFT,8048,2022-04-21,-0.019381
10107,59491810,MSFT,8048,2022-04-22,-0.024144
10107,59491810,MSFT,8048,2022-04-25,0.024413
10107,59491810,MSFT,8048,2022-04-26,-0.037404
10107,59491810,MSFT,8048,2022-04-27,0.048109
10107,59491810,MSFT,8048,2022-04-28,0.022633
10107,59491810,MSFT,8048,2022-04-29,-0.041812
10107,59491810,MSFT,8048,2022-05-02,0.025043
10107,59491810,MSFT,8048,2022-05-03,-0.009456
10107,59491810,MSFT,8048,2022-05-04,0.029101
10107,59491810,MSFT,8048,2022-05-05,-0.043555
10107,59491810,MSFT,8048,2022-05-06,-0.009447
10107,59491810,MSFT,8048,2022-05-09,-0.036945
10107,59491810,MSFT,8048,2022-05-10,0.018596
10107,59491810,MSFT,8048,2022-05-11,-0.033210
10107,59491810,MSFT,8048,2022-05-12,-0.019958
10107,59491810,MSFT,8048,2022-05-13,0.022596
10107,59491810,MSFT,8048,2022-05-16,0.001455
10107,59491810,MSFT,8048,2022-05-17,0.020344
10107,59491810,MSFT,8048,2022-05-18,-0.045424
10107,59491810,MSFT,8048,2022-05-19,-0.003700
10107,59491810,MSFT,8048,2022-05-20,-0.002291
10107,59491810,MSFT,8048,2022-05-23,0.032032
10107,59491810,MSFT,8048,2022-05-24,-0.003952
10107,59491810,MSFT,8048,2022-05-25,0.011170
10107,59491810,MSFT,8048,2022-05-26,0.012875
10107,59491810,MSFT,8048,2022-05-27,0.027604
10107,59491810,MSFT,8048,2022-05-31,-0.005014
10107,59491810,MSFT,8048,2022-06-01,0.002023
10107,59491810,MSFT,8048,2022-06-02,0.007929
10107,59491810,MSFT,8048,2022-06-03,-0.016607
10107,59491810,MSFT,8048,2022-06-06,-0.004703
10107,59491810,MSFT,8048,2022-06-07,0.013953
10107,59491810,MSFT,8048,2022-06-08,-0.007670
10107,59491810,MSFT,8048,2022-06-09,-0.020783
10107,59491810,MSFT,8048,2022-06-10,-0.044564
10107,59491810,MSFT,8048,2022-06-13,-0.042413
10107,59491810,MSFT,8048,2022-06-14,0.009205
10107,59491810,MSFT,8048,2022-06-15,0.029735
10107,59491810,MSFT,8048,2022-06-16,-0.026970
10107,59491810,MSFT,8048,2022-06-17,0.010940
10107,59491810,MSFT,8048,2022-06-21,0.024591
10107,59491810,MSFT,8048,2022-06-22,-0.002404
10107,59491810,MSFT,8048,2022-06-23,0.022637
10107,59491810,MSFT,8048,2022-06-24,0.034150
10107,59491810,MSFT,8048,2022-06-27,-0.010497
10107,59491810,MSFT,8048,2022-06-28,-0.031749
10107,59491810,MSFT,8048,2022-06-29,0.014738
10107,59491810,MSFT,8048,2022-06-30,-0.013179
10107,59491810,MSFT,8048,2022-07-01,0.010707
10107,59491810,MSFT,8048,2022-07-05,0.012597
10107,59491810,MSFT,8048,2022-07-06,0.012783
10107,59491810,MSFT,8048,2022-07-07,0.008227
10107,59491810,MSFT,8048,2022-07-08,-0.002757
10107,59491810,MSFT,8048,2022-07-11,-0.011769
10107,59491810,MSFT,8048,2022-07-12,-0.040981
10107,59491810,MSFT,8048,2022-07-13,-0.003745
10107,59491810,MSFT,8048,2022-07-14,0.005381
10107,59491810,MSFT,8048,2022-07-15,0.010390
10107,59491810,MSFT,8048,2022-07-18,-0.009621
10107,59491810,MSFT,8048,2022-07-19,0.020767
10107,59491810,MSFT,8048,2022-07-20,0.010558
10107,59491810,MSFT,8048,2022-07-21,0.009799
10107,59491810,MSFT,8048,2022-07-22,-0.016916
10107,59491810,MSFT,8048,2022-07-25,-0.005876
10107,59491810,MSFT,8048,2022-07-26,-0.026774
10107,59491810,MSFT,8048,2022-07-27,0.066852
10107,59491810,MSFT,8048,2022-07-28,0.028541
10107,59491810,MSFT,8048,2022-07-29,0.015665
10107,59491810,MSFT,8048,2022-08-01,-0.009724
10107,59491810,MSFT,8048,2022-08-02,-0.011474
10107,59491810,MSFT,8048,2022-08-03,0.027836
10107,59491810,MSFT,8048,2022-08-04,0.004177
10107,59491810,MSFT,8048,2022-08-05,-0.002609
10107,59491810,MSFT,8048,2022-08-08,-0.009155
10107,59491810,MSFT,8048,2022-08-09,0.007063
10107,59491810,MSFT,8048,2022-08-10,0.024300
10107,59491810,MSFT,8048,2022-08-11,-0.007401
10107,59491810,MSFT,8048,2022-08-12,0.017037
10107,59491810,MSFT,8048,2022-08-15,0.005344
10107,59491810,MSFT,8048,2022-08-16,-0.002590
10107,59491810,MSFT,8048,2022-08-17,-0.002631
10107,59491810,MSFT,8048,2022-08-18,-0.003948
10107,59491810,MSFT,8048,2022-08-19,-0.013854
10107,59491810,MSFT,8048,2022-08-22,-0.029355
10107,59491810,MSFT,8048,2022-08-23,-0.004716
10107,59491810,MSFT,8048,2022-08-24,-0.002351
10107,59491810,MSFT,8048,2022-08-25,0.011095
10107,59491810,MSFT,8048,2022-08-26,-0.038587
10107,59491810,MSFT,8048,2022-08-29,-0.010668
10107,59491810,MSFT,8048,2022-08-30,-0.008521
10107,59491810,MSFT,8048,2022-08-31,-0.005704
10107,59491810,MSFT,8048,2022-09-01,-0.004092
10107,59491810,MSFT,8048,2022-09-02,-0.016667
10107,59491810,MSFT,8048,2022-09-06,-0.010974
10107,59491810,MSFT,8048,2022-09-07,0.019112
10107,59491810,MSFT,8048,2022-09-08,0.001666
10107,59491810,MSFT,8048,2022-09-09,0.022977
10107,59491810,MSFT,8048,2022-09-12,0.008281
10107,59491810,MSFT,8048,2022-09-13,-0.054978
10107,59491810,MSFT,8048,2022-09-14,0.000913
10107,59491810,MSFT,8048,2022-09-15,-0.027119
10107,59491810,MSFT,8048,2022-09-16,-0.002608
10107,59491810,MSFT,8048,2022-09-19,-0.000899
10107,59491810,MSFT,8048,2022-09-20,-0.008466
10107,59491810,MSFT,8048,2022-09-21,-0.014436
10107,59491810,MSFT,8048,2022-09-22,0.008496
10107,59491810,MSFT,8048,2022-09-23,-0.012698
10107,59491810,MSFT,8048,2022-09-26,-0.001975
10107,59491810,MSFT,8048,2022-09-27,-0.004380
10107,59491810,MSFT,8048,2022-09-28,0.019712
10107,59491810,MSFT,8048,2022-09-29,-0.014809
10107,59491810,MSFT,8048,2022-09-30,-0.019368
10107,59491810,MSFT,8048,2022-10-03,0.033663
10107,59491810,MSFT,8048,2022-10-04,0.033812
10107,59491810,MSFT,8048,2022-10-05,0.001286
10107,59491810,MSFT,8048,2022-10-06,-0.009671
10107,59491810,MSFT,8048,2022-10-07,-0.050853
10107,59491810,MSFT,8048,2022-10-10,-0.021303
10107,59491810,MSFT,8048,2022-10-11,-0.016750
10107,59491810,MSFT,8048,2022-10-12,0.001508
10107,59491810,MSFT,8048,2022-10-13,0.037608
10107,59491810,MSFT,8048,2022-10-14,-0.024249
10107,59491810,MSFT,8048,2022-10-17,0.039246
10107,59491810,MSFT,8048,2022-10-18,0.004084
10107,59491810,MSFT,8048,2022-10-19,-0.008470
10107,59491810,MSFT,8048,2022-10-20,-0.001395
10107,59491810,MSFT,8048,2022-10-21,0.025281
10107,59491810,MSFT,8048,2022-10-24,0.021188
10107,59491810,MSFT,8048,2022-10-25,0.013792
10107,59491810,MSFT,8048,2022-10-26,-0.077156
10107,59491810,MSFT,8048,2022-10-27,-0.019756
10107,59491810,MSFT,8048,2022-10-28,0.040221
10107,59491810,MSFT,8048,2022-10-31,-0.015856
10107,59491810,MSFT,8048,2022-11-01,-0.017059
10107,59491810,MSFT,8048,2022-11-02,-0.035368
10107,59491810,MSFT,8048,2022-11-03,-0.026579
10107,59491810,MSFT,8048,2022-11-04,0.033326
10107,59491810,MSFT,8048,2022-11-07,0.029270
10107,59491810,MSFT,8048,2022-11-08,0.004388
10107,59491810,MSFT,8048,2022-11-09,-0.019050
10107,59491810,MSFT,8048,2022-11-10,0.082268
10107,59491810,MSFT,8048,2022-11-11,0.016997
10107,59491810,MSFT,8048,2022-11-14,-0.022500
10107,59491810,MSFT,8048,2022-11-15,0.001739
10107,59491810,MSFT,8048,2022-11-16,0.001818
10107,59491810,MSFT,8048,2022-11-17,-0.000207
10107,59491810,MSFT,8048,2022-11-18,-0.001903
10107,59491810,MSFT,8048,2022-11-21,0.003441
10107,59491810,MSFT,8048,2022-11-22,0.012312
10107,59491810,MSFT,8048,2022-11-23,0.010407
10107,59491810,MSFT,8048,2022-11-25,-0.000364
10107,59491810,MSFT,8048,2022-11-28,-0.023152
10107,59491810,MSFT,8048,2022-11-29,-0.005915
10107,59491810,MSFT,8048,2022-11-30,0.061624
10107,59491810,MSFT,8048,2022-12-01,-0.001764
10107,59491810,MSFT,8048,2022-12-02,0.001296
10107,59491810,MSFT,8048,2022-12-05,-0.018900
10107,59491810,MSFT,8048,2022-12-06,-0.020304
10107,59491810,MSFT,8048,2022-12-07,-0.003060
10107,59491810,MSFT,8048,2022-12-08,0.012399
10107,59491810,MSFT,8048,2022-12-09,-0.008003
10107,59491810,MSFT,8048,2022-12-12,0.028889
10107,59491810,MSFT,8048,2022-12-13,0.017465
10107,59491810,MSFT,8048,2022-12-14,0.001168
10107,59491810,MSFT,8048,2022-12-15,-0.031918
10107,59491810,MSFT,8048,2022-12-16,-0.017349
10107,59491810,MSFT,8048,2022-12-19,-0.017328
10107,59491810,MSFT,8048,2022-12-20,0.005614
10107,59491810,MSFT,8048,2022-12-21,0.010877
10107,59491810,MSFT,8048,2022-12-22,-0.025529
10107,59491810,MSFT,8048,2022-12-23,0.002267
10107,59491810,MSFT,8048,2022-12-27,-0.007414
10107,59491810,MSFT,8048,2022-12-28,-0.010255
10107,59491810,MSFT,8048,2022-12-29,0.027630
10107,59491810,MSFT,8048,2022-12-30,-0.004938
11850,30231G10,XOM,20678,2018-01-02,0.016619
11850,30231G10,XOM,20678,2018-01-03,0.019640
11850,30231G10,XOM,20678,2018-01-04,0.001384
11850,30231G10,XOM,20678,2018-01-05,-0.000806
11850,30231G10,XOM,20678,2018-01-08,0.004496
11850,30231G10,XOM,20678,2018-01-09,-0.004246
11850,30231G10,XOM,20678,2018-01-10,-0.007952
11850,30231G10,XOM,20678,2018-01-11,0.009875
11850,30231G10,XOM,20678,2018-01-12,0.006787
11850,30231G10,XOM,20678,2018-01-16,-0.006284
11850,30231G10,XOM,20678,2018-01-17,0.011843
11850,30231G10,XOM,20678,2018-01-18,-0.006477
11850,30231G10,XOM,20678,2018-01-19,-0.003203
11850,30231G10,XOM,20678,2018-01-22,0.012622
11850,30231G10,XOM,20678,2018-01-23,0.000567
11850,30231G10,XOM,20678,2018-01-24,0.002605
11850,30231G10,XOM,20678,2018-01-25,-0.001807
11850,30231G10,XOM,20678,2018-01-26,0.007129
11850,30231G10,XOM,20678,2018-01-29,-0.011124
11850,30231G10,XOM,20678,2018-01-30,-0.013976
11850,30231G10,XOM,20678,2018-01-31,0.005992
11850,30231G10,XOM,20678,2018-02-01,0.020275
11850,30231G10,XOM,20678,2018-02-02,-0.050971
11850,30231G10,XOM,20678,2018-02-05,-0.056903
11850,30231G10,XOM,20678,2018-02-06,-0.017185
11850,30231G10,XOM,20678,2018-02-07,-0.017996
11850,30231G10,XOM,20678,2018-02-08,-0.011308
11850,30231G10,XOM,20678,2018-02-09,0.006310
11850,30231G10,XOM,20678,2018-02-12,0.008446
11850,30231G10,XOM,20678,2018-02-13,-0.001570
11850,30231G10,XOM,20678,2018-02-14,0.002097
11850,30231G10,XOM,20678,2018-02-15,-0.003270
11850,30231G10,XOM,20678,2018-02-16,0.004330
11850,30231G10,XOM,20678,2018-02-20,-0.010321
11850,30231G10,XOM,20678,2018-02-21,-0.011353
11850,30231G10,XOM,20678,2018-02-22,0.012952
11850,30231G10,XOM,20678,2018-02-23,0.022014
11850,30231G10,XOM,20678,2018-02-26,0.016897
11850,30231G10,XOM,20678,2018-02-27,-0.016996
11850,30231G10,XOM,20678,2018-02-28,-0.022710
11850,30231G10,XOM,20678,2018-03-01,-0.007130
11850,30231G10,XOM,20678,2018-03-02,0.004654
11850,30231G10,XOM,20678,2018-03-05,0.009530
11850,30231G10,XOM,20678,2018-03-06,-0.001180
11850,30231G10,XOM,20678,2018-03-07,-0.025203
11850,30231G10,XOM,20678,2018-03-08,-0.001885
11850,30231G10,XOM,20678,2018-03-09,0.005936
11850,30231G10,XOM,20678,2018-03-12,0.009120
11850,30231G10,XOM,20678,2018-03-13,-0.009436
11850,30231G10,XOM,20678,2018-03-14,-0.012478
11850,30231G10,XOM,20678,2018-03-15,0.011141
11850,30231G10,XOM,20678,2018-03-16,0.009406
11850,30231G10,XOM,20678,2018-03-19,-0.012913
11850,30231G10,XOM,20678,2018-03-20,-0.002158
11850,30231G10,XOM,20678,2018-03-21,0.014191
11850,30231G10,XOM,20678,2018-03-22,-0.020522
11850,30231G10,XOM,20678,2018-03-23,-0.008299
11850,30231G10,XOM,20678,2018-03-26,0.015228
11850,30231G10,XOM,20678,2018-03-27,-0.004054
11850,30231G10,XOM,20678,2018-03-28,-0.012076
11850,30231G10,XOM,20678,2018-03-29,0.024722
11850,30231G10,XOM,20678,2018-04-02,-0.018630
11850,30231G10,XOM,20678,2018-04-03,0.024583
11850,30231G10,XOM,20678,2018-04-04,-0.001999
11850,30231G10,XOM,20678,2018-04-05,0.015360
11850,30231G10,XOM,20678,2018-04-06,-0.015128
11850,30231G10,XOM,20678,2018-04-09,0.000000
11850,30231G10,XOM,20678,2018-04-10,0.029384
11850,30231G10,XOM,20678,2018-04-11,0.004671
11850,30231G10,XOM,20678,2018-04-12,-0.002712
11850,30231G10,XOM,20678,2018-04-13,0.008029
11850,30231G10,XOM,20678,2018-04-16,0.008993
11850,30231G10,XOM,20678,2018-04-17,-0.002674
11850,30231G10,XOM,20678,2018-04-18,0.011362
11850,30231G10,XOM,20678,2018-04-19,0.002525
11850,30231G10,XOM,20678,2018-04-20,-0.005288
11850,30231G10,XOM,20678,2018-04-23,0.007215
11850,30231G10,XOM,20678,2018-04-24,-0.015332
11850,30231G10,XOM,20678,2018-04-25,0.014678
11850,30231G10,XOM,20678,2018-04-26,0.017107
11850,30231G10,XOM,20678,2018-04-27,-0.037967
11850,30231G10,XOM,20678,2018-04-30,-0.000514
11850,30231G10,XOM,20678,2018-05-01,-0.010289
11850,30231G10,XOM,20678,2018-05-02,-0.001949
11850,30231G10,XOM,20678,2018-05-03,-0.003385
11850,30231G10,XOM,20678,2018-05-04,0.004703
11850,30231G10,XOM,20678,2018-05-07,0.010923
11850,30231G10,XOM,20678,2018-05-08,0.004502
11850,30231G10,XOM,20678,2018-05-09,0.023563
11850,30231G10,XOM,20678,2018-05-10,0.022395
11850,30231G10,XOM,20678,2018-05-11,0.004650
11850,30231G10,XOM,20678,2018-05-14,0.006767
11850,30231G10,XOM,20678,2018-05-15,-0.000489
11850,30231G10,XOM,20678,2018-05-16,0.002812
11850,30231G10,XOM,20678,2018-05-17,-0.001707
11850,30231G10,XOM,20678,2018-05-18,-0.007084
11850,30231G10,XOM,20678,2018-05-21,0.012054
11850,30231G10,XOM,20678,2018-05-22,-0.007778
11850,30231G10,XOM,20678,2018-05-23,0.006247
11850,30231G10,XOM,20678,2018-05-24,-0.022885
11850,30231G10,XOM,20678,2018-05-25,-0.019434
11850,30231G10,XOM,20678,2018-05-29,-0.003684
11850,30231G10,XOM,20678,2018-05-30,0.039276
11850,30231G10,XOM,20678,2018-05-31,-0.003190
11850,30231G10,XOM,20678,2018-06-01,0.007262
11850,30231G10,XOM,20678,2018-06-04,-0.010510
11850,30231G10,XOM,20678,2018-06-05,-0.003582
11850,30231G10,XOM,20678,2018-06-06,0.017105
11850,30231G10,XOM,20678,2018-06-07,0.009993
11850,30231G10,XOM,20678,2018-06-08,0.008687
11850,30231G10,XOM,20678,2018-06-11,-0.005981
11850,30231G10,XOM,20678,2018-06-12,-0.008183
11850,30231G10,XOM,20678,2018-06-13,-0.011041
11850,30231G10,XOM,20678,2018-06-14,0.004662
11850,30231G10,XOM,20678,2018-06-15,-0.015020
11850,30231G10,XOM,20678,2018-06-18,0.001984
11850,30231G10,XOM,20678,2018-06-19,-0.001485
11850,30231G10,XOM,20678,2018-06-20,-0.003098
11850,30231G10,XOM,20678,2018-06-21,-0.009447
11850,30231G10,XOM,20678,2018-06-22,0.021207
11850,30231G10,XOM,20678,2018-06-25,-0.020152
11850,30231G10,XOM,20678,2018-06-26,0.011287
11850,30231G10,XOM,20678,2018-06-27,0.013269
11850,30231G10,XOM,20678,2018-06-28,0.003182
11850,30231G10,XOM,20678,2018-06-29,0.009272
11850,30231G10,XOM,20678,2018-07-02,-0.011725
11850,30231G10,XOM,20678,2018-07-03,0.005871
11850,30231G10,XOM,20678,2018-07-05,0.000851
11850,30231G10,XOM,20678,2018-07-06,0.000243
11850,30231G10,XOM,20678,2018-07-09,0.006923
11850,30231G10,XOM,20678,2018-07-10,0.009168
11850,30231G10,XOM,20678,2018-07-11,-0.012790
11850,30231G10,XOM,20678,2018-07-12,0.001211
11850,30231G10,XOM,20678,2018-07-13,0.007498
11850,30231G10,XOM,20678,2018-07-16,-0.009843
11850,30231G10,XOM,20678,2018-07-17,-0.002182
11850,30231G10,XOM,20678,2018-07-18,-0.001093
11850,30231G10,XOM,20678,2018-07-19,-0.002554
11850,30231G10,XOM,20678,2018-07-20,-0.007438
11850,30231G10,XOM,20678,2018-07-23,0.000000
11850,30231G10,XOM,20678,2018-07-24,0.019779
11850,30231G10,XOM,20678,2018-07-25,0.006987
11850,30231G10,XOM,20678,2018-07-26,0.007776
11850,30231G10,XOM,20678,2018-07-27,-0.027540
11850,30231G10,XOM,20678,2018-07-30,-0.002197
11850,30231G10,XOM,20678,2018-07-31,-0.002814
11850,30231G10,XOM,20678,2018-08-01,-0.013741
11850,30231G10,XOM,20678,2018-08-02,-0.005971
11850,30231G10,XOM,20678,2018-08-03,0.003629
11850,30231G10,XOM,20678,2018-08-06,-0.000249
11850,30231G10,XOM,20678,2018-08-07,0.013594
11850,30231G10,XOM,20678,2018-08-08,-0.006645
11850,30231G10,XOM,20678,2018-08-09,-0.005079
11850,30231G10,XOM,20678,2018-08-10,-0.000996
11850,30231G10,XOM,20678,2018-08-13,-0.010829
11850,30231G10,XOM,20678,2018-08-14,-0.003182
11850,30231G10,XOM,20678,2018-08-15,-0.017495
11850,30231G10,XOM,20678,2018-08-16,0.013777
11850,30231G10,XOM,20678,2018-08-17,0.003333
11850,30231G10,XOM,20678,2018-08-20,0.007028
11850,30231G10,XOM,20678,2018-08-21,0.000254
11850,30231G10,XOM,20678,2018-08-22,0.014335
11850,30231G10,XOM,20678,2018-08-23,-0.011006
11850,30231G10,XOM,20678,2018-08-24,0.006829
11850,30231G10,XOM,20678,2018-08-27,0.009797
11850,30231G10,XOM,20678,2018-08-28,-0.001493
11850,30231G10,XOM,20678,2018-08-29,0.007225
11850,30231G10,XOM,20678,2018-08-30,-0.004328
11850,30231G10,XOM,20678,2018-08-31,-0.004223
11850,30231G10,XOM,20678,2018-09-04,0.001497
11850,30231G10,XOM,20678,2018-09-05,0.013327
11850,30231G10,XOM,20678,2018-09-06,-0.011062
11850,30231G10,XOM,20678,2018-09-07,0.017027
11850,30231G10,XOM,20678,2018-09-10,-0.001466
11850,30231G10,XOM,20678,2018-09-11,0.014074
11850,30231G10,XOM,20678,2018-09-12,0.003259
11850,30231G10,XOM,20678,2018-09-13,-0.009744
11850,30231G10,XOM,20678,2018-09-14,0.007289
11850,30231G10,XOM,20678,2018-09-17,0.005909
11850,30231G10,XOM,20678,2018-09-18,0.002638
11850,30231G10,XOM,20678,2018-09-19,0.011957
11850,30231G10,XOM,20678,2018-09-20,0.002245
11850,30231G10,XOM,20678,2018-09-21,0.004126
11850,30231G10,XOM,20678,2018-09-24,0.016790
11850,30231G10,XOM,20678,2018-09-25,-0.001155
11850,30231G10,XOM,20678,2018-09-26,-0.008324
11850,30231G10,XOM,20678,2018-09-27,-0.000117
11850,30231G10,XOM,20678,2018-09-28,-0.008744
11850,30231G10,XOM,20678,2018-10-01,0.009292
11850,30231G10,XOM,20678,2018-10-02,0.007575
11850,30231G10,XOM,20678,2018-10-03,-0.003585
11850,30231G10,XOM,20678,2018-10-04,-0.006616
11850,30231G10,XOM,20678,2018-10-05,-0.002804
11850,30231G10,XOM,20678,2018-10-08,0.009257
11850,30231G10,XOM,20678,2018-10-09,0.004412
11850,30231G10,XOM,20678,2018-10-10,-0.023003
11850,30231G10,XOM,20678,2018-10-11,-0.034548
11850,30231G10,XOM,20678,2018-10-12,-0.002696
11850,30231G10,XOM,20678,2018-10-15,-0.006881
11850,30231G10,XOM,20678,2018-10-16,0.004702
11850,30231G10,XOM,20678,2018-10-17,0.003695
11850,30231G10,XOM,20678,2018-10-18,0.004294
11850,30231G10,XOM,20678,2018-10-19,0.001466
11850,30231G10,XOM,20678,2018-10-22,-0.010004
11850,30231G10,XOM,20678,2018-10-23,-0.016143
11850,30231G10,XOM,20678,2018-10-24,-0.027806
11850,30231G10,XOM,20678,2018-10-25,0.008889
11850,30231G10,XOM,20678,2018-10-26,-0.009960
11850,30231G10,XOM,20678,2018-10-29,-0.006191
11850,30231G10,XOM,20678,2018-10-30,0.022453
11850,30231G10,XOM,20678,2018-10-31,0.011424
11850,30231G10,XOM,20678,2018-11-01,0.012425
11850,30231G10,XOM,20678,2018-11-02,0.015867
11850,30231G10,XOM,20678,2018-11-05,-0.003783
11850,30231G10,XOM,20678,2018-11-06,0.004287
11850,30231G10,XOM,20678,2018-11-07,0.012684
11850,30231G10,XOM,20678,2018-11-08,-0.015898
11850,30231G10,XOM,20678,2018-11-09,-0.000245
11850,30231G10,XOM,20678,2018-11-12,-0.012860
11850,30231G10,XOM,20678,2018-11-13,-0.022924
11850,30231G10,XOM,20678,2018-11-14,-0.007821
11850,30231G10,XOM,20678,2018-11-15,0.010337
11850,30231G10,XOM,20678,2018-11-16,0.009848
11850,30231G10,XOM,20678,2018-11-19,0.003293
11850,30231G10,XOM,20678,2018-11-20,-0.028402
11850,30231G10,XOM,20678,2018-11-21,0.007665
11850,30231G10,XOM,20678,2018-11-23,-0.026689
11850,30231G10,XOM,20678,2018-11-26,0.019738
11850,30231G10,XOM,20678,2018-11-27,0.000909
11850,30231G10,XOM,20678,2018-11-28,0.018170
11850,30231G10,XOM,20678,2018-11-29,0.007776
11850,30231G10,XOM,20678,2018-11-30,0.005565
11850,30231G10,XOM,20678,2018-12-03,0.021635
11850,30231G10,XOM,20678,2018-12-04,-0.022039
11850,30231G10,XOM,20678,2018-12-06,-0.013093
11850,30231G10,XOM,20678,2018-12-07,-0.009568
11850,30231G10,XOM,20678,2018-12-10,-0.014168
11850,30231G10,XOM,20678,2018-12-11,0.001829
11850,30231G10,XOM,20678,2018-12-12,-0.008607
11850,30231G10,XOM,20678,2018-12-13,0.012628
11850,30231G10,XOM,20678,2018-12-14,-0.018187
11850,30231G10,XOM,20678,2018-12-17,-0.020376
11850,30231G10,XOM,20678,2018-12-18,-0.027553
11850,30231G10,XOM,20678,2018-12-19,-0.016944
11850,30231G10,XOM,20678,2018-12-20,-0.030376
11850,30231G10,XOM,20678,2018-12-21,-0.007431
11850,30231G10,XOM,20678,2018-12-24,-0.038315
11850,30231G10,XOM,20678,2018-12-26,0.047779
11850,30231G10,XOM,20678,2018-12-27,0.004371
11850,30231G10,XOM,20678,2018-12-28,-0.011169
11850,30231G10,XOM,20678,2018-12-31,0.000293
11850,30231G10,XOM,20678,2019-01-02,0.021997
11850,30231G10,XOM,20678,2019-01-03,-0.015354
11850,30231G10,XOM,20678,2019-01-04,0.036870
11850,30231G10,XOM,20678,2019-01-07,0.005200
11850,30231G10,XOM,20678,2019-01-08,0.007271
11850,30231G10,XOM,20678,2019-01-09,0.005275
11850,30231G10,XOM,20678,2019-01-10,-0.005109
11850,30231G10,XOM,20678,2019-01-11,-0.004580
11850,30231G10,XOM,20678,2019-01-14,-0.001255
11850,30231G10,XOM,20678,2019-01-15,0.000558
11850,30231G10,XOM,20678,2019-01-16,-0.000419
11850,30231G10,XOM,20678,2019-01-17,0.006840
11850,30231G10,XOM,20678,2019-01-18,0.011923
11850,30231G10,XOM,20678,2019-01-22,-0.015071
11850,30231G10,XOM,20678,2019-01-23,-0.008207
11850,30231G10,XOM,20678,2019-01-24,0.001403
11850,30231G10,XOM,20678,2019-01-25,0.004482
11850,30231G10,XOM,20678,2019-01-28,-0.006693
11850,30231G10,XOM,20678,2019-01-29,0.003790
11850,30231G10,XOM,20678,2019-01-30,0.010908
11850,30231G10,XOM,20678,2019-01-31,0.013695
11850,30231G10,XOM,20678,2019-02-01,0.036026
11850,30231G10,XOM,20678,2019-02-04,-0.014489
11850,30231G10,XOM,20678,2019-02-05,0.010291
11850,30231G10,XOM,20678,2019-02-06,-0.004366
11850,30231G10,XOM,20678,2019-02-07,-0.007707
11850,30231G10,XOM,20678,2019-02-08,0.001607
11850,30231G10,XOM,20678,2019-02-11,0.001622
11850,30231G10,XOM,20678,2019-02-12,0.017544
11850,30231G10,XOM,20678,2019-02-13,0.011273
11850,30231G10,XOM,20678,2019-02-14,0.000262
11850,30231G10,XOM,20678,2019-02-15,0.018880
11850,30231G10,XOM,20678,2019-02-19,0.006692
11850,30231G10,XOM,20678,2019-02-20,0.003835
11850,30231G10,XOM,20678,2019-02-21,-0.009041
11850,30231G10,XOM,20678,2019-02-22,0.007710
11850,30231G10,XOM,20678,2019-02-25,0.001020
11850,30231G10,XOM,20678,2019-02-26,0.002038
11850,30231G10,XOM,20678,2019-02-27,0.010297
11850,30231G10,XOM,20678,2019-02-28,-0.005537
11850,30231G10,XOM,20678,2019-03-01,0.012274
11850,30231G10,XOM,20678,2019-03-04,0.003875
11850,30231G10,XOM,20678,2019-03-05,-0.001494
11850,30231G10,XOM,20678,2019-03-06,-0.011348
11850,30231G10,XOM,20678,2019-03-07,0.011100
11850,30231G10,XOM,20678,2019-03-08,-0.014346
11850,30231G10,XOM,20678,2019-03-11,0.009746
11850,30231G10,XOM,20678,2019-03-12,0.002758
11850,30231G10,XOM,20678,2019-03-13,0.008875
11850,30231G10,XOM,20678,2019-03-14,-0.003345
11850,30231G10,XOM,20678,2019-03-15,-0.003605
11850,30231G10,XOM,20678,2019-03-18,0.011603
11850,30231G10,XOM,20678,2019-03-19,-0.002590
11850,30231G10,XOM,20678,2019-03-20,0.005564
11850,30231G10,XOM,20678,2019-03-21,0.005780
11850,30231G10,XOM,20678,2019-03-22,-0.016017
11850,30231G10,XOM,20678,2019-03-25,-0.006958
11850,30231G10,XOM,20678,2019-03-26,0.013013
11850,30231G10,XOM,20678,2019-03-27,-0.007658
11850,30231G10,XOM,20678,2019-03-28,0.004979
11850,30231G10,XOM,20678,2019-03-29,0.000743
11850,30231G10,XOM,20678,2019-04-01,0.011510
11850,30231G10,XOM,20678,2019-04-02,-0.004282
11850,30231G10,XOM,20678,2019-04-03,-0.005898
11850,30231G10,XOM,20678,2019-04-04,0.014215
11850,30231G10,XOM,20678,2019-04-05,0.005363
11850,30231G10,XOM,20678,2019-04-08,0.006183
11850,30231G10,XOM,20678,2019-04-09,-0.012892
11850,30231G10,XOM,20678,2019-04-10,-0.004516
11850,30231G10,XOM,20678,2019-04-11,0.004782
11850,30231G10,XOM,20678,2019-04-12,-0.012569
11850,30231G10,XOM,20678,2019-04-15,-0.003337
11850,30231G10,XOM,20678,2019-04-16,0.006820
11850,30231G10,XOM,20678,2019-04-17,0.002833
11850,30231G10,XOM,20678,2019-04-18,-0.003684
11850,30231G10,XOM,20678,2019-04-22,0.021817
11850,30231G10,XOM,20678,2019-04-23,0.005790
11850,30231G10,XOM,20678,2019-04-24,-0.019429
11850,30231G10,XOM,20678,2019-04-25,0.005626
11850,30231G10,XOM,20678,2019-04-26,-0.021041
11850,30231G10,XOM,20678,2019-04-29,-0.006460
11850,30231G10,XOM,20678,2019-04-30,0.003876
11850,30231G10,XOM,20678,2019-05-01,-0.020055
11850,30231G10,XOM,20678,2019-05-02,-0.017542
11850,30231G10,XOM,20678,2019-05-03,0.002329
11850,30231G10,XOM,20678,2019-05-06,-0.004389
11850,30231G10,XOM,20678,2019-05-07,-0.005316
11850,30231G10,XOM,20678,2019-05-08,0.001564
11850,30231G10,XOM,20678,2019-05-09,-0.000911
11850,30231G10,XOM,20678,2019-05-10,0.008597
11850,30231G10,XOM,20678,2019-05-13,-0.011102
11850,30231G10,XOM,20678,2019-05-14,0.001321
11850,30231G10,XOM,20678,2019-05-15,0.007387
11850,30231G10,XOM,20678,2019-05-16,-0.000131
11850,30231G10,XOM,20678,2019-05-17,-0.005893
11850,30231G10,XOM,20678,2019-05-20,-0.000132
11850,30231G10,XOM,20678,2019-05-21,0.004611
11850,30231G10,XOM,20678,2019-05-22,-0.009049
11850,30231G10,XOM,20678,2019-05-23,-0.023425
11850,30231G10,XOM,20678,2019-05-24,0.004201
11850,30231G10,XOM,20678,2019-05-28,-0.020108
11850,30231G10,XOM,20678,2019-05-29,-0.006197
11850,30231G10,XOM,20678,2019-05-30,-0.002633
11850,30231G10,XOM,20678,2019-05-31,-0.016674
11850,30231G10,XOM,20678,2019-06-03,0.015685
11850,30231G10,XOM,20678,2019-06-04,0.023790
11850,30231G10,XOM,20678,2019-06-05,-0.008289
11850,30231G10,XOM,20678,2019-06-06,0.018224
11850,30231G10,XOM,20678,2019-06-07,0.003633
11850,30231G10,XOM,20678,2019-06-10,0.004425
11850,30231G10,XOM,20678,2019-06-11,-0.000934
11850,30231G10,XOM,20678,2019-06-12,-0.010823
11850,30231G10,XOM,20678,2019-06-13,0.008780
11850,30231G10,XOM,20678,2019-06-14,-0.004419
11850,30231G10,XOM,20678,2019-06-17,0.009953
11850,30231G10,XOM,20678,2019-06-18,0.008656
11850,30231G10,XOM,20678,2019-06-19,-0.005545
11850,30231G10,XOM,20678,2019-06-20,0.017127
11850,30231G10,XOM,20678,2019-06-21,0.014097
11850,30231G10,XOM,20678,2019-06-24,-0.009525
11850,30231G10,XOM,20678,2019-06-25,-0.008837
11850,30231G10,XOM,20678,2019-06-26,0.004327
11850,30231G10,XOM,20678,2019-06-27,-0.010183
11850,30231G10,XOM,20678,2019-06-28,0.010683
11850,30231G10,XOM,20678,2019-07-01,-0.000913
11850,30231G10,XOM,20678,2019-07-02,-0.010972
11850,30231G10,XOM,20678,2019-07-03,0.009509
11850,30231G10,XOM,20678,2019-07-05,-0.004055
11850,30231G10,XOM,20678,2019-07-08,0.004597
11850,30231G10,XOM,20678,2019-07-09,-0.000654
11850,30231G10,XOM,20678,2019-07-10,0.014131
11850,30231G10,XOM,20678,2019-07-11,0.000774
11850,30231G10,XOM,20678,2019-07-12,0.000773
11850,30231G10,XOM,20678,2019-07-15,-0.007085
11850,30231G10,XOM,20678,2019-07-16,-0.014920
11850,30231G10,XOM,20678,2019-07-17,-0.005927
11850,30231G10,XOM,20678,2019-07-18,-0.008479
11850,30231G10,XOM,20678,2019-07-19,0.002004
11850,30231G10,XOM,20678,2019-07-22,0.001067
11850,30231G10,XOM,20678,2019-07-23,0.003996
11850,30231G10,XOM,20678,2019-07-24,-0.000133
11850,30231G10,XOM,20678,2019-07-25,-0.005706
11850,30231G10,XOM,20678,2019-07-26,-0.001601
11850,30231G10,XOM,20678,2019-07-29,0.007085
11850,30231G10,XOM,20678,2019-07-30,0.000133
11850,30231G10,XOM,20678,2019-07-31,-0.013139
11850,30231G10,XOM,20678,2019-08-01,-0.025551
11850,30231G10,XOM,20678,2019-08-02,-0.009799
11850,30231G10,XOM,20678,2019-08-05,-0.020488
11850,30231G10,XOM,20678,2019-08-06,0.009676
11850,30231G10,XOM,20678,2019-08-07,-0.006483
11850,30231G10,XOM,20678,2019-08-08,0.026667
11850,30231G10,XOM,20678,2019-08-09,-0.021277
11850,30231G10,XOM,20678,2019-08-12,-0.004800
11850,30231G10,XOM,20678,2019-08-13,0.012351
11850,30231G10,XOM,20678,2019-08-14,-0.040289
11850,30231G10,XOM,20678,2019-08-15,-0.005913
11850,30231G10,XOM,20678,2019-08-16,0.015613
11850,30231G10,XOM,20678,2019-08-19,0.016837
11850,30231G10,XOM,20678,2019-08-20,-0.006048
11850,30231G10,XOM,20678,2019-08-21,0.009996
11850,30231G10,XOM,20678,2019-08-22,-0.002151
11850,30231G10,XOM,20678,2019-08-23,-0.029898
11850,30231G10,XOM,20678,2019-08-26,0.005334
11850,30231G10,XOM,20678,2019-08-27,-0.009727
11850,30231G10,XOM,20678,2019-08-28,0.007293
11850,30231G10,XOM,20678,2019-08-29,0.011082
11850,30231G10,XOM,20678,2019-08-30,0.000731
11850,30231G10,XOM,20678,2019-09-03,0.001168
11850,30231G10,XOM,20678,2019-09-04,0.010648
11850,30231G10,XOM,20678,2019-09-05,0.014143
11850,30231G10,XOM,20678,2019-09-06,0.009392
11850,30231G10,XOM,20678,2019-09-09,0.007895
11850,30231G10,XOM,20678,2019-09-10,0.008113
11850,30231G10,XOM,20678,2019-09-11,-0.001943
11850,30231G10,XOM,20678,2019-09-12,0.000695
11850,30231G10,XOM,20678,2019-09-13,0.009169
11850,30231G10,XOM,20678,2019-09-16,0.015006
11850,30231G10,XOM,20678,2019-09-17,-0.007595
11850,30231G10,XOM,20678,2019-09-18,-0.004783
11850,30231G10,XOM,20678,2019-09-19,-0.006729
11850,30231G10,XOM,20678,2019-09-20,-0.003456
11850,30231G10,XOM,20678,2019-09-23,0.000694
11850,30231G10,XOM,20678,2019-09-24,-0.013725
11850,30231G10,XOM,20678,2019-09-25,0.002952
11850,30231G10,XOM,20678,2019-09-26,-0.005326
11850,30231G10,XOM,20678,2019-09-27,0.007186
11850,30231G10,XOM,20678,2019-09-30,-0.012171
11850,30231G10,XOM,20678,2019-10-01,-0.023509
11850,30231G10,XOM,20678,2019-10-02,-0.026106
11850,30231G10,XOM,20678,2019-10-03,0.012360
11850,30231G10,XOM,20678,2019-10-04,0.014563
11850,30231G10,XOM,20678,2019-10-07,-0.013774
11850,30231G10,XOM,20678,2019-10-08,-0.019406
11850,30231G10,XOM,20678,2019-10-09,0.011094
11850,30231G10,XOM,20678,2019-10-10,0.012011
11850,30231G10,XOM,20678,2019-10-11,0.010696
11850,30231G10,XOM,20678,2019-10-14,0.002899
11850,30231G10,XOM,20678,2019-10-15,0.003469
11850,30231G10,XOM,20678,2019-10-16,-0.017142
11850,30231G10,XOM,20678,2019-10-17,-0.001319
11850,30231G10,XOM,20678,2019-10-18,-0.007778
11850,30231G10,XOM,20678,2019-10-21,0.016714
11850,30231G10,XOM,20678,2019-10-22,0.005092
11850,30231G10,XOM,20678,2019-10-23,0.009553
11850,30231G10,XOM,20678,2019-10-24,-0.009462
11850,30231G10,XOM,20678,2019-10-25,0.002316
11850,30231G10,XOM,20678,2019-10-28,-0.008809
11850,30231G10,XOM,20678,2019-10-29,-0.002914
11850,30231G10,XOM,20678,2019-10-30,-0.010520
11850,30231G10,XOM,20678,2019-10-31,-0.002215
11850,30231G10,XOM,20678,2019-11-01,0.030043
11850,30231G10,XOM,20678,2019-11-04,0.029741
11850,30231G10,XOM,20678,2019-11-05,0.019813
11850,30231G10,XOM,20678,2019-11-06,-0.021891
11850,30231G10,XOM,20678,2019-11-07,0.021262
11850,30231G10,XOM,20678,2019-11-08,-0.018765
11850,30231G10,XOM,20678,2019-11-11,-0.006076
11850,30231G10,XOM,20678,2019-11-12,-0.013790
11850,30231G10,XOM,20678,2019-11-13,-0.008217
11850,30231G10,XOM,20678,2019-11-14,-0.004360
11850,30231G10,XOM,20678,2019-11-15,0.010073
11850,30231G10,XOM,20678,2019-11-18,-0.009683
11850,30231G10,XOM,20678,2019-11-19,-0.010216
11850,30231G10,XOM,20678,2019-11-20,0.003096
11850,30231G10,XOM,20678,2019-11-21,0.024107
11850,30231G10,XOM,20678,2019-11-22,-0.004306
11850,30231G10,XOM,20678,2019-11-25,-0.006631
11850,30231G10,XOM,20678,2019-11-26,-0.002467
11850,30231G10,XOM,20678,2019-11-27,-0.000582
11850,30231G10,XOM,20678,2019-11-29,-0.008297
11850,30231G10,XOM,20678,2019-12-02,0.004257
11850,30231G10,XOM,20678,2019-12-03,-0.007892
11850,30231G10,XOM,20678,2019-12-04,0.011344
11850,30231G10,XOM,20678,2019-12-05,-0.003496
11850,30231G10,XOM,20678,2019-12-06,0.016080
11850,30231G10,XOM,20678,2019-12-09,0.002158
11850,30231G10,XOM,20678,2019-12-10,-0.008613
11850,30231G10,XOM,20678,2019-12-11,-0.001448
11850,30231G10,XOM,20678,2019-12-12,0.020012
11850,30231G10,XOM,20678,2019-12-13,-0.015780
11850,30231G10,XOM,20678,2019-12-16,0.011122
11850,30231G10,XOM,20678,2019-12-17,-0.004571
11850,30231G10,XOM,20678,2019-12-18,0.002727
11850,30231G10,XOM,20678,2019-12-19,-0.006870
11850,30231G10,XOM,20678,2019-12-20,0.007926
11850,30231G10,XOM,20678,2019-12-23,0.005004
11850,30231G10,XOM,20678,2019-12-24,-0.003841
11850,30231G10,XOM,20678,2019-12-26,0.001571
11850,30231G10,XOM,20678,2019-12-27,-0.003422
11850,30231G10,XOM,20678,2019-12-30,-0.005866
11850,30231G10,XOM,20678,2019-12-31,0.004318
11850,30231G10,XOM,20678,2020-01-02,0.016050
11850,30231G10,XOM,20678,2020-01-03,-0.008039
11850,30231G10,XOM,20678,2020-01-06,0.007678
11850,30231G10,XOM,20678,2020-01-07,-0.008184
11850,30231G10,XOM,20678,2020-01-08,-0.015080
11850,30231G10,XOM,20678,2020-01-09,0.007656
11850,30231G10,XOM,20678,2020-01-10,-0.008888
11850,30231G10,XOM,20678,2020-01-13,0.009546
11850,30231G10,XOM,20678,2020-01-14,-0.008596
11850,30231G10,XOM,20678,2020-01-15,-0.001590
11850,30231G10,XOM,20678,2020-01-16,-0.003908
11850,30231G10,XOM,20678,2020-01-17,-0.003778
11850,30231G10,XOM,20678,2020-01-21,-0.014294
11850,30231G10,XOM,20678,2020-01-22,-0.005771
11850,30231G10,XOM,20678,2020-01-23,-0.006251
11850,30231G10,XOM,20678,2020-01-24,-0.006740
11850,30231G10,XOM,20678,2020-01-27,-0.023824
11850,30231G10,XOM,20678,2020-01-28,-0.001390
11850,30231G10,XOM,20678,2020-01-29,-0.008353
11850,30231G10,XOM,20678,2020-01-30,0.010607
11850,30231G10,XOM,20678,2020-01-31,-0.041210
11850,30231G10,XOM,20678,2020-02-03,-0.022376
11850,30231G10,XOM,20678,2020-02-04,-0.012514
11850,30231G10,XOM,20678,2020-02-05,0.046023
11850,30231G10,XOM,20678,2020-02-06,-0.013550
11850,30231G10,XOM,20678,2020-02-07,-0.006626
11850,30231G10,XOM,20678,2020-02-10,-0.010412
11850,30231G10,XOM,20678,2020-02-11,0.009506
11850,30231G10,XOM,20678,2020-02-12,0.012225
11850,30231G10,XOM,20678,2020-02-13,-0.005549
11850,30231G10,XOM,20678,2020-02-14,-0.004595
11850,30231G10,XOM,20678,2020-02-18,-0.012696
11850,30231G10,XOM,20678,2020-02-19,0.007682
11850,30231G10,XOM,20678,2020-02-20,-0.007955
11850,30231G10,XOM,20678,2020-02-21,-0.012195
11850,30231G10,XOM,20678,2020-02-24,-0.046846
11850,30231G10,XOM,20678,2020-02-25,-0.038325
11850,30231G10,XOM,20678,2020-02-26,-0.021956
11850,30231G10,XOM,20678,2020-02-27,-0.060177
11850,30231G10,XOM,20678,2020-02-28,0.032517
11850,30231G10,XOM,20678,2020-03-02,0.047434
11850,30231G10,XOM,20678,2020-03-03,-0.047884
11850,30231G10,XOM,20678,2020-03-04,0.021832
11850,30231G10,XOM,20678,2020-03-05,-0.044067
11850,30231G10,XOM,20678,2020-03-06,-0.048294
11850,30231G10,XOM,20678,2020-03-09,-0.122248
11850,30231G10,XOM,20678,2020-03-10,0.037028
11850,30231G10,XOM,20678,2020-03-11,-0.032942
11850,30231G10,XOM,20678,2020-03-12,-0.114340
11850,30231G10,XOM,20678,2020-03-13,0.025282
11850,30231G10,XOM,20678,2020-03-16,-0.095226
11850,30231G10,XOM,20678,2020-03-17,0.067266
11850,30231G10,XOM,20678,2020-03-18,-0.100244
11850,30231G10,XOM,20678,2020-03-19,0.039553
11850,30231G10,XOM,20678,2020-03-20,-0.049085
11850,30231G10,XOM,20678,2020-03-23,-0.039401
11850,30231G10,XOM,20678,2020-03-24,0.126868
11850,30231G10,XOM,20678,2020-03-25,0.052201
11850,30231G10,XOM,20678,2020-03-26,0.041030
11850,30231G10,XOM,20678,2020-03-27,-0.048171
11850,30231G10,XOM,20678,2020-03-30,0.014885
11850,30231G10,XOM,20678,2020-03-31,0.012533
11850,30231G10,XOM,20678,2020-04-01,-0.011588
11850,30231G10,XOM,20678,2020-04-02,0.076472
11850,30231G10,XOM,20678,2020-04-03,-0.029455
11850,30231G10,XOM,20678,2020-04-06,0.032135
11850,30231G10,XOM,20678,2020-04-07,0.019026
11850,30231G10,XOM,20678,2020-04-08,0.063288
11850,30231G10,XOM,20678,2020-04-09,-0.016420
11850,30231G10,XOM,20678,2020-04-13,-0.008579
11850,30231G10,XOM,20678,2020-04-14,-0.007717
11850,30231G10,XOM,20678,2020-04-15,-0.045958
11850,30231G10,XOM,20678,2020-04-16,-0.032856
11850,30231G10,XOM,20678,2020-04-17,0.103959
11850,30231G10,XOM,20678,2020-04-20,-0.047200
11850,30231G10,XOM,20678,2020-04-21,-0.005342
11850,30231G10,XOM,20678,2020-04-22,0.028564
11850,30231G10,XOM,20678,2020-04-23,0.031332
11850,30231G10,XOM,20678,2020-04-24,0.006444
11850,30231G10,XOM,20678,2020-04-27,0.004802
11850,30231G10,XOM,20678,2020-04-28,0.023441
11850,30231G10,XOM,20678,2020-04-29,0.055370
11850,30231G10,XOM,20678,2020-04-30,-0.020860
11850,30231G10,XOM,20678,2020-05-01,-0.071659
11850,30231G10,XOM,20678,2020-05-04,0.040334
11850,30231G10,XOM,20678,2020-05-05,-0.001114
11850,30231G10,XOM,20678,2020-05-06,-0.018737
11850,30231G10,XOM,20678,2020-05-07,0.005683
11850,30231G10,XOM,20678,2020-05-08,0.043852
11850,30231G10,XOM,20678,2020-05-11,-0.009528
11850,30231G10,XOM,20678,2020-05-12,-0.016397
11850,30231G10,XOM,20678,2020-05-13,-0.049637
11850,30231G10,XOM,20678,2020-05-14,0.008824
11850,30231G10,XOM,20678,2020-05-15,-0.007092
11850,30231G10,XOM,20678,2020-05-18,0.079524
11850,30231G10,XOM,20678,2020-05-19,-0.030878
11850,30231G10,XOM,20678,2020-05-20,0.032544
11850,30231G10,XOM,20678,2020-05-21,-0.017853
11850,30231G10,XOM,20678,2020-05-22,0.000898
11850,30231G10,XOM,20678,2020-05-26,0.029372
11850,30231G10,XOM,20678,2020-05-27,0.007188
11850,30231G10,XOM,20678,2020-05-28,-0.025952
11850,30231G10,XOM,20678,2020-05-29,0.009547
11850,30231G10,XOM,20678,2020-06-01,0.017814
11850,30231G10,XOM,20678,2020-06-02,0.022256
11850,30231G10,XOM,20678,2020-06-03,0.040795
11850,30231G10,XOM,20678,2020-06-04,-0.002843
11850,30231G10,XOM,20678,2020-06-05,0.081059
11850,30231G10,XOM,20678,2020-06-08,0.031274
11850,30231G10,XOM,20678,2020-06-09,-0.022287
11850,30231G10,XOM,20678,2020-06-10,-0.053625
11850,30231G10,XOM,20678,2020-06-11,-0.088253
11850,30231G10,XOM,20678,2020-06-12,0.021438
11850,30231G10,XOM,20678,2020-06-15,-0.000636
11850,30231G10,XOM,20678,2020-06-16,0.022486
11850,30231G10,XOM,20678,2020-06-17,-0.032573
11850,30231G10,XOM,20678,2020-06-18,0.006219
11850,30231G10,XOM,20678,2020-06-19,-0.020034
11850,30231G10,XOM,20678,2020-06-22,0.009569
11850,30231G10,XOM,20678,2020-06-23,0.006032
11850,30231G10,XOM,20678,2020-06-24,-0.047109
11850,30231G10,XOM,20678,2020-06-25,0.015056
11850,30231G10,XOM,20678,2020-06-26,-0.034315
11850,30231G10,XOM,20678,2020-06-29,0.016048
11850,30231G10,XOM,20678,2020-06-30,0.009025
11850,30231G10,XOM,20678,2020-07-01,-0.022585
11850,30231G10,XOM,20678,2020-07-02,0.008465
11850,30231G10,XOM,20678,2020-07-06,0.007033
11850,30231G10,XOM,20678,2020-07-07,-0.025907
11850,30231G10,XOM,20678,2020-07-08,-0.002313
11850,30231G10,XOM,20678,2020-07-09,-0.041261
11850,30231G10,XOM,20678,2020-07-10,0.031190
11850,30231G10,XOM,20678,2020-07-13,0.000234
11850,30231G10,XOM,20678,2020-07-14,0.033052
11850,30231G10,XOM,20678,2020-07-15,0.012707
11850,30231G10,XOM,20678,2020-07-16,-0.007842
11850,30231G10,XOM,20678,2020-07-17,-0.017164
11850,30231G10,XOM,20678,2020-07-20,-0.023438
11850,30231G10,XOM,20678,2020-07-21,0.050588
11850,30231G10,XOM,20678,2020-07-22,-0.023292
11850,30231G10,XOM,20678,2020-07-23,0.002064
11850,30231G10,XOM,20678,2020-07-24,-0.006178
11850,30231G10,XOM,20678,2020-07-27,0.014736
11850,30231G10,XOM,20678,2020-07-28,-0.011799
11850,30231G10,XOM,20678,2020-07-29,0.011022
11850,30231G10,XOM,20678,2020-07-30,-0.049057
11850,30231G10,XOM,20678,2020-07-31,0.005016
11850,30231G10,XOM,20678,2020-08-03,0.004040
11850,30231G10,XOM,20678,2020-08-04,0.028876
11850,30231G10,XOM,20678,2020-08-05,0.008742
11850,30231G10,XOM,20678,2020-08-06,-0.004789
11850,30231G10,XOM,20678,2020-08-07,-0.004583
11850,30231G10,XOM,20678,2020-08-10,0.024632
11850,30231G10,XOM,20678,2020-08-11,0.010335
11850,30231G10,XOM,20678,2020-08-12,-0.000222
11850,30231G10,XOM,20678,2020-08-13,-0.024495
11850,30231G10,XOM,20678,2020-08-14,0.004418
11850,30231G10,XOM,20678,2020-08-17,-0.012963
11850,30231G10,XOM,20678,2020-08-18,-0.004925
11850,30231G10,XOM,20678,2020-08-19,-0.011077
11850,30231G10,XOM,20678,2020-08-20,-0.015253
11850,30231G10,XOM,20678,2020-08-21,-0.007502
11850,30231G10,XOM,20678,2020-08-24,0.029505
11850,30231G10,XOM,20678,2020-08-25,-0.031739
11850,30231G10,XOM,20678,2020-08-26,-0.021282
11850,30231G10,XOM,20678,2020-08-27,-0.006748
11850,30231G10,XOM,20678,2020-08-28,0.023905
11850,30231G10,XOM,20678,2020-08-31,-0.018432
11850,30231G10,XOM,20678,2020-09-01,-0.012769
11850,30231G10,XOM,20678,2020-09-02,-0.006087
11850,30231G10,XOM,20678,2020-09-03,-0.002041
11850,30231G10,XOM,20678,2020-09-04,-0.000767
11850,30231G10,XOM,20678,2020-09-08,-0.023030
11850,30231G10,XOM,20678,2020-09-09,-0.006024
11850,30231G10,XOM,20678,2020-09-10,-0.025033
11850,30231G10,XOM,20678,2020-09-11,-0.002703
11850,30231G10,XOM,20678,2020-09-14,-0.006504
11850,30231G10,XOM,20678,2020-09-15,-0.010638
11850,30231G10,XOM,20678,2020-09-16,0.042459
11850,30231G10,XOM,20678,2020-09-17,-0.000264
11850,30231G10,XOM,20678,2020-09-18,-0.016138
11850,30231G10,XOM,20678,2020-09-21,-0.020436
11850,30231G10,XOM,20678,2020-09-22,-0.024705
11850,30231G10,XOM,20678,2020-09-23,-0.032086
11850,30231G10,XOM,20678,2020-09-24,-0.002035
11850,30231G10,XOM,20678,2020-09-25,0.009324
11850,30231G10,XOM,20678,2020-09-28,0.019342
11850,30231G10,XOM,20678,2020-09-29,-0.029170
11850,30231G10,XOM,20678,2020-09-30,0.001459
11850,30231G10,XOM,20678,2020-10-01,-0.034955
11850,30231G10,XOM,20678,2020-10-02,-0.004528
11850,30231G10,XOM,20678,2020-10-05,0.023044
11850,30231G10,XOM,20678,2020-10-06,-0.010373
11850,30231G10,XOM,20678,2020-10-07,0.003294
11850,30231G10,XOM,20678,2020-10-08,0.052537
11850,30231G10,XOM,20678,2020-10-09,-0.014748
11850,30231G10,XOM,20678,2020-10-12,-0.003166
11850,30231G10,XOM,20678,2020-10-13,-0.011839
11850,30231G10,XOM,20678,2020-10-14,-0.002046
11850,30231G10,XOM,20678,2020-10-15,0.008785
11850,30231G10,XOM,20678,2020-10-16,-0.010160
11850,30231G10,XOM,20678,2020-10-19,-0.019941
11850,30231G10,XOM,20678,2020-10-20,0.008378
11850,30231G10,XOM,20678,2020-10-21,-0.016024
11850,30231G10,XOM,20678,2020-10-22,0.051267
11850,30231G10,XOM,20678,2020-10-23,-0.020080
11850,30231G10,XOM,20678,2020-10-26,-0.023712
11850,30231G10,XOM,20678,2020-10-27,-0.015892
11850,30231G10,XOM,20678,2020-10-28,-0.038087
11850,30231G10,XOM,20678,2020-10-29,0.044346
11850,30231G10,XOM,20678,2020-10-30,-0.010616
11850,30231G10,XOM,20678,2020-11-02,0.041999
11850,30231G10,XOM,20678,2020-11-03,-0.017064
11850,30231G10,XOM,20678,2020-11-04,-0.005388
11850,30231G10,XOM,20678,2020-11-05,-0.001806
11850,30231G10,XOM,20678,2020-11-06,-0.011758
11850,30231G10,XOM,20678,2020-11-09,0.126602
11850,30231G10,XOM,20678,2020-11-10,0.021663
11850,30231G10,XOM,20678,2020-11-11,-0.010309
11850,30231G10,XOM,20678,2020-11-12,-0.034265
11850,30231G10,XOM,20678,2020-11-13,0.024127
11850,30231G10,XOM,20678,2020-11-16,0.057650
11850,30231G10,XOM,20678,2020-11-17,0.013365
11850,30231G10,XOM,20678,2020-11-18,-0.037755
11850,30231G10,XOM,20678,2020-11-19,0.005106
11850,30231G10,XOM,20678,2020-11-20,-0.012299
11850,30231G10,XOM,20678,2020-11-23,0.065512
11850,30231G10,XOM,20678,2020-11-24,0.066565
11850,30231G10,XOM,20678,2020-11-25,-0.027870
11850,30231G10,XOM,20678,2020-11-27,-0.015192
11850,30231G10,XOM,20678,2020-11-30,-0.051257
11850,30231G10,XOM,20678,2020-12-01,0.009704
11850,30231G10,XOM,20678,2020-12-02,0.037403
11850,30231G10,XOM,20678,2020-12-03,0.006760
11850,30231G10,XOM,20678,2020-12-04,0.036558
11850,30231G10,XOM,20678,2020-12-07,-0.018714
11850,30231G10,XOM,20678,2020-12-08,0.032763
11850,30231G10,XOM,20678,2020-12-09,0.013258
11850,30231G10,XOM,20678,2020-12-10,0.028271
11850,30231G10,XOM,20678,2020-12-11,-0.004772
11850,30231G10,XOM,20678,2020-12-14,-0.036073
11850,30231G10,XOM,20678,2020-12-15,0.019422
11850,30231G10,XOM,20678,2020-12-16,0.015335
11850,30231G10,XOM,20678,2020-12-17,-0.005034
11850,30231G10,XOM,20678,2020-12-18,-0.017249
11850,30231G10,XOM,20678,2020-12-21,-0.018254
11850,30231G10,XOM,20678,2020-12-22,-0.016925
11850,30231G10,XOM,20678,2020-12-23,0.012852
11850,30231G10,XOM,20678,2020-12-24,-0.004070
11850,30231G10,XOM,20678,2020-12-28,0.003365
11850,30231G10,XOM,20678,2020-12-29,-0.011260
11850,30231G10,XOM,20678,2020-12-30,0.007996
11850,30231G10,XOM,20678,2020-12-31,-0.009135
11850,30231G10,XOM,20678,2021-01-04,0.006793
11850,30231G10,XOM,20678,2021-01-05,0.048193
11850,30231G10,XOM,20678,2021-01-06,0.025517
11850,30231G10,XOM,20678,2021-01-07,0.007846
11850,30231G10,XOM,20678,2021-01-08,0.011121
11850,30231G10,XOM,20678,2021-01-11,0.030356
11850,30231G10,XOM,20678,2021-01-12,0.022203
11850,30231G10,XOM,20678,2021-01-13,0.011278
11850,30231G10,XOM,20678,2021-01-14,0.039033
11850,30231G10,XOM,20678,2021-01-15,-0.048102
11850,30231G10,XOM,20678,2021-01-19,0.019837
11850,30231G10,XOM,20678,2021-01-20,0.014128
11850,30231G10,XOM,20678,2021-01-21,-0.028669
11850,30231G10,XOM,20678,2021-01-22,-0.014134
11850,30231G10,XOM,20678,2021-01-25,-0.011174
11850,30231G10,XOM,20678,2021-01-26,-0.021962
11850,30231G10,XOM,20678,2021-01-27,-0.011336
11850,30231G10,XOM,20678,2021-01-28,0.015656
11850,30231G10,XOM,20678,2021-01-29,-0.026487
11850,30231G10,XOM,20678,2021-02-01,0.001784
11850,30231G10,XOM,20678,2021-02-02,0.015806
11850,30231G10,XOM,20678,2021-02-03,0.039229
11850,30231G10,XOM,20678,2021-02-04,0.019190
11850,30231G10,XOM,20678,2021-02-05,0.033520
11850,30231G10,XOM,20678,2021-02-08,0.043043
11850,30231G10,XOM,20678,2021-02-09,-0.011516
11850,30231G10,XOM,20678,2021-02-10,0.009678
11850,30231G10,XOM,20678,2021-02-11,-0.025039
11850,30231G10,XOM,20678,2021-02-12,0.013644
11850,30231G10,XOM,20678,2021-02-16,0.030087
11850,30231G10,XOM,20678,2021-02-17,0.015565
11850,30231G10,XOM,20678,2021-02-18,-0.015705
11850,30231G10,XOM,20678,2021-02-19,0.006728
11850,30231G10,XOM,20678,2021-02-22,0.036853
11850,30231G10,XOM,20678,2021-02-23,0.013812
11850,30231G10,XOM,20678,2021-02-24,0.029973
11850,30231G10,XOM,20678,2021-02-25,-0.016578
11850,30231G10,XOM,20678,2021-02-26,-0.024928
11850,30231G10,XOM,20678,2021-03-01,0.037337
11850,30231G10,XOM,20678,2021-03-02,-0.005851
11850,30231G10,XOM,20678,2021-03-03,0.008026
11850,30231G10,XOM,20678,2021-03-04,0.038747
11850,30231G10,XOM,20678,2021-03-05,0.037813
11850,30231G10,XOM,20678,2021-03-08,-0.000985
11850,30231G10,XOM,20678,2021-03-09,-0.015443
11850,30231G10,XOM,20678,2021-03-10,0.030702
11850,30231G10,XOM,20678,2021-03-11,-0.007447
11850,30231G10,XOM,20678,2021-03-12,0.010765
11850,30231G10,XOM,20678,2021-03-15,-0.025496
11850,30231G10,XOM,20678,2021-03-16,-0.021196
11850,30231G10,XOM,20678,2021-03-17,0.004399
11850,30231G10,XOM,20678,2021-03-18,-0.043119
11850,30231G10,XOM,20678,2021-03-19,-0.005633
11850,30231G10,XOM,20678,2021-03-22,-0.010267
11850,30231G10,XOM,20678,2021-03-23,-0.012341
11850,30231G10,XOM,20678,2021-03-24,0.020283
11850,30231G10,XOM,20678,2021-03-25,-0.002840
11850,30231G10,XOM,20678,2021-03-26,0.027234
11850,30231G10,XOM,20678,2021-03-29,-0.005372
11850,30231G10,XOM,20678,2021-03-30,-0.012369
11850,30231G10,XOM,20678,2021-03-31,-0.015170
11850,30231G10,XOM,20678,2021-04-01,0.027942
11850,30231G10,XOM,20678,2021-04-05,-0.015508
11850,30231G10,XOM,20678,2021-04-06,-0.002832
11850,30231G10,XOM,20678,2021-04-07,0.004437
11850,30231G10,XOM,20678,2021-04-08,-0.010426
11850,30231G10,XOM,20678,2021-04-09,-0.002321
11850,30231G10,XOM,20678,2021-04-12,-0.006623
11850,30231G10,XOM,20678,2021-04-13,0.003784
11850,30231G10,XOM,20678,2021-04-14,0.028900
11850,30231G10,XOM,20678,2021-04-15,-0.005932
11850,30231G10,XOM,20678,2021-04-16,-0.005616
11850,30231G10,XOM,20678,2021-04-19,-0.003177
11850,30231G10,XOM,20678,2021-04-20,-0.021069
11850,30231G10,XOM,20678,2021-04-21,0.012841
11850,30231G10,XOM,20678,2021-04-22,-0.013036
11850,30231G10,XOM,20678,2021-04-23,0.005428
11850,30231G10,XOM,20678,2021-04-26,0.001979
11850,30231G10,XOM,20678,2021-04-27,0.013111
11850,30231G10,XOM,20678,2021-04-28,0.030137
11850,30231G10,XOM,20678,2021-04-29,0.014283
11850,30231G10,XOM,20678,2021-04-30,-0.028843
11850,30231G10,XOM,20678,2021-05-03,0.027603
11850,30231G10,XOM,20678,2021-05-04,0.006290
11850,30231G10,XOM,20678,2021-05-05,0.030073
11850,30231G10,XOM,20678,2021-05-06,0.009513
11850,30231G10,XOM,20678,2021-05-07,0.014297
11850,30231G10,XOM,20678,2021-05-10,0.002403
11850,30231G10,XOM,20678,2021-05-11,-0.031799
11850,30231G10,XOM,20678,2021-05-12,0.005281
11850,30231G10,XOM,20678,2021-05-13,-0.012325
11850,30231G10,XOM,20678,2021-05-14,0.024789
11850,30231G10,XOM,20678,2021-05-17,0.023367
11850,30231G10,XOM,20678,2021-05-18,-0.028300
11850,30231G10,XOM,20678,2021-05-19,-0.023995
11850,30231G10,XOM,20678,2021-05-20,-0.002374
11850,30231G10,XOM,20678,2021-05-21,0.001360
11850,30231G10,XOM,20678,2021-05-24,0.011711
11850,30231G10,XOM,20678,2021-05-25,-0.022647
11850,30231G10,XOM,20678,2021-05-26,0.011672
11850,30231G10,XOM,20678,2021-05-27,-0.006447
11850,30231G10,XOM,20678,2021-05-28,-0.003245
11850,30231G10,XOM,20678,2021-06-01,0.035806
11850,30231G10,XOM,20678,2021-06-02,0.007939
11850,30231G10,XOM,20678,2021-06-03,0.003938
11850,30231G10,XOM,20678,2021-06-04,0.004413
11850,30231G10,XOM,20678,2021-06-07,-0.006509
11850,30231G10,XOM,20678,2021-06-08,0.017690
11850,30231G10,XOM,20678,2021-06-09,0.008370
11850,30231G10,XOM,20678,2021-06-10,0.001596
11850,30231G10,XOM,20678,2021-06-11,-0.009243
11850,30231G10,XOM,20678,2021-06-14,-0.001608
11850,30231G10,XOM,20678,2021-06-15,0.036411
11850,30231G10,XOM,20678,2021-06-16,-0.003575
11850,30231G10,XOM,20678,2021-06-17,-0.032917
11850,30231G10,XOM,20678,2021-06-18,-0.025649
11850,30231G10,XOM,20678,2021-06-21,0.036258
11850,30231G10,XOM,20678,2021-06-22,0.019172
11850,30231G10,XOM,20678,2021-06-23,0.007368
11850,30231G10,XOM,20678,2021-06-24,0.004046
11850,30231G10,XOM,20678,2021-06-25,0.002170
11850,30231G10,XOM,20678,2021-06-28,-0.025518
11850,30231G10,XOM,20678,2021-06-29,-0.006189
11850,30231G10,XOM,20678,2021-06-30,0.007346
11850,30231G10,XOM,20678,2021-07-01,0.002854
11850,30231G10,XOM,20678,2021-07-02,-0.001423
11850,30231G10,XOM,20678,2021-07-06,-0.028495
11850,30231G10,XOM,20678,2021-07-07,-0.015643
11850,30231G10,XOM,20678,2021-07-08,-0.004469
11850,30231G10,XOM,20678,2021-07-09,0.018124
11850,30231G10,XOM,20678,2021-07-12,-0.000980
11850,30231G10,XOM,20678,2021-07-13,-0.004741
11850,30231G10,XOM,20678,2021-07-14,-0.022175
11850,30231G10,XOM,20678,2021-07-15,-0.009743
11850,30231G10,XOM,20678,2021-07-16,-0.027651
11850,30231G10,XOM,20678,2021-07-19,-0.034368
11850,30231G10,XOM,20678,2021-07-20,0.011021
11850,30231G10,XOM,20678,2021-07-21,0.032166
11850,30231G10,XOM,20678,2021-07-22,-0.011253
11850,30231G10,XOM,20678,2021-07-23,-0.001226
11850,30231G10,XOM,20678,2021-07-26,0.025245
11850,30231G10,XOM,20678,2021-07-27,-0.011115
11850,30231G10,XOM,20678,2021-07-28,0.006744
11850,30231G10,XOM,20678,2021-07-29,0.012195
11850,30231G10,XOM,20678,2021-07-30,-0.023078
11850,30231G10,XOM,20678,2021-08-02,0.000174
11850,30231G10,XOM,20678,2021-08-03,0.010768
11850,30231G10,XOM,20678,2021-08-04,-0.023368
11850,30231G10,XOM,20678,2021-08-05,0.006334
11850,30231G10,XOM,20678,2021-08-06,0.011538
11850,30231G10,XOM,20678,2021-08-09,-0.011407
11850,30231G10,XOM,20678,2021-08-10,0.017133
11850,30231G10,XOM,20678,2021-08-11,0.002922
11850,30231G10,XOM,20678,2021-08-12,-0.002228
11850,30231G10,XOM,20678,2021-08-13,-0.010113
11850,30231G10,XOM,20678,2021-08-16,-0.014620
11850,30231G10,XOM,20678,2021-08-17,-0.006793
11850,30231G10,XOM,20678,2021-08-18,-0.021058
11850,30231G10,XOM,20678,2021-08-19,-0.030520
11850,30231G10,XOM,20678,2021-08-20,0.000190
11850,30231G10,XOM,20678,2021-08-23,0.041145
11850,30231G10,XOM,20678,2021-08-24,0.008195
11850,30231G10,XOM,20678,2021-08-25,0.001806
11850,30231G10,XOM,20678,2021-08-26,-0.013523
11850,30231G10,XOM,20678,2021-08-27,0.019375
11850,30231G10,XOM,20678,2021-08-30,-0.010938
11850,30231G10,XOM,20678,2021-08-31,-0.011603
11850,30231G10,XOM,20678,2021-09-01,-0.013756
11850,30231G10,XOM,20678,2021-09-02,0.024363
11850,30231G10,XOM,20678,2021-09-03,-0.003813
11850,30231G10,XOM,20678,2021-09-07,-0.005832
11850,30231G10,XOM,20678,2021-09-08,-0.009166
11850,30231G10,XOM,20678,2021-09-09,0.000740
11850,30231G10,XOM,20678,2021-09-10,-0.002034
11850,30231G10,XOM,20678,2021-09-13,0.025750
11850,30231G10,XOM,20678,2021-09-14,-0.014268
11850,30231G10,XOM,20678,2021-09-15,0.033712
11850,30231G10,XOM,20678,2021-09-16,-0.010635
11850,30231G10,XOM,20678,2021-09-17,-0.011824
11850,30231G10,XOM,20678,2021-09-20,-0.026650
11850,30231G10,XOM,20678,2021-09-21,-0.000931
11850,30231G10,XOM,20678,2021-09-22,0.029269
11850,30231G10,XOM,20678,2021-09-23,0.033871
11850,30231G10,XOM,20678,2021-09-24,0.008935
11850,30231G10,XOM,20678,2021-09-27,0.029693
11850,30231G10,XOM,20678,2021-09-28,0.010455
11850,30231G10,XOM,20678,2021-09-29,-0.000668
11850,30231G10,XOM,20678,2021-09-30,-0.017702
11850,30231G10,XOM,20678,2021-10-01,0.035872
11850,30231G10,XOM,20678,2021-10-04,0.012966
11850,30231G10,XOM,20678,2021-10-05,-0.001620
11850,30231G10,XOM,20678,2021-10-06,-0.018338
11850,30231G10,XOM,20678,2021-10-07,0.002810
11850,30231G10,XOM,20678,2021-10-08,0.025058
11850,30231G10,XOM,20678,2021-10-11,-0.009971
11850,30231G10,XOM,20678,2021-10-12,-0.005198
11850,30231G10,XOM,20678,2021-10-13,-0.002776
11850,30231G10,XOM,20678,2021-10-14,0.015228
11850,30231G10,XOM,20678,2021-10-15,0.009516
11850,30231G10,XOM,20678,2021-10-18,-0.000479
11850,30231G10,XOM,20678,2021-10-19,0.015026
11850,30231G10,XOM,20678,2021-10-20,0.005512
11850,30231G10,XOM,20678,2021-10-21,-0.018168
11850,30231G10,XOM,20678,2021-10-22,0.006859
11850,30231G10,XOM,20678,2021-10-25,0.019487
11850,30231G10,XOM,20678,2021-10-26,0.023155
11850,30231G10,XOM,20678,2021-10-27,-0.025972
11850,30231G10,XOM,20678,2021-10-28,0.002807
11850,30231G10,XOM,20678,2021-10-29,0.002488
11850,30231G10,XOM,20678,2021-11-01,0.017993
11850,30231G10,XOM,20678,2021-11-02,-0.012342
11850,30231G10,XOM,20678,2021-11-03,-0.013730
11850,30231G10,XOM,20678,2021-11-04,0.007508
11850,30231G10,XOM,20678,2021-11-05,0.009471
11850,30231G10,XOM,20678,2021-11-08,0.010766
11850,30231G10,XOM,20678,2021-11-09,0.009738
11850,30231G10,XOM,20678,2021-11-10,-0.019439
11850,30231G10,XOM,20678,2021-11-11,0.001869
11850,30231G10,XOM,20678,2021-11-12,-0.007619
11850,30231G10,XOM,20678,2021-11-15,0.008618
11850,30231G10,XOM,20678,2021-11-16,0.010098
11850,30231G10,XOM,20678,2021-11-17,-0.010920
11850,30231G10,XOM,20678,2021-11-18,-0.010885
11850,30231G10,XOM,20678,2021-11-19,-0.046219
11850,30231G10,XOM,20678,2021-11-22,0.013845
11850,30231G10,XOM,20678,2021-11-23,0.026337
11850,30231G10,XOM,20678,2021-11-24,0.005544
11850,30231G10,XOM,20678,2021-11-26,-0.035129
11850,30231G10,XOM,20678,2021-11-29,0.005551
11850,30231G10,XOM,20678,2021-11-30,-0.028414
11850,30231G10,XOM,20678,2021-12-01,-0.000836
11850,30231G10,XOM,20678,2021-12-02,0.024921
11850,30231G10,XOM,20678,2021-12-03,-0.006364
11850,30231G10,XOM,20678,2021-12-06,0.011332
11850,30231G10,XOM,20678,2021-12-07,0.011205
11850,30231G10,XOM,20678,2021-12-08,0.002891
11850,30231G10,XOM,20678,2021-12-09,0.002562
11850,30231G10,XOM,20678,2021-12-10,0.006389
11850,30231G10,XOM,20678,2021-12-13,-0.021901
11850,30231G10,XOM,20678,2021-12-14,-0.001460
11850,30231G10,XOM,20678,2021-12-15,-0.004387
11850,30231G10,XOM,20678,2021-12-16,0.001632
11850,30231G10,XOM,20678,2021-12-17,-0.021835
11850,30231G10,XOM,20678,2021-12-20,-0.014493
11850,30231G10,XOM,20678,2021-12-21,0.022650
11850,30231G10,XOM,20678,2021-12-22,0.008099
11850,30231G10,XOM,20678,2021-12-23,0.000492
11850,30231G10,XOM,20678,2021-12-27,0.014258
11850,30231G10,XOM,20678,2021-12-28,-0.003232
11850,30231G10,XOM,20678,2021-12-29,-0.008753
11850,30231G10,XOM,20678,2021-12-30,-0.005887
11850,30231G10,XOM,20678,2021-12-31,0.006580
11850,30231G10,XOM,20678,2022-01-03,0.038405
11850,30231G10,XOM,20678,2022-01-04,0.037614
11850,30231G10,XOM,20678,2022-01-05,0.012437
11850,30231G10,XOM,20678,2022-01-06,0.023521
11850,30231G10,XOM,20678,2022-01-07,0.008197
11850,30231G10,XOM,20678,2022-01-10,-0.005952
11850,30231G10,XOM,20678,2022-01-11,0.042062
11850,30231G10,XOM,20678,2022-01-12,-0.002943
11850,30231G10,XOM,20678,2022-01-13,-0.007169
11850,30231G10,XOM,20678,2022-01-14,0.017556
11850,30231G10,XOM,20678,2022-01-18,0.016836
11850,30231G10,XOM,20678,2022-01-19,0.000411
11850,30231G10,XOM,20678,2022-01-20,0.002188
11850,30231G10,XOM,20678,2022-01-21,-0.015013
11850,30231G10,XOM,20678,2022-01-24,0.008591
11850,30231G10,XOM,20678,2022-01-25,0.029400
11850,30231G10,XOM,20678,2022-01-26,-0.010143
11850,30231G10,XOM,20678,2022-01-27,0.012808
11850,30231G10,XOM,20678,2022-01-28,0.002130
11850,30231G10,XOM,20678,2022-01-31,0.009033
11850,30231G10,XOM,20678,2022-02-01,0.064113
11850,30231G10,XOM,20678,2022-02-02,-0.002598
11850,30231G10,XOM,20678,2022-02-03,-0.011660
11850,30231G10,XOM,20678,2022-02-04,0.021712
11850,30231G10,XOM,20678,2022-02-07,0.012038
11850,30231G10,XOM,20678,2022-02-08,-0.025853
11850,30231G10,XOM,20678,2022-02-09,-0.004735
11850,30231G10,XOM,20678,2022-02-10,-0.009620
11850,30231G10,XOM,20678,2022-02-11,0.025179
11850,30231G10,XOM,20678,2022-02-14,-0.015335
11850,30231G10,XOM,20678,2022-02-15,-0.012535
11850,30231G10,XOM,20678,2022-02-16,0.004616
11850,30231G10,XOM,20678,2022-02-17,-0.001532
11850,30231G10,XOM,20678,2022-02-18,-0.011121
11850,30231G10,XOM,20678,2022-02-22,-0.011634
11850,30231G10,XOM,20678,2022-02-23,0.004054
11850,30231G10,XOM,20678,2022-02-24,-0.012635
11850,30231G10,XOM,20678,2022-02-25,0.026913
11850,30231G10,XOM,20678,2022-02-28,0.007451
11850,30231G10,XOM,20678,2022-03-01,0.009564
11850,30231G10,XOM,20678,2022-03-02,0.017178
11850,30231G10,XOM,20678,2022-03-03,0.006333
11850,30231G10,XOM,20678,2022-03-04,0.037636
11850,30231G10,XOM,20678,2022-03-07,0.036033
11850,30231G10,XOM,20678,2022-03-08,0.007576
11850,30231G10,XOM,20678,2022-03-09,-0.056847
11850,30231G10,XOM,20678,2022-03-10,0.031042
11850,30231G10,XOM,20678,2022-03-11,-0.005155
11850,30231G10,XOM,20678,2022-03-14,-0.035798
11850,30231G10,XOM,20678,2022-03-15,-0.056913
11850,30231G10,XOM,20678,2022-03-16,-0.003756
11850,30231G10,XOM,20678,2022-03-17,0.026648
11850,30231G10,XOM,20678,2022-03-18,-0.003925
11850,30231G10,XOM,20678,2022-03-21,0.044871
11850,30231G10,XOM,20678,2022-03-22,-0.004380
11850,30231G10,XOM,20678,2022-03-23,0.015762
11850,30231G10,XOM,20678,2022-03-24,0.003007
11850,30231G10,XOM,20678,2022-03-25,0.021828
11850,30231G10,XOM,20678,2022-03-28,-0.028052
11850,30231G10,XOM,20678,2022-03-29,-0.005313
11850,30231G10,XOM,20678,2022-03-30,0.017118
11850,30231G10,XOM,20678,2022-03-31,-0.014204
11850,30231G10,XOM,20678,2022-04-01,0.006417
11850,30231G10,XOM,20678,2022-04-04,0.000481
11850,30231G10,XOM,20678,2022-04-05,-0.005171
11850,30231G10,XOM,20678,2022-04-06,0.011121
11850,30231G10,XOM,20678,2022-04-07,0.016736
11850,30231G10,XOM,20678,2022-04-08,0.021046
11850,30231G10,XOM,20678,2022-04-11,-0.034431
11850,30231G10,XOM,20678,2022-04-12,0.020871
11850,30231G10,XOM,20678,2022-04-13,0.014136
11850,30231G10,XOM,20678,2022-04-14,0.011750
11850,30231G10,XOM,20678,2022-04-18,0.008198
11850,30231G10,XOM,20678,2022-04-19,-0.008922
11850,30231G10,XOM,20678,2022-04-20,0.002279
11850,30231G10,XOM,20678,2022-04-21,-0.010573
11850,30231G10,XOM,20678,2022-04-22,-0.021832
11850,30231G10,XOM,20678,2022-04-25,-0.033713
11850,30231G10,XOM,20678,2022-04-26,0.000365
11850,30231G10,XOM,20678,2022-04-27,0.028558
11850,30231G10,XOM,20678,2022-04-28,0.030246
11850,30231G10,XOM,20678,2022-04-29,-0.022362
11850,30231G10,XOM,20678,2022-05-02,0.013607
11850,30231G10,XOM,20678,2022-05-03,0.020599
11850,30231G10,XOM,20678,2022-05-04,0.039800
11850,30231G10,XOM,20678,2022-05-05,-0.015158
11850,30231G10,XOM,20678,2022-05-06,0.015281
11850,30231G10,XOM,20678,2022-05-09,-0.078853
11850,30231G10,XOM,20678,2022-05-10,0.006630
11850,30231G10,XOM,20678,2022-05-11,0.020819
11850,30231G10,XOM,20678,2022-05-12,0.004494
11850,30231G10,XOM,20678,2022-05-13,0.029664
11850,30231G10,XOM,20678,2022-05-16,0.023520
11850,30231G10,XOM,20678,2022-05-17,0.012754
11850,30231G10,XOM,20678,2022-05-18,-0.015851
11850,30231G10,XOM,20678,2022-05-19,0.005405
11850,30231G10,XOM,20678,2022-05-20,0.007900
11850,30231G10,XOM,20678,2022-05-23,0.022099
11850,30231G10,XOM,20678,2022-05-24,0.005432
11850,30231G10,XOM,20678,2022-05-25,0.020127
11850,30231G10,XOM,20678,2022-05-26,0.003531
11850,30231G10,XOM,20678,2022-05-27,0.009830
11850,30231G10,XOM,20678,2022-05-31,-0.016293
11850,30231G10,XOM,20678,2022-06-01,0.019167
11850,30231G10,XOM,20678,2022-06-02,-0.001738
11850,30231G10,XOM,20678,2022-06-03,0.014539
11850,30231G10,XOM,20678,2022-06-06,-0.002523
11850,30231G10,XOM,20678,2022-06-07,0.045832
11850,30231G10,XOM,20678,2022-06-08,0.011802
11850,30231G10,XOM,20678,2022-06-09,-0.021608
11850,30231G10,XOM,20678,2022-06-10,-0.018274
11850,30231G10,XOM,20678,2022-06-13,-0.045889
11850,30231G10,XOM,20678,2022-06-14,0.002608
11850,30231G10,XOM,20678,2022-06-15,-0.012591
11850,30231G10,XOM,20678,2022-06-16,-0.036885
11850,30231G10,XOM,20678,2022-06-17,-0.057665
11850,30231G10,XOM,20678,2022-06-21,0.062239
11850,30231G10,XOM,20678,2022-06-22,-0.039571
11850,30231G10,XOM,20678,2022-06-23,-0.030162
11850,30231G10,XOM,20678,2022-06-24,0.019833
11850,30231G10,XOM,20678,2022-06-27,0.024511
11850,30231G10,XOM,20678,2022-06-28,0.027743
11850,30231G10,XOM,20678,2022-06-29,-0.036940
11850,30231G10,XOM,20678,2022-06-30,-0.028143
11850,30231G10,XOM,20678,2022-07-01,0.022303
11850,30231G10,XOM,20678,2022-07-05,-0.031296
11850,30231G10,XOM,20678,2022-07-06,-0.018040
11850,30231G10,XOM,20678,2022-07-07,0.031940
11850,30231G10,XOM,20678,2022-07-08,0.001629
11850,30231G10,XOM,20678,2022-07-11,-0.005112
11850,30231G10,XOM,20678,2022-07-12,-0.013312
11850,30231G10,XOM,20678,2022-07-13,0.004024
11850,30231G10,XOM,20678,2022-07-14,-0.020038
11850,30231G10,XOM,20678,2022-07-15,0.016839
11850,30231G10,XOM,20678,2022-07-18,0.018453
11850,30231G10,XOM,20678,2022-07-19,0.025203
11850,30231G10,XOM,20678,2022-07-20,0.010989
11850,30231G10,XOM,20678,2022-07-21,-0.016697
11850,30231G10,XOM,20678,2022-07-22,-0.007635
11850,30231G10,XOM,20678,2022-07-25,0.033303
11850,30231G10,XOM,20678,2022-07-26,-0.003890
11850,30231G10,XOM,20678,2022-07-27,0.021645
11850,30231G10,XOM,20678,2022-07-28,0.011685
11850,30231G10,XOM,20678,2022-07-29,0.046308
11850,30231G10,XOM,20678,2022-08-01,-0.025276
11850,30231G10,XOM,20678,2022-08-02,-0.004340
11850,30231G10,XOM,20678,2022-08-03,-0.032423
11850,30231G10,XOM,20678,2022-08-04,-0.042079
11850,30231G10,XOM,20678,2022-08-05,0.014451
11850,30231G10,XOM,20678,2022-08-08,0.005653
11850,30231G10,XOM,20678,2022-08-09,0.018437
11850,30231G10,XOM,20678,2022-08-10,0.009493
11850,30231G10,XOM,20678,2022-08-11,0.028650
11850,30231G10,XOM,20678,2022-08-12,0.008692
11850,30231G10,XOM,20678,2022-08-15,-0.017872
11850,30231G10,XOM,20678,2022-08-16,-0.009315
11850,30231G10,XOM,20678,2022-08-17,0.008091
11850,30231G10,XOM,20678,2022-08-18,0.023644
11850,30231G10,XOM,20678,2022-08-19,-0.003179
11850,30231G10,XOM,20678,2022-08-22,-0.000744
11850,30231G10,XOM,20678,2022-08-23,0.042442
11850,30231G10,XOM,20678,2022-08-24,0.005918
11850,30231G10,XOM,20678,2022-08-25,0.005173
11850,30231G10,XOM,20678,2022-08-26,-0.012312
11850,30231G10,XOM,20678,2022-08-29,0.022990
11850,30231G10,XOM,20678,2022-08-30,-0.038054
11850,30231G10,XOM,20678,2022-08-31,-0.007476
11850,30231G10,XOM,20678,2022-09-01,-0.017994
11850,30231G10,XOM,20678,2022-09-02,0.018323
11850,30231G10,XOM,20678,2022-09-06,-0.006695
11850,30231G10,XOM,20678,2022-09-07,-0.008531
11850,30231G10,XOM,20678,2022-09-08,0.008179
11850,30231G10,XOM,20678,2022-09-09,0.016753
11850,30231G10,XOM,20678,2022-09-12,0.011503
11850,30231G10,XOM,20678,2022-09-13,-0.023358
11850,30231G10,XOM,20678,2022-09-14,0.024546
11850,30231G10,XOM,20678,2022-09-15,-0.029078
11850,30231G10,XOM,20678,2022-09-16,-0.017083
11850,30231G10,XOM,20678,2022-09-19,-0.000107
11850,30231G10,XOM,20678,2022-09-20,-0.008155
11850,30231G10,XOM,20678,2022-09-21,-0.016119
11850,30231G10,XOM,20678,2022-09-22,-0.004178
11850,30231G10,XOM,20678,2022-09-23,-0.053219
11850,30231G10,XOM,20678,2022-09-26,-0.020641
11850,30231G10,XOM,20678,2022-09-27,0.020957
11850,30231G10,XOM,20678,2022-09-28,0.036389
11850,30231G10,XOM,20678,2022-09-29,-0.002026
11850,30231G10,XOM,20678,2022-09-30,-0.015449
11850,30231G10,XOM,20678,2022-10-03,0.052800
11850,30231G10,XOM,20678,2022-10-04,0.036445
11850,30231G10,XOM,20678,2022-10-05,0.040411
11850,30231G10,XOM,20678,2022-10-06,0.029661
11850,30231G10,XOM,20678,2022-10-07,-0.010092
11850,30231G10,XOM,20678,2022-10-10,-0.021677
11850,30231G10,XOM,20678,2022-10-11,-0.008499
11850,30231G10,XOM,20678,2022-10-12,0.004388
11850,30231G10,XOM,20678,2022-10-13,0.034949
11850,30231G10,XOM,20678,2022-10-14,-0.026308
11850,30231G10,XOM,20678,2022-10-17,0.014417
11850,30231G10,XOM,20678,2022-10-18,0.001789
11850,30231G10,XOM,20678,2022-10-19,0.029663
11850,30231G10,XOM,20678,2022-10-20,0.001349
11850,30231G10,XOM,20678,2022-10-21,0.018570
11850,30231G10,XOM,20678,2022-10-24,0.006990
11850,30231G10,XOM,20678,2022-10-25,-0.006754
11850,30231G10,XOM,20678,2022-10-26,0.011900
11850,30231G10,XOM,20678,2022-10-27,0.003827
11850,30231G10,XOM,20678,2022-10-28,0.029289
11850,30231G10,XOM,20678,2022-10-31,0.000994
11850,30231G10,XOM,20678,2022-11-01,0.009927
11850,30231G10,XOM,20678,2022-11-02,-0.020552
11850,30231G10,XOM,20678,2022-11-03,0.013594
11850,30231G10,XOM,20678,2022-11-04,0.010891
11850,30231G10,XOM,20678,2022-11-07,0.011842
11850,30231G10,XOM,20678,2022-11-08,0.003168
11850,30231G10,XOM,20678,2022-11-09,-0.044737
11850,30231G10,XOM,20678,2022-11-10,0.014692
11850,30231G10,XOM,20678,2022-11-11,0.031222
11850,30231G10,XOM,20678,2022-11-14,0.002896
11850,30231G10,XOM,20678,2022-11-15,0.006704
11850,30231G10,XOM,20678,2022-11-16,-0.010690
11850,30231G10,XOM,20678,2022-11-17,0.001328
11850,30231G10,XOM,20678,2022-11-18,-0.008668
11850,30231G10,XOM,20678,2022-11-21,-0.009904
11850,30231G10,XOM,20678,2022-11-22,0.028927
11850,30231G10,XOM,20678,2022-11-23,-0.004992
11850,30231G10,XOM,20678,2022-11-25,-0.003521
11850,30231G10,XOM,20678,2022-11-28,-0.030033
11850,30231G10,XOM,20678,2022-11-29,0.006648
11850,30231G10,XOM,20678,2022-11-30,0.007237
11850,30231G10,XOM,20678,2022-12-01,-0.004850
11850,30231G10,XOM,20678,2022-12-02,-0.008484
11850,30231G10,XOM,20678,2022-12-05,-0.027399
11850,30231G10,XOM,20678,2022-12-06,-0.027796
11850,30231G10,XOM,20678,2022-12-07,-0.002214
11850,30231G10,XOM,20678,2022-12-08,0.007429
11850,30231G10,XOM,20678,2022-12-09,-0.008428
11850,30231G10,XOM,20678,2022-12-12,0.024628
11850,30231G10,XOM,20678,2022-12-13,0.010934
11850,30231G10,XOM,20678,2022-12-14,-0.007366
11850,30231G10,XOM,20678,2022-12-15,-0.009581
11850,30231G10,XOM,20678,2022-12-16,-0.007018
11850,30231G10,XOM,20678,2022-12-19,0.004489
11850,30231G10,XOM,20678,2022-12-20,0.014453
11850,30231G10,XOM,20678,2022-12-21,0.012841
11850,30231G10,XOM,20678,2022-12-22,-0.020174
11850,30231G10,XOM,20678,2022-12-23,0.026445
11850,30231G10,XOM,20678,2022-12-27,0.013894
11850,30231G10,XOM,20678,2022-12-28,-0.016426
11850,30231G10,XOM,20678,2022-12-29,0.007566
11850,30231G10,XOM,20678,2022-12-30,0.010073
14541,16676410,CVX,20440,2018-01-02,0.019091
14541,16676410,CVX,20440,2018-01-03,0.007290
14541,16676410,CVX,20440,2018-01-04,-0.003113
14541,16676410,CVX,20440,2018-01-05,-0.001639
14541,16676410,CVX,20440,2018-01-08,0.004926
14541,16676410,CVX,20440,2018-01-09,-0.005368
14541,16676410,CVX,20440,2018-01-10,0.006414
14541,16676410,CVX,20440,2018-01-11,0.030390
14541,16676410,CVX,20440,2018-01-12,0.007769
14541,16676410,CVX,20440,2018-01-16,-0.011901
14541,16676410,CVX,20440,2018-01-17,0.002651
14541,16676410,CVX,20440,2018-01-18,-0.005817
14541,16676410,CVX,20440,2018-01-19,-0.002204
14541,16676410,CVX,20440,2018-01-22,0.009596
14541,16676410,CVX,20440,2018-01-23,-0.011617
14541,16676410,CVX,20440,2018-01-24,0.002824
14541,16676410,CVX,20440,2018-01-25,-0.005632
14541,16676410,CVX,20440,2018-01-26,0.004133
14541,16676410,CVX,20440,2018-01-29,-0.020657
14541,16676410,CVX,20440,2018-01-30,-0.025296
14541,16676410,CVX,20440,2018-01-31,0.000958
14541,16676410,CVX,20440,2018-02-01,0.001755
14541,16676410,CVX,20440,2018-02-02,-0.055666
14541,16676410,CVX,20440,2018-02-05,-0.050261
14541,16676410,CVX,20440,2018-02-06,0.040490
14541,16676410,CVX,20440,2018-02-07,-0.016129
14541,16676410,CVX,20440,2018-02-08,-0.025935
14541,16676410,CVX,20440,2018-02-09,0.010686
14541,16676410,CVX,20440,2018-02-12,0.004229
14541,16676410,CVX,20440,2018-02-13,-0.006054
14541,16676410,CVX,20440,2018-02-14,0.003001
14541,16676410,CVX,20440,2018-02-15,0.000176
14541,16676410,CVX,20440,2018-02-16,-0.003466
14541,16676410,CVX,20440,2018-02-20,-0.010344
14541,16676410,CVX,20440,2018-02-21,-0.017300
14541,16676410,CVX,20440,2018-02-22,0.007610
14541,16676410,CVX,20440,2018-02-23,0.024570
14541,16676410,CVX,20440,2018-02-26,0.017852
14541,16676410,CVX,20440,2018-02-27,-0.008639
14541,16676410,CVX,20440,2018-02-28,-0.014875
14541,16676410,CVX,20440,2018-03-01,0.001072
14541,16676410,CVX,20440,2018-03-02,-0.003570
14541,16676410,CVX,20440,2018-03-05,0.013526
14541,16676410,CVX,20440,2018-03-06,0.004419
14541,16676410,CVX,20440,2018-03-07,0.001672
14541,16676410,CVX,20440,2018-03-08,-0.004304
14541,16676410,CVX,20440,2018-03-09,0.034142
14541,16676410,CVX,20440,2018-03-12,-0.003668
14541,16676410,CVX,20440,2018-03-13,-0.002826
14541,16676410,CVX,20440,2018-03-14,-0.011420
14541,16676410,CVX,20440,2018-03-15,0.003909
14541,16676410,CVX,20440,2018-03-16,-0.001557
14541,16676410,CVX,20440,2018-03-19,-0.013085
14541,16676410,CVX,20440,2018-03-20,0.005356
14541,16676410,CVX,20440,2018-03-21,0.022183
14541,16676410,CVX,20440,2018-03-22,-0.028537
14541,16676410,CVX,20440,2018-03-23,-0.006332
14541,16676410,CVX,20440,2018-03-26,0.020977
14541,16676410,CVX,20440,2018-03-27,-0.005982
14541,16676410,CVX,20440,2018-03-28,-0.022327
14541,16676410,CVX,20440,2018-03-29,0.017306
14541,16676410,CVX,20440,2018-04-02,-0.015784
14541,16676410,CVX,20440,2018-04-03,0.023076
14541,16676410,CVX,20440,2018-04-04,-0.003048
14541,16676410,CVX,20440,2018-04-05,0.024546
14541,16676410,CVX,20440,2018-04-06,-0.021570
14541,16676410,CVX,20440,2018-04-09,0.010631
14541,16676410,CVX,20440,2018-04-10,0.024746
14541,16676410,CVX,20440,2018-04-11,0.003366
14541,16676410,CVX,20440,2018-04-12,-0.000168
14541,16676410,CVX,20440,2018-04-13,0.005787
14541,16676410,CVX,20440,2018-04-16,0.006504
14541,16676410,CVX,20440,2018-04-17,0.006297
14541,16676410,CVX,20440,2018-04-18,0.019430
14541,16676410,CVX,20440,2018-04-19,-0.000888
14541,16676410,CVX,20440,2018-04-20,-0.011317
14541,16676410,CVX,20440,2018-04-23,0.010383
14541,16676410,CVX,20440,2018-04-24,-0.008416
14541,16676410,CVX,20440,2018-04-25,0.001469
14541,16676410,CVX,20440,2018-04-26,0.012223
14541,16676410,CVX,20440,2018-04-27,0.019321
14541,16676410,CVX,20440,2018-04-30,-0.011925
14541,16676410,CVX,20440,2018-05-01,-0.001998
14541,16676410,CVX,20440,2018-05-02,0.005046
14541,16676410,CVX,20440,2018-05-03,0.004144
14541,16676410,CVX,20440,2018-05-04,-0.003809
14541,16676410,CVX,20440,2018-05-07,-0.004700
14541,16676410,CVX,20440,2018-05-08,0.013046
14541,16676410,CVX,20440,2018-05-09,0.016987
14541,16676410,CVX,20440,2018-05-10,0.000777
14541,16676410,CVX,20440,2018-05-11,0.007918
14541,16676410,CVX,20440,2018-05-14,0.004236
14541,16676410,CVX,20440,2018-05-15,-0.004985
14541,16676410,CVX,20440,2018-05-16,-0.001387
14541,16676410,CVX,20440,2018-05-17,0.007873
14541,16676410,CVX,20440,2018-05-18,-0.012359
14541,16676410,CVX,20440,2018-05-21,0.011810
14541,16676410,CVX,20440,2018-05-22,-0.008812
14541,16676410,CVX,20440,2018-05-23,0.003665
14541,16676410,CVX,20440,2018-05-24,-0.016239
14541,16676410,CVX,20440,2018-05-25,-0.034910
14541,16676410,CVX,20440,2018-05-29,-0.006547
14541,16676410,CVX,20440,2018-05-30,0.031057
14541,16676410,CVX,20440,2018-05-31,-0.006871
14541,16676410,CVX,20440,2018-06-01,-0.003620
14541,16676410,CVX,20440,2018-06-04,-0.012838
14541,16676410,CVX,20440,2018-06-05,0.003844
14541,16676410,CVX,20440,2018-06-06,0.005296
14541,16676410,CVX,20440,2018-06-07,0.029016
14541,16676410,CVX,20440,2018-06-08,-0.004096
14541,16676410,CVX,20440,2018-06-11,0.008858
14541,16676410,CVX,20440,2018-06-12,-0.003763
14541,16676410,CVX,20440,2018-06-13,-0.000079
14541,16676410,CVX,20440,2018-06-14,-0.004407
14541,16676410,CVX,20440,2018-06-15,-0.019524
14541,16676410,CVX,20440,2018-06-18,0.015559
14541,16676410,CVX,20440,2018-06-19,-0.003414
14541,16676410,CVX,20440,2018-06-20,-0.001991
14541,16676410,CVX,20440,2018-06-21,-0.021550
14541,16676410,CVX,20440,2018-06-22,0.020475
14541,16676410,CVX,20440,2018-06-25,-0.019904
14541,16676410,CVX,20440,2018-06-26,0.012642
14541,16676410,CVX,20440,2018-06-27,0.014820
14541,16676410,CVX,20440,2018-06-28,-0.002698
14541,16676410,CVX,20440,2018-06-29,0.006128
14541,16676410,CVX,20440,2018-07-02,-0.017243
14541,16676410,CVX,20440,2018-07-03,0.003863
14541,16676410,CVX,20440,2018-07-05,-0.006013
14541,16676410,CVX,20440,2018-07-06,0.001291
14541,16676410,CVX,20440,2018-07-09,0.014903
14541,16676410,CVX,20440,2018-07-10,0.012699
14541,16676410,CVX,20440,2018-07-11,-0.031899
14541,16676410,CVX,20440,2018-07-12,0.005991
14541,16676410,CVX,20440,2018-07-13,-0.001770
14541,16676410,CVX,20440,2018-07-16,-0.008546
14541,16676410,CVX,20440,2018-07-17,-0.008701
14541,16676410,CVX,20440,2018-07-18,-0.003117
14541,16676410,CVX,20440,2018-07-19,0.001152
14541,16676410,CVX,20440,2018-07-20,0.004931
14541,16676410,CVX,20440,2018-07-23,-0.007688
14541,16676410,CVX,20440,2018-07-24,0.020770
14541,16676410,CVX,20440,2018-07-25,0.008478
14541,16676410,CVX,20440,2018-07-26,-0.007606
14541,16676410,CVX,20440,2018-07-27,0.016297
14541,16676410,CVX,20440,2018-07-30,0.014765
14541,16676410,CVX,20440,2018-07-31,-0.012204
14541,16676410,CVX,20440,2018-08-01,-0.006969
14541,16676410,CVX,20440,2018-08-02,-0.012999
14541,16676410,CVX,20440,2018-08-03,0.002343
14541,16676410,CVX,20440,2018-08-06,0.002015
14541,16676410,CVX,20440,2018-08-07,0.007080
14541,16676410,CVX,20440,2018-08-08,-0.010385
14541,16676410,CVX,20440,2018-08-09,-0.010898
14541,16676410,CVX,20440,2018-08-10,0.006611
14541,16676410,CVX,20440,2018-08-13,-0.007297
14541,16676410,CVX,20440,2018-08-14,0.001143
14541,16676410,CVX,20440,2018-08-15,-0.037853
14541,16676410,CVX,20440,2018-08-16,0.007122
14541,16676410,CVX,20440,2018-08-17,0.001190
14541,16676410,CVX,20440,2018-08-20,-0.000424
14541,16676410,CVX,20440,2018-08-21,0.001614
14541,16676410,CVX,20440,2018-08-22,0.008309
14541,16676410,CVX,20440,2018-08-23,-0.006895
14541,16676410,CVX,20440,2018-08-24,0.007705
14541,16676410,CVX,20440,2018-08-27,0.011260
14541,16676410,CVX,20440,2018-08-28,-0.004071
14541,16676410,CVX,20440,2018-08-29,0.003004
14541,16676410,CVX,20440,2018-08-30,-0.003410
14541,16676410,CVX,20440,2018-08-31,-0.011268
14541,16676410,CVX,20440,2018-09-04,0.003461
14541,16676410,CVX,20440,2018-09-05,0.000421
14541,16676410,CVX,20440,2018-09-06,-0.031029
14541,16676410,CVX,20440,2018-09-07,-0.005467
14541,16676410,CVX,20440,2018-09-10,-0.001047
14541,16676410,CVX,20440,2018-09-11,0.004717
14541,16676410,CVX,20440,2018-09-12,0.006694
14541,16676410,CVX,20440,2018-09-13,0.004405
14541,16676410,CVX,20440,2018-09-14,0.009286
14541,16676410,CVX,20440,2018-09-17,0.001108
14541,16676410,CVX,20440,2018-09-18,0.005276
14541,16676410,CVX,20440,2018-09-19,0.011682
14541,16676410,CVX,20440,2018-09-20,-0.000753
14541,16676410,CVX,20440,2018-09-21,0.014319
14541,16676410,CVX,20440,2018-09-24,0.012301
14541,16676410,CVX,20440,2018-09-25,0.006116
14541,16676410,CVX,20440,2018-09-26,-0.011510
14541,16676410,CVX,20440,2018-09-27,0.004264
14541,16676410,CVX,20440,2018-09-28,-0.001551
14541,16676410,CVX,20440,2018-10-01,0.017255
14541,16676410,CVX,20440,2018-10-02,0.002814
14541,16676410,CVX,20440,2018-10-03,0.004570
14541,16676410,CVX,20440,2018-10-04,-0.002873
14541,16676410,CVX,20440,2018-10-05,0.003041
14541,16676410,CVX,20440,2018-10-08,-0.003910
14541,16676410,CVX,20440,2018-10-09,0.015860
14541,16676410,CVX,20440,2018-10-10,-0.033276
14541,16676410,CVX,20440,2018-10-11,-0.034013
14541,16676410,CVX,20440,2018-10-12,-0.005573
14541,16676410,CVX,20440,2018-10-15,-0.007048
14541,16676410,CVX,20440,2018-10-16,0.004874
14541,16676410,CVX,20440,2018-10-17,-0.001872
14541,16676410,CVX,20440,2018-10-18,0.001535
14541,16676410,CVX,20440,2018-10-19,0.005704
14541,16676410,CVX,20440,2018-10-22,-0.007872
14541,16676410,CVX,20440,2018-10-23,-0.032506
14541,16676410,CVX,20440,2018-10-24,-0.028131
14541,16676410,CVX,20440,2018-10-25,0.012431
14541,16676410,CVX,20440,2018-10-26,-0.000448
14541,16676410,CVX,20440,2018-10-29,-0.023312
14541,16676410,CVX,20440,2018-10-30,0.017626
14541,16676410,CVX,20440,2018-10-31,0.007217
14541,16676410,CVX,20440,2018-11-01,-0.004299
14541,16676410,CVX,20440,2018-11-02,0.032023
14541,16676410,CVX,20440,2018-11-05,0.036695
14541,16676410,CVX,20440,2018-11-06,-0.000336
14541,16676410,CVX,20440,2018-11-07,0.016569
14541,16676410,CVX,20440,2018-11-08,-0.012493
14541,16676410,CVX,20440,2018-11-09,0.001257
14541,16676410,CVX,20440,2018-11-12,-0.017739
14541,16676410,CVX,20440,2018-11-13,-0.017378
14541,16676410,CVX,20440,2018-11-14,0.003208
14541,16676410,CVX,20440,2018-11-15,0.020308
14541,16676410,CVX,20440,2018-11-16,0.018042
14541,16676410,CVX,20440,2018-11-19,0.003024
14541,16676410,CVX,20440,2018-11-20,-0.027801
14541,16676410,CVX,20440,2018-11-21,0.012661
14541,16676410,CVX,20440,2018-11-23,-0.033767
14541,16676410,CVX,20440,2018-11-26,0.012148
14541,16676410,CVX,20440,2018-11-27,0.002000
14541,16676410,CVX,20440,2018-11-28,0.025432
14541,16676410,CVX,20440,2018-11-29,0.006010
14541,16676410,CVX,20440,2018-11-30,0.000757
14541,16676410,CVX,20440,2018-12-03,0.014545
14541,16676410,CVX,20440,2018-12-04,-0.028425
14541,16676410,CVX,20440,2018-12-06,-0.011344
14541,16676410,CVX,20440,2018-12-07,-0.003624
14541,16676410,CVX,20440,2018-12-10,-0.004762
14541,16676410,CVX,20440,2018-12-11,0.004611
14541,16676410,CVX,20440,2018-12-12,0.001299
14541,16676410,CVX,20440,2018-12-13,0.002768
14541,16676410,CVX,20440,2018-12-14,-0.018199
14541,16676410,CVX,20440,2018-12-17,-0.012123
14541,16676410,CVX,20440,2018-12-18,-0.024100
14541,16676410,CVX,20440,2018-12-19,-0.017405
14541,16676410,CVX,20440,2018-12-20,-0.026430
14541,16676410,CVX,20440,2018-12-21,-0.007335
14541,16676410,CVX,20440,2018-12-24,-0.030899
14541,16676410,CVX,20440,2018-12-26,0.063373
14541,16676410,CVX,20440,2018-12-27,0.017972
14541,16676410,CVX,20440,2018-12-28,-0.006129
14541,16676410,CVX,20440,2018-12-31,0.001289
14541,16676410,CVX,20440,2019-01-02,0.017465
14541,16676410,CVX,20440,2019-01-03,-0.019153
14541,16676410,CVX,20440,2019-01-04,0.020724
14541,16676410,CVX,20440,2019-01-07,0.012994
14541,16676410,CVX,20440,2019-01-08,-0.004365
14541,16676410,CVX,20440,2019-01-09,0.013420
14541,16676410,CVX,20440,2019-01-10,0.001589
14541,16676410,CVX,20440,2019-01-11,-0.008021
14541,16676410,CVX,20440,2019-01-14,-0.007286
14541,16676410,CVX,20440,2019-01-15,0.003580
14541,16676410,CVX,20440,2019-01-16,-0.006422
14541,16676410,CVX,20440,2019-01-17,0.005027
14541,16676410,CVX,20440,2019-01-18,0.021526
14541,16676410,CVX,20440,2019-01-22,-0.017749
14541,16676410,CVX,20440,2019-01-23,-0.008456
14541,16676410,CVX,20440,2019-01-24,0.019032
14541,16676410,CVX,20440,2019-01-25,-0.002555
14541,16676410,CVX,20440,2019-01-28,-0.009274
14541,16676410,CVX,20440,2019-01-29,-0.003031
14541,16676410,CVX,20440,2019-01-30,0.010552
14541,16676410,CVX,20440,2019-01-31,0.014512
14541,16676410,CVX,20440,2019-02-01,0.032447
14541,16676410,CVX,20440,2019-02-04,0.011574
14541,16676410,CVX,20440,2019-02-05,-0.002171
14541,16676410,CVX,20440,2019-02-06,-0.005022
14541,16676410,CVX,20440,2019-02-07,-0.005468
14541,16676410,CVX,20440,2019-02-08,-0.005498
14541,16676410,CVX,20440,2019-02-11,-0.005358
14541,16676410,CVX,20440,2019-02-12,0.015135
14541,16676410,CVX,20440,2019-02-13,0.007160
14541,16676410,CVX,20440,2019-02-14,-0.001840
14541,16676410,CVX,20440,2019-02-15,0.010071
14541,16676410,CVX,20440,2019-02-19,-0.000335
14541,16676410,CVX,20440,2019-02-20,0.008130
14541,16676410,CVX,20440,2019-02-21,-0.009478
14541,16676410,CVX,20440,2019-02-22,0.002098
14541,16676410,CVX,20440,2019-02-25,0.001926
14541,16676410,CVX,20440,2019-02-26,0.002675
14541,16676410,CVX,20440,2019-02-27,0.001167
14541,16676410,CVX,20440,2019-02-28,-0.004164
14541,16676410,CVX,20440,2019-03-01,0.020488
14541,16676410,CVX,20440,2019-03-04,0.000738
14541,16676410,CVX,20440,2019-03-05,0.009581
14541,16676410,CVX,20440,2019-03-06,0.001947
14541,16676410,CVX,20440,2019-03-07,-0.012871
14541,16676410,CVX,20440,2019-03-08,-0.002624
14541,16676410,CVX,20440,2019-03-11,0.016445
14541,16676410,CVX,20440,2019-03-12,0.002265
14541,16676410,CVX,20440,2019-03-13,0.006215
14541,16676410,CVX,20440,2019-03-14,-0.000561
14541,16676410,CVX,20440,2019-03-15,0.005698
14541,16676410,CVX,20440,2019-03-18,0.004549
14541,16676410,CVX,20440,2019-03-19,-0.004766
14541,16676410,CVX,20440,2019-03-20,-0.004709
14541,16676410,CVX,20440,2019-03-21,0.009383
14541,16676410,CVX,20440,2019-03-22,-0.022009
14541,16676410,CVX,20440,2019-03-25,-0.001625
14541,16676410,CVX,20440,2019-03-26,0.010090
14541,16676410,CVX,20440,2019-03-27,-0.010795
14541,16676410,CVX,20440,2019-03-28,0.001873
14541,16676410,CVX,20440,2019-03-29,0.001301
14541,16676410,CVX,20440,2019-04-01,0.014288
14541,16676410,CVX,20440,2019-04-02,-0.000080
14541,16676410,CVX,20440,2019-04-03,-0.008325
14541,16676410,CVX,20440,2019-04-04,0.007345
14541,16676410,CVX,20440,2019-04-05,0.012981
14541,16676410,CVX,20440,2019-04-08,0.002057
14541,16676410,CVX,20440,2019-04-09,-0.008999
14541,16676410,CVX,20440,2019-04-10,-0.000398
14541,16676410,CVX,20440,2019-04-11,0.003984
14541,16676410,CVX,20440,2019-04-12,-0.049448
14541,16676410,CVX,20440,2019-04-15,0.003173
14541,16676410,CVX,20440,2019-04-16,0.008573
14541,16676410,CVX,20440,2019-04-17,-0.007428
14541,16676410,CVX,20440,2019-04-18,-0.003409
14541,16676410,CVX,20440,2019-04-22,0.017020
14541,16676410,CVX,20440,2019-04-23,0.000984
14541,16676410,CVX,20440,2019-04-24,-0.030651
14541,16676410,CVX,20440,2019-04-25,-0.003213
14541,16676410,CVX,20440,2019-04-26,-0.006785
14541,16676410,CVX,20440,2019-04-29,0.005295
14541,16676410,CVX,20440,2019-04-30,0.019878
14541,16676410,CVX,20440,2019-05-01,-0.018741
14541,16676410,CVX,20440,2019-05-02,-0.012138
14541,16676410,CVX,20440,2019-05-03,0.007647
14541,16676410,CVX,20440,2019-05-06,0.009636
14541,16676410,CVX,20440,2019-05-07,-0.001098
14541,16676410,CVX,20440,2019-05-08,-0.006511
14541,16676410,CVX,20440,2019-05-09,0.031404
14541,16676410,CVX,20440,2019-05-10,0.006601
14541,16676410,CVX,20440,2019-05-13,-0.012706
14541,16676410,CVX,20440,2019-05-14,0.009963
14541,16676410,CVX,20440,2019-05-15,0.004110
14541,16676410,CVX,20440,2019-05-16,-0.001228
14541,16676410,CVX,20440,2019-05-17,-0.002318
14541,16676410,CVX,20440,2019-05-20,0.002655
14541,16676410,CVX,20440,2019-05-21,0.004138
14541,16676410,CVX,20440,2019-05-22,-0.006346
14541,16676410,CVX,20440,2019-05-23,-0.022394
14541,16676410,CVX,20440,2019-05-24,0.007126
14541,16676410,CVX,20440,2019-05-28,-0.003370
14541,16676410,CVX,20440,2019-05-29,-0.013017
14541,16676410,CVX,20440,2019-05-30,-0.011904
14541,16676410,CVX,20440,2019-05-31,-0.013261
14541,16676410,CVX,20440,2019-06-03,0.018797
14541,16676410,CVX,20440,2019-06-04,0.011294
14541,16676410,CVX,20440,2019-06-05,0.002984
14541,16676410,CVX,20440,2019-06-06,0.025754
14541,16676410,CVX,20440,2019-06-07,0.006629
14541,16676410,CVX,20440,2019-06-10,0.006668
14541,16676410,CVX,20440,2019-06-11,-0.009159
14541,16676410,CVX,20440,2019-06-12,-0.008088
14541,16676410,CVX,20440,2019-06-13,0.005991
14541,16676410,CVX,20440,2019-06-14,-0.000827
14541,16676410,CVX,20440,2019-06-17,0.004801
14541,16676410,CVX,20440,2019-06-18,0.012686
14541,16676410,CVX,20440,2019-06-19,-0.000325
14541,16676410,CVX,20440,2019-06-20,0.011311
14541,16676410,CVX,20440,2019-06-21,0.005230
14541,16676410,CVX,20440,2019-06-24,-0.000160
14541,16676410,CVX,20440,2019-06-25,-0.010167
14541,16676410,CVX,20440,2019-06-26,0.002346
14541,16676410,CVX,20440,2019-06-27,-0.006617
14541,16676410,CVX,20440,2019-06-28,0.010803
14541,16676410,CVX,20440,2019-07-01,0.003214
14541,16676410,CVX,20440,2019-07-02,-0.015300
14541,16676410,CVX,20440,2019-07-03,0.003417
14541,16676410,CVX,20440,2019-07-05,0.001540
14541,16676410,CVX,20440,2019-07-08,0.000486
14541,16676410,CVX,20440,2019-07-09,-0.002023
14541,16676410,CVX,20440,2019-07-10,0.016944
14541,16676410,CVX,20440,2019-07-11,-0.000080
14541,16676410,CVX,20440,2019-07-12,0.004385
14541,16676410,CVX,20440,2019-07-15,-0.002064
14541,16676410,CVX,20440,2019-07-16,-0.007636
14541,16676410,CVX,20440,2019-07-17,-0.004970
14541,16676410,CVX,20440,2019-07-18,0.004350
14541,16676410,CVX,20440,2019-07-19,0.002887
14541,16676410,CVX,20440,2019-07-22,0.002159
14541,16676410,CVX,20440,2019-07-23,0.004070
14541,16676410,CVX,20440,2019-07-24,0.005722
14541,16676410,CVX,20440,2019-07-25,-0.007191
14541,16676410,CVX,20440,2019-07-26,-0.015203
14541,16676410,CVX,20440,2019-07-29,0.004122
14541,16676410,CVX,20440,2019-07-30,0.000885
14541,16676410,CVX,20440,2019-07-31,-0.009892
14541,16676410,CVX,20440,2019-08-01,-0.019251
14541,16676410,CVX,20440,2019-08-02,-0.000083
14541,16676410,CVX,20440,2019-08-05,-0.016483
14541,16676410,CVX,20440,2019-08-06,0.005390
14541,16676410,CVX,20440,2019-08-07,-0.002345
14541,16676410,CVX,20440,2019-08-08,0.034677
14541,16676410,CVX,20440,2019-08-09,-0.006573
14541,16676410,CVX,20440,2019-08-12,-0.007107
14541,16676410,CVX,20440,2019-08-13,0.006911
14541,16676410,CVX,20440,2019-08-14,-0.037993
14541,16676410,CVX,20440,2019-08-15,-0.006710
14541,16676410,CVX,20440,2019-08-16,0.000428
14541,16676410,CVX,20440,2019-08-19,0.012952
14541,16676410,CVX,20440,2019-08-20,-0.010059
14541,16676410,CVX,20440,2019-08-21,0.015069
14541,16676410,CVX,20440,2019-08-22,-0.001272
14541,16676410,CVX,20440,2019-08-23,-0.021660
14541,16676410,CVX,20440,2019-08-26,0.004862
14541,16676410,CVX,20440,2019-08-27,0.000778
14541,16676410,CVX,20440,2019-08-28,0.008633
14541,16676410,CVX,20440,2019-08-29,0.005906
14541,16676410,CVX,20440,2019-08-30,0.001702
14541,16676410,CVX,20440,2019-09-03,-0.012317
14541,16676410,CVX,20440,2019-09-04,0.008429
14541,16676410,CVX,20440,2019-09-05,0.003326
14541,16676410,CVX,20440,2019-09-06,0.005270
14541,16676410,CVX,20440,2019-09-09,0.009555
14541,16676410,CVX,20440,2019-09-10,0.020605
14541,16676410,CVX,20440,2019-09-11,-0.004678
14541,16676410,CVX,20440,2019-09-12,0.001154
14541,16676410,CVX,20440,2019-09-13,0.000659
14541,16676410,CVX,20440,2019-09-16,0.021564
14541,16676410,CVX,20440,2019-09-17,-0.001853
14541,16676410,CVX,20440,2019-09-18,0.002341
14541,16676410,CVX,20440,2019-09-19,-0.004187
14541,16676410,CVX,20440,2019-09-20,0.005337
14541,16676410,CVX,20440,2019-09-23,0.004665
14541,16676410,CVX,20440,2019-09-24,-0.009287
14541,16676410,CVX,20440,2019-09-25,-0.001859
14541,16676410,CVX,20440,2019-09-26,-0.027123
14541,16676410,CVX,20440,2019-09-27,-0.012983
14541,16676410,CVX,20440,2019-09-30,0.000000
14541,16676410,CVX,20440,2019-10-01,-0.021838
14541,16676410,CVX,20440,2019-10-02,-0.032066
14541,16676410,CVX,20440,2019-10-03,0.007659
14541,16676410,CVX,20440,2019-10-04,0.006186
14541,16676410,CVX,20440,2019-10-07,-0.005182
14541,16676410,CVX,20440,2019-10-08,-0.013685
14541,16676410,CVX,20440,2019-10-09,0.012801
14541,16676410,CVX,20440,2019-10-10,0.012816
14541,16676410,CVX,20440,2019-10-11,0.013614
14541,16676410,CVX,20440,2019-10-14,0.000258
14541,16676410,CVX,20440,2019-10-15,0.001119
14541,16676410,CVX,20440,2019-10-16,-0.010317
14541,16676410,CVX,20440,2019-10-17,0.002085
14541,16676410,CVX,20440,2019-10-18,-0.005288
14541,16676410,CVX,20440,2019-10-21,0.016298
14541,16676410,CVX,20440,2019-10-22,0.010205
14541,16676410,CVX,20440,2019-10-23,0.001528
14541,16676410,CVX,20440,2019-10-24,-0.003390
14541,16676410,CVX,20440,2019-10-25,0.009270
14541,16676410,CVX,20440,2019-10-28,-0.001601
14541,16676410,CVX,20440,2019-10-29,-0.002954
14541,16676410,CVX,20440,2019-10-30,-0.014983
14541,16676410,CVX,20440,2019-10-31,-0.001891
14541,16676410,CVX,20440,2019-11-01,0.000603
14541,16676410,CVX,20440,2019-11-04,0.046123
14541,16676410,CVX,20440,2019-11-05,0.003044
14541,16676410,CVX,20440,2019-11-06,-0.016730
14541,16676410,CVX,20440,2019-11-07,0.016597
14541,16676410,CVX,20440,2019-11-08,-0.007876
14541,16676410,CVX,20440,2019-11-11,-0.000992
14541,16676410,CVX,20440,2019-11-12,0.001242
14541,16676410,CVX,20440,2019-11-13,0.010913
14541,16676410,CVX,20440,2019-11-14,-0.002617
14541,16676410,CVX,20440,2019-11-15,-0.001066
14541,16676410,CVX,20440,2019-11-18,-0.017324
14541,16676410,CVX,20440,2019-11-19,-0.017714
14541,16676410,CVX,20440,2019-11-20,0.007643
14541,16676410,CVX,20440,2019-11-21,0.012187
14541,16676410,CVX,20440,2019-11-22,-0.001179
14541,16676410,CVX,20440,2019-11-25,-0.002107
14541,16676410,CVX,20440,2019-11-26,-0.004984
14541,16676410,CVX,20440,2019-11-27,0.002377
14541,16676410,CVX,20440,2019-11-29,-0.007961
14541,16676410,CVX,20440,2019-12-02,-0.002817
14541,16676410,CVX,20440,2019-12-03,-0.007791
14541,16676410,CVX,20440,2019-12-04,0.009060
14541,16676410,CVX,20440,2019-12-05,-0.005216
14541,16676410,CVX,20440,2019-12-06,0.014442
14541,16676410,CVX,20440,2019-12-09,-0.006016
14541,16676410,CVX,20440,2019-12-10,0.005030
14541,16676410,CVX,20440,2019-12-11,-0.014081
14541,16676410,CVX,20440,2019-12-12,0.022197
14541,16676410,CVX,20440,2019-12-13,-0.007154
14541,16676410,CVX,20440,2019-12-16,0.011868
14541,16676410,CVX,20440,2019-12-17,-0.006367
14541,16676410,CVX,20440,2019-12-18,-0.000422
14541,16676410,CVX,20440,2019-12-19,-0.003543
14541,16676410,CVX,20440,2019-12-20,0.013121
14541,16676410,CVX,20440,2019-12-23,0.005431
14541,16676410,CVX,20440,2019-12-24,0.000083
14541,16676410,CVX,20440,2019-12-26,0.002161
14541,16676410,CVX,20440,2019-12-27,-0.002488
14541,16676410,CVX,20440,2019-12-30,-0.003741
14541,16676410,CVX,20440,2019-12-31,0.005507
14541,16676410,CVX,20440,2020-01-02,0.007634
14541,16676410,CVX,20440,2020-01-03,-0.003459
14541,16676410,CVX,20440,2020-01-06,-0.003388
14541,16676410,CVX,20440,2020-01-07,-0.012769
14541,16676410,CVX,20440,2020-01-08,-0.011423
14541,16676410,CVX,20440,2020-01-09,-0.001614
14541,16676410,CVX,20440,2020-01-10,-0.009106
14541,16676410,CVX,20440,2020-01-13,0.001889
14541,16676410,CVX,20440,2020-01-14,-0.003086
14541,16676410,CVX,20440,2020-01-15,-0.001462
14541,16676410,CVX,20440,2020-01-16,0.006544
14541,16676410,CVX,20440,2020-01-17,-0.011207
14541,16676410,CVX,20440,2020-01-21,-0.019640
14541,16676410,CVX,20440,2020-01-22,-0.003618
14541,16676410,CVX,20440,2020-01-23,0.001771
14541,16676410,CVX,20440,2020-01-24,-0.011052
14541,16676410,CVX,20440,2020-01-27,-0.013053
14541,16676410,CVX,20440,2020-01-28,0.006613
14541,16676410,CVX,20440,2020-01-29,-0.006749
14541,16676410,CVX,20440,2020-01-30,0.009332
14541,16676410,CVX,20440,2020-01-31,-0.038241
14541,16676410,CVX,20440,2020-02-03,-0.008027
14541,16676410,CVX,20440,2020-02-04,0.005363
14541,16676410,CVX,20440,2020-02-05,0.032101
14541,16676410,CVX,20440,2020-02-06,-0.007164
14541,16676410,CVX,20440,2020-02-07,-0.005023
14541,16676410,CVX,20440,2020-02-10,0.007802
14541,16676410,CVX,20440,2020-02-11,0.012934
14541,16676410,CVX,20440,2020-02-12,0.007463
14541,16676410,CVX,20440,2020-02-13,-0.003392
14541,16676410,CVX,20440,2020-02-14,-0.002597
14541,16676410,CVX,20440,2020-02-18,0.001453
14541,16676410,CVX,20440,2020-02-19,0.004536
14541,16676410,CVX,20440,2020-02-20,-0.008398
14541,16676410,CVX,20440,2020-02-21,-0.007285
14541,16676410,CVX,20440,2020-02-24,-0.039446
14541,16676410,CVX,20440,2020-02-25,-0.038201
14541,16676410,CVX,20440,2020-02-26,-0.026512
14541,16676410,CVX,20440,2020-02-27,-0.039882
14541,16676410,CVX,20440,2020-02-28,-0.008393
14541,16676410,CVX,20440,2020-03-02,0.034819
14541,16676410,CVX,20440,2020-03-03,-0.022777
14541,16676410,CVX,20440,2020-03-04,0.043861
14541,16676410,CVX,20440,2020-03-05,-0.013600
14541,16676410,CVX,20440,2020-03-06,-0.019241
14541,16676410,CVX,20440,2020-03-09,-0.153693
14541,16676410,CVX,20440,2020-03-10,0.053428
14541,16676410,CVX,20440,2020-03-11,-0.022947
14541,16676410,CVX,20440,2020-03-12,-0.081537
14541,16676410,CVX,20440,2020-03-13,0.093889
14541,16676410,CVX,20440,2020-03-16,-0.164469
14541,16676410,CVX,20440,2020-03-17,0.014204
14541,16676410,CVX,20440,2020-03-18,-0.221248
14541,16676410,CVX,20440,2020-03-19,0.042507
14541,16676410,CVX,20440,2020-03-20,0.034849
14541,16676410,CVX,20440,2020-03-23,-0.087052
14541,16676410,CVX,20440,2020-03-24,0.227407
14541,16676410,CVX,20440,2020-03-25,0.040872
14541,16676410,CVX,20440,2020-03-26,0.102642
14541,16676410,CVX,20440,2020-03-27,-0.099502
14541,16676410,CVX,20440,2020-03-30,0.046089
14541,16676410,CVX,20440,2020-03-31,0.007088
14541,16676410,CVX,20440,2020-04-01,-0.053823
14541,16676410,CVX,20440,2020-04-02,0.110268
14541,16676410,CVX,20440,2020-04-03,-0.013269
14541,16676410,CVX,20440,2020-04-06,0.070297
14541,16676410,CVX,20440,2020-04-07,0.006593
14541,16676410,CVX,20440,2020-04-08,0.062531
14541,16676410,CVX,20440,2020-04-09,-0.019423
14541,16676410,CVX,20440,2020-04-13,0.007117
14541,16676410,CVX,20440,2020-04-14,-0.003533
14541,16676410,CVX,20440,2020-04-15,-0.025056
14541,16676410,CVX,20440,2020-04-16,-0.030307
14541,16676410,CVX,20440,2020-04-17,0.089761
14541,16676410,CVX,20440,2020-04-20,-0.041299
14541,16676410,CVX,20440,2020-04-21,-0.023094
14541,16676410,CVX,20440,2020-04-22,0.034297
14541,16676410,CVX,20440,2020-04-23,0.027949
14541,16676410,CVX,20440,2020-04-24,0.002419
14541,16676410,CVX,20440,2020-04-27,0.031031
14541,16676410,CVX,20440,2020-04-28,0.002229
14541,16676410,CVX,20440,2020-04-29,0.052386
14541,16676410,CVX,20440,2020-04-30,-0.027690
14541,16676410,CVX,20440,2020-05-01,-0.027826
14541,16676410,CVX,20440,2020-05-04,0.022361
14541,16676410,CVX,20440,2020-05-05,0.015857
14541,16676410,CVX,20440,2020-05-06,-0.030574
14541,16676410,CVX,20440,2020-05-07,0.028762
14541,16676410,CVX,20440,2020-05-08,0.030548
14541,16676410,CVX,20440,2020-05-11,-0.021996
14541,16676410,CVX,20440,2020-05-12,-0.024312
14541,16676410,CVX,20440,2020-05-13,-0.026345
14541,16676410,CVX,20440,2020-05-14,0.015220
14541,16676410,CVX,20440,2020-05-15,-0.009883
14541,16676410,CVX,20440,2020-05-18,0.052490
14541,16676410,CVX,20440,2020-05-19,-0.031659
14541,16676410,CVX,20440,2020-05-20,0.037715
14541,16676410,CVX,20440,2020-05-21,-0.010323
14541,16676410,CVX,20440,2020-05-22,-0.019122
14541,16676410,CVX,20440,2020-05-26,0.033451
14541,16676410,CVX,20440,2020-05-27,0.006431
14541,16676410,CVX,20440,2020-05-28,-0.032268
14541,16676410,CVX,20440,2020-05-29,0.009134
14541,16676410,CVX,20440,2020-06-01,0.011887
14541,16676410,CVX,20440,2020-06-02,0.020476
14541,16676410,CVX,20440,2020-06-03,0.026296
14541,16676410,CVX,20440,2020-06-04,-0.009261
14541,16676410,CVX,20440,2020-06-05,0.047050
14541,16676410,CVX,20440,2020-06-08,0.024105
14541,16676410,CVX,20440,2020-06-09,-0.016563
14541,16676410,CVX,20440,2020-06-10,-0.038905
14541,16676410,CVX,20440,2020-06-11,-0.084136
14541,16676410,CVX,20440,2020-06-12,0.033792
14541,16676410,CVX,20440,2020-06-15,-0.012555
14541,16676410,CVX,20440,2020-06-16,0.030692
14541,16676410,CVX,20440,2020-06-17,-0.026481
14541,16676410,CVX,20440,2020-06-18,0.004370
14541,16676410,CVX,20440,2020-06-19,-0.014248
14541,16676410,CVX,20440,2020-06-22,0.010593
14541,16676410,CVX,20440,2020-06-23,-0.001638
14541,16676410,CVX,20440,2020-06-24,-0.041557
14541,16676410,CVX,20440,2020-06-25,0.017914
14541,16676410,CVX,20440,2020-06-26,-0.030826
14541,16676410,CVX,20440,2020-06-29,0.013995
14541,16676410,CVX,20440,2020-06-30,0.017794
14541,16676410,CVX,20440,2020-07-01,-0.018043
14541,16676410,CVX,20440,2020-07-02,0.007875
14541,16676410,CVX,20440,2020-07-06,0.002944
14541,16676410,CVX,20440,2020-07-07,-0.025517
14541,16676410,CVX,20440,2020-07-08,0.000463
14541,16676410,CVX,20440,2020-07-09,-0.041807
14541,16676410,CVX,20440,2020-07-10,0.030094
14541,16676410,CVX,20440,2020-07-13,0.001995
14541,16676410,CVX,20440,2020-07-14,0.034543
14541,16676410,CVX,20440,2020-07-15,0.006112
14541,16676410,CVX,20440,2020-07-16,-0.005962
14541,16676410,CVX,20440,2020-07-17,-0.013241
14541,16676410,CVX,20440,2020-07-20,-0.022021
14541,16676410,CVX,20440,2020-07-21,0.071772
14541,16676410,CVX,20440,2020-07-22,-0.003830
14541,16676410,CVX,20440,2020-07-23,-0.000330
14541,16676410,CVX,20440,2020-07-24,-0.009669
14541,16676410,CVX,20440,2020-07-27,0.010097
14541,16676410,CVX,20440,2020-07-28,-0.021199
14541,16676410,CVX,20440,2020-07-29,0.010773
14541,16676410,CVX,20440,2020-07-30,-0.042189
14541,16676410,CVX,20440,2020-07-31,-0.027008
14541,16676410,CVX,20440,2020-08-03,0.010365
14541,16676410,CVX,20440,2020-08-04,0.019809
14541,16676410,CVX,20440,2020-08-05,0.008209
14541,16676410,CVX,20440,2020-08-06,0.003096
14541,16676410,CVX,20440,2020-08-07,-0.007660
14541,16676410,CVX,20440,2020-08-10,0.033756
14541,16676410,CVX,20440,2020-08-11,-0.001226
14541,16676410,CVX,20440,2020-08-12,0.012274
14541,16676410,CVX,20440,2020-08-13,-0.009921
14541,16676410,CVX,20440,2020-08-14,0.005901
14541,16676410,CVX,20440,2020-08-17,0.004649
14541,16676410,CVX,20440,2020-08-18,-0.020381
14541,16676410,CVX,20440,2020-08-19,-0.014150
14541,16676410,CVX,20440,2020-08-20,-0.018289
14541,16676410,CVX,20440,2020-08-21,0.003184
14541,16676410,CVX,20440,2020-08-24,0.024918
14541,16676410,CVX,20440,2020-08-25,-0.012271
14541,16676410,CVX,20440,2020-08-26,-0.015674
14541,16676410,CVX,20440,2020-08-27,0.001533
14541,16676410,CVX,20440,2020-08-28,0.008480
14541,16676410,CVX,20440,2020-08-31,-0.019853
14541,16676410,CVX,20440,2020-09-01,-0.010127
14541,16676410,CVX,20440,2020-09-02,0.001324
14541,16676410,CVX,20440,2020-09-03,-0.010939
14541,16676410,CVX,20440,2020-09-04,-0.004254
14541,16676410,CVX,20440,2020-09-08,-0.036128
14541,16676410,CVX,20440,2020-09-09,0.013423
14541,16676410,CVX,20440,2020-09-10,-0.023491
14541,16676410,CVX,20440,2020-09-11,-0.005886
14541,16676410,CVX,20440,2020-09-14,-0.005149
14541,16676410,CVX,20440,2020-09-15,-0.012162
14541,16676410,CVX,20440,2020-09-16,0.028946
14541,16676410,CVX,20440,2020-09-17,0.002928
14541,16676410,CVX,20440,2020-09-18,-0.007361
14541,16676410,CVX,20440,2020-09-21,-0.024421
14541,16676410,CVX,20440,2020-09-22,-0.010092
14541,16676410,CVX,20440,2020-09-23,-0.047398
14541,16676410,CVX,20440,2020-09-24,-0.002085
14541,16676410,CVX,20440,2020-09-25,0.000418
14541,16676410,CVX,20440,2020-09-28,0.029236
14541,16676410,CVX,20440,2020-09-29,-0.027458
14541,16676410,CVX,20440,2020-09-30,0.001391
14541,16676410,CVX,20440,2020-10-01,-0.021944
14541,16676410,CVX,20440,2020-10-02,0.010934
14541,16676410,CVX,20440,2020-10-05,0.021211
14541,16676410,CVX,20440,2020-10-06,-0.005502
14541,16676410,CVX,20440,2020-10-07,0.020470
14541,16676410,CVX,20440,2020-10-08,0.019517
14541,16676410,CVX,20440,2020-10-09,-0.016219
14541,16676410,CVX,20440,2020-10-12,0.006892
14541,16676410,CVX,20440,2020-10-13,-0.014897
14541,16676410,CVX,20440,2020-10-14,-0.006131
14541,16676410,CVX,20440,2020-10-15,0.007676
14541,16676410,CVX,20440,2020-10-16,-0.008434
14541,16676410,CVX,20440,2020-10-19,-0.022088
14541,16676410,CVX,20440,2020-10-20,0.005612
14541,16676410,CVX,20440,2020-10-21,-0.011300
14541,16676410,CVX,20440,2020-10-22,0.035699
14541,16676410,CVX,20440,2020-10-23,-0.011308
14541,16676410,CVX,20440,2020-10-26,-0.022461
14541,16676410,CVX,20440,2020-10-27,-0.020158
14541,16676410,CVX,20440,2020-10-28,-0.037836
14541,16676410,CVX,20440,2020-10-29,0.028708
14541,16676410,CVX,20440,2020-10-30,0.010174
14541,16676410,CVX,20440,2020-11-02,0.038129
14541,16676410,CVX,20440,2020-11-03,-0.005683
14541,16676410,CVX,20440,2020-11-04,0.000418
14541,16676410,CVX,20440,2020-11-05,0.005155
14541,16676410,CVX,20440,2020-11-06,-0.013723
14541,16676410,CVX,20440,2020-11-09,0.115952
14541,16676410,CVX,20440,2020-11-10,0.046222
14541,16676410,CVX,20440,2020-11-11,-0.007343
14541,16676410,CVX,20440,2020-11-12,-0.021707
14541,16676410,CVX,20440,2020-11-13,0.029255
14541,16676410,CVX,20440,2020-11-16,0.071420
14541,16676410,CVX,20440,2020-11-17,-0.007082
14541,16676410,CVX,20440,2020-11-18,-0.031710
14541,16676410,CVX,20440,2020-11-19,0.017205
14541,16676410,CVX,20440,2020-11-20,0.000700
14541,16676410,CVX,20440,2020-11-23,0.061079
14541,16676410,CVX,20440,2020-11-24,0.050423
14541,16676410,CVX,20440,2020-11-25,-0.036394
14541,16676410,CVX,20440,2020-11-27,-0.009008
14541,16676410,CVX,20440,2020-11-30,-0.045231
14541,16676410,CVX,20440,2020-12-01,0.003097
14541,16676410,CVX,20440,2020-12-02,0.027673
14541,16676410,CVX,20440,2020-12-03,-0.000779
14541,16676410,CVX,20440,2020-12-04,0.038753
14541,16676410,CVX,20440,2020-12-07,-0.027015
14541,16676410,CVX,20440,2020-12-08,0.008594
14541,16676410,CVX,20440,2020-12-09,-0.012017
14541,16676410,CVX,20440,2020-12-10,0.032176
14541,16676410,CVX,20440,2020-12-11,-0.009641
14541,16676410,CVX,20440,2020-12-14,-0.032558
14541,16676410,CVX,20440,2020-12-15,-0.000783
14541,16676410,CVX,20440,2020-12-16,-0.007609
14541,16676410,CVX,20440,2020-12-17,-0.003157
14541,16676410,CVX,20440,2020-12-18,-0.013799
14541,16676410,CVX,20440,2020-12-21,-0.012616
14541,16676410,CVX,20440,2020-12-22,-0.020095
14541,16676410,CVX,20440,2020-12-23,0.015766
14541,16676410,CVX,20440,2020-12-24,-0.004201
14541,16676410,CVX,20440,2020-12-28,-0.005039
14541,16676410,CVX,20440,2020-12-29,-0.003416
14541,16676410,CVX,20440,2020-12-30,0.008510
14541,16676410,CVX,20440,2020-12-31,-0.010313
14541,16676410,CVX,20440,2021-01-04,0.003079
14541,16676410,CVX,20440,2021-01-05,0.027033
14541,16676410,CVX,20440,2021-01-06,0.032184
14541,16676410,CVX,20440,2021-01-07,0.004677
14541,16676410,CVX,20440,2021-01-08,0.009532
14541,16676410,CVX,20440,2021-01-11,0.005709
14541,16676410,CVX,20440,2021-01-12,0.018996
14541,16676410,CVX,20440,2021-01-13,-0.000964
14541,16676410,CVX,20440,2021-01-14,0.024021
14541,16676410,CVX,20440,2021-01-15,-0.035606
14541,16676410,CVX,20440,2021-01-19,0.026279
14541,16676410,CVX,20440,2021-01-20,0.009205
14541,16676410,CVX,20440,2021-01-21,-0.035332
14541,16676410,CVX,20440,2021-01-22,-0.003043
14541,16676410,CVX,20440,2021-01-25,-0.009048
14541,16676410,CVX,20440,2021-01-26,-0.016942
14541,16676410,CVX,20440,2021-01-27,-0.012981
14541,16676410,CVX,20440,2021-01-28,0.009297
14541,16676410,CVX,20440,2021-01-29,-0.042912
14541,16676410,CVX,20440,2021-02-01,0.014202
14541,16676410,CVX,20440,2021-02-02,0.007522
14541,16676410,CVX,20440,2021-02-03,0.021824
14541,16676410,CVX,20440,2021-02-04,0.000450
14541,16676410,CVX,20440,2021-02-05,0.002921
14541,16676410,CVX,20440,2021-02-08,0.024871
14541,16676410,CVX,20440,2021-02-09,-0.005684
14541,16676410,CVX,20440,2021-02-10,0.017150
14541,16676410,CVX,20440,2021-02-11,-0.005404
14541,16676410,CVX,20440,2021-02-12,0.005760
14541,16676410,CVX,20440,2021-02-16,0.020205
14541,16676410,CVX,20440,2021-02-17,0.029958
14541,16676410,CVX,20440,2021-02-18,-0.009591
14541,16676410,CVX,20440,2021-02-19,0.008421
14541,16676410,CVX,20440,2021-02-22,0.027035
14541,16676410,CVX,20440,2021-02-23,0.012603
14541,16676410,CVX,20440,2021-02-24,0.036937
14541,16676410,CVX,20440,2021-02-25,-0.009292
14541,16676410,CVX,20440,2021-02-26,-0.022960
14541,16676410,CVX,20440,2021-03-01,0.020500
14541,16676410,CVX,20440,2021-03-02,0.003822
14541,16676410,CVX,20440,2021-03-03,0.011226
14541,16676410,CVX,20440,2021-03-04,0.008785
14541,16676410,CVX,20440,2021-03-05,0.043062
14541,16676410,CVX,20440,2021-03-08,0.006881
14541,16676410,CVX,20440,2021-03-09,-0.002278
14541,16676410,CVX,20440,2021-03-10,0.017078
14541,16676410,CVX,20440,2021-03-11,-0.001616
14541,16676410,CVX,20440,2021-03-12,0.003328
14541,16676410,CVX,20440,2021-03-15,-0.011743
14541,16676410,CVX,20440,2021-03-16,-0.023673
14541,16676410,CVX,20440,2021-03-17,0.003623
14541,16676410,CVX,20440,2021-03-18,-0.036194
14541,16676410,CVX,20440,2021-03-19,-0.007107
14541,16676410,CVX,20440,2021-03-22,-0.008125
14541,16676410,CVX,20440,2021-03-23,-0.005559
14541,16676410,CVX,20440,2021-03-24,0.026773
14541,16676410,CVX,20440,2021-03-25,0.003534
14541,16676410,CVX,20440,2021-03-26,0.022937
14541,16676410,CVX,20440,2021-03-29,-0.005210
14541,16676410,CVX,20440,2021-03-30,-0.009259
14541,16676410,CVX,20440,2021-03-31,-0.010762
14541,16676410,CVX,20440,2021-04-01,0.009161
14541,16676410,CVX,20440,2021-04-05,-0.011726
14541,16676410,CVX,20440,2021-04-06,-0.008899
14541,16676410,CVX,20440,2021-04-07,0.005889
14541,16676410,CVX,20440,2021-04-08,-0.011229
14541,16676410,CVX,20440,2021-04-09,-0.000971
14541,16676410,CVX,20440,2021-04-12,-0.011077
14541,16676410,CVX,20440,2021-04-13,0.004520
14541,16676410,CVX,20440,2021-04-14,0.019855
14541,16676410,CVX,20440,2021-04-15,-0.008152
14541,16676410,CVX,20440,2021-04-16,-0.004448
14541,16676410,CVX,20440,2021-04-19,0.002914
14541,16676410,CVX,20440,2021-04-20,-0.018691
14541,16676410,CVX,20440,2021-04-21,0.013816
14541,16676410,CVX,20440,2021-04-22,-0.017327
14541,16676410,CVX,20440,2021-04-23,0.005944
14541,16676410,CVX,20440,2021-04-26,-0.000295
14541,16676410,CVX,20440,2021-04-27,0.011623
14541,16676410,CVX,20440,2021-04-28,0.024537
14541,16676410,CVX,20440,2021-04-29,0.015967
14541,16676410,CVX,20440,2021-04-30,-0.035828
14541,16676410,CVX,20440,2021-05-03,0.023867
14541,16676410,CVX,20440,2021-05-04,0.005496
14541,16676410,CVX,20440,2021-05-05,0.026859
14541,16676410,CVX,20440,2021-05-06,0.000551
14541,16676410,CVX,20440,2021-05-07,0.009173
14541,16676410,CVX,20440,2021-05-10,-0.004090
14541,16676410,CVX,20440,2021-05-11,-0.026193
14541,16676410,CVX,20440,2021-05-12,0.006279
14541,16676410,CVX,20440,2021-05-13,-0.006426
14541,16676410,CVX,20440,2021-05-14,0.026153
14541,16676410,CVX,20440,2021-05-17,0.012241
14541,16676410,CVX,20440,2021-05-18,-0.029690
14541,16676410,CVX,20440,2021-05-19,-0.028066
14541,16676410,CVX,20440,2021-05-20,0.003488
14541,16676410,CVX,20440,2021-05-21,0.005407
14541,16676410,CVX,20440,2021-05-24,0.014214
14541,16676410,CVX,20440,2021-05-25,-0.016383
14541,16676410,CVX,20440,2021-05-26,0.002407
14541,16676410,CVX,20440,2021-05-27,-0.010661
14541,16676410,CVX,20440,2021-05-28,0.007572
14541,16676410,CVX,20440,2021-06-01,0.027556
14541,16676410,CVX,20440,2021-06-02,0.013408
14541,16676410,CVX,20440,2021-06-03,-0.004534
14541,16676410,CVX,20440,2021-06-04,0.007993
14541,16676410,CVX,20440,2021-06-07,-0.006455
14541,16676410,CVX,20440,2021-06-08,0.009095
14541,16676410,CVX,20440,2021-06-09,-0.008737
14541,16676410,CVX,20440,2021-06-10,0.005845
14541,16676410,CVX,20440,2021-06-11,-0.004612
14541,16676410,CVX,20440,2021-06-14,0.000556
14541,16676410,CVX,20440,2021-06-15,0.021580
14541,16676410,CVX,20440,2021-06-16,-0.005712
14541,16676410,CVX,20440,2021-06-17,-0.023707
14541,16676410,CVX,20440,2021-06-18,-0.037732
14541,16676410,CVX,20440,2021-06-21,0.029312
14541,16676410,CVX,20440,2021-06-22,0.003300
14541,16676410,CVX,20440,2021-06-23,-0.001222
14541,16676410,CVX,20440,2021-06-24,0.008187
14541,16676410,CVX,20440,2021-06-25,0.001493
14541,16676410,CVX,20440,2021-06-28,-0.030848
14541,16676410,CVX,20440,2021-06-29,-0.002212
14541,16676410,CVX,20440,2021-06-30,0.009445
14541,16676410,CVX,20440,2021-07-01,0.014035
14541,16676410,CVX,20440,2021-07-02,-0.001318
14541,16676410,CVX,20440,2021-07-06,-0.019610
14541,16676410,CVX,20440,2021-07-07,-0.010193
14541,16676410,CVX,20440,2021-07-08,-0.003206
14541,16676410,CVX,20440,2021-07-09,0.014327
14541,16676410,CVX,20440,2021-07-12,0.002018
14541,16676410,CVX,20440,2021-07-13,-0.003356
14541,16676410,CVX,20440,2021-07-14,-0.018859
14541,16676410,CVX,20440,2021-07-15,-0.006571
14541,16676410,CVX,20440,2021-07-16,-0.026456
14541,16676410,CVX,20440,2021-07-19,-0.026972
14541,16676410,CVX,20440,2021-07-20,0.005940
14541,16676410,CVX,20440,2021-07-21,0.034083
14541,16676410,CVX,20440,2021-07-22,-0.010018
14541,16676410,CVX,20440,2021-07-23,0.000405
14541,16676410,CVX,20440,2021-07-26,0.021141
14541,16676410,CVX,20440,2021-07-27,-0.003368
14541,16676410,CVX,20440,2021-07-28,0.005665
14541,16676410,CVX,20440,2021-07-29,0.013738
14541,16676410,CVX,20440,2021-07-30,-0.007410
14541,16676410,CVX,20440,2021-08-02,-0.001768
14541,16676410,CVX,20440,2021-08-03,0.009544
14541,16676410,CVX,20440,2021-08-04,-0.022417
14541,16676410,CVX,20440,2021-08-05,0.009272
14541,16676410,CVX,20440,2021-08-06,0.007113
14541,16676410,CVX,20440,2021-08-09,-0.016675
14541,16676410,CVX,20440,2021-08-10,0.018254
14541,16676410,CVX,20440,2021-08-11,0.007543
14541,16676410,CVX,20440,2021-08-12,-0.002042
14541,16676410,CVX,20440,2021-08-13,-0.006625
14541,16676410,CVX,20440,2021-08-16,-0.010200
14541,16676410,CVX,20440,2021-08-17,-0.001883
14541,16676410,CVX,20440,2021-08-18,-0.026705
14541,16676410,CVX,20440,2021-08-19,-0.024922
14541,16676410,CVX,20440,2021-08-20,0.000106
14541,16676410,CVX,20440,2021-08-23,0.025769
14541,16676410,CVX,20440,2021-08-24,0.011475
14541,16676410,CVX,20440,2021-08-25,0.006848
14541,16676410,CVX,20440,2021-08-26,-0.013095
14541,16676410,CVX,20440,2021-08-27,0.014606
14541,16676410,CVX,20440,2021-08-30,-0.002534
14541,16676410,CVX,20440,2021-08-31,-0.016465
14541,16676410,CVX,20440,2021-09-01,-0.010954
14541,16676410,CVX,20440,2021-09-02,0.020896
14541,16676410,CVX,20440,2021-09-03,-0.002252
14541,16676410,CVX,20440,2021-09-07,-0.004411
14541,16676410,CVX,20440,2021-09-08,-0.006903
14541,16676410,CVX,20440,2021-09-09,-0.004046
14541,16676410,CVX,20440,2021-09-10,0.000729
14541,16676410,CVX,20440,2021-09-13,0.019777
14541,16676410,CVX,20440,2021-09-14,-0.018067
14541,16676410,CVX,20440,2021-09-15,0.021206
14541,16676410,CVX,20440,2021-09-16,-0.009365
14541,16676410,CVX,20440,2021-09-17,-0.005754
14541,16676410,CVX,20440,2021-09-20,-0.020463
14541,16676410,CVX,20440,2021-09-21,0.000739
14541,16676410,CVX,20440,2021-09-22,0.029415
14541,16676410,CVX,20440,2021-09-23,0.024785
14541,16676410,CVX,20440,2021-09-24,0.005397
14541,16676410,CVX,20440,2021-09-27,0.023559
14541,16676410,CVX,20440,2021-09-28,0.003788
14541,16676410,CVX,20440,2021-09-29,-0.000290
14541,16676410,CVX,20440,2021-09-30,-0.018194
14541,16676410,CVX,20440,2021-10-01,0.028388
14541,16676410,CVX,20440,2021-10-04,0.003738
14541,16676410,CVX,20440,2021-10-05,0.010886
14541,16676410,CVX,20440,2021-10-06,-0.008785
14541,16676410,CVX,20440,2021-10-07,0.007148
14541,16676410,CVX,20440,2021-10-08,0.022426
14541,16676410,CVX,20440,2021-10-11,-0.008515
14541,16676410,CVX,20440,2021-10-12,0.000187
14541,16676410,CVX,20440,2021-10-13,0.005973
14541,16676410,CVX,20440,2021-10-14,0.009463
14541,16676410,CVX,20440,2021-10-15,0.007352
14541,16676410,CVX,20440,2021-10-18,-0.000456
14541,16676410,CVX,20440,2021-10-19,0.019533
14541,16676410,CVX,20440,2021-10-20,0.013071
14541,16676410,CVX,20440,2021-10-21,-0.012549
14541,16676410,CVX,20440,2021-10-22,0.009486
14541,16676410,CVX,20440,2021-10-25,0.009309
14541,16676410,CVX,20440,2021-10-26,0.002196
14541,16676410,CVX,20440,2021-10-27,-0.017791
14541,16676410,CVX,20440,2021-10-28,0.009369
14541,16676410,CVX,20440,2021-10-29,0.012111
14541,16676410,CVX,20440,2021-11-01,0.000349
14541,16676410,CVX,20440,2021-11-02,-0.006112
14541,16676410,CVX,20440,2021-11-03,-0.007204
14541,16676410,CVX,20440,2021-11-04,0.004424
14541,16676410,CVX,20440,2021-11-05,0.010836
14541,16676410,CVX,20440,2021-11-08,0.003573
14541,16676410,CVX,20440,2021-11-09,0.007382
14541,16676410,CVX,20440,2021-11-10,-0.015948
14541,16676410,CVX,20440,2021-11-11,0.000088
14541,16676410,CVX,20440,2021-11-12,0.000613
14541,16676410,CVX,20440,2021-11-15,0.022674
14541,16676410,CVX,20440,2021-11-16,0.003938
14541,16676410,CVX,20440,2021-11-17,-0.004434
14541,16676410,CVX,20440,2021-11-18,-0.008404
14541,16676410,CVX,20440,2021-11-19,-0.022193
14541,16676410,CVX,20440,2021-11-22,0.017872
14541,16676410,CVX,20440,2021-11-23,0.020981
14541,16676410,CVX,20440,2021-11-24,0.007653
14541,16676410,CVX,20440,2021-11-26,-0.022869
14541,16676410,CVX,20440,2021-11-29,0.002969
14541,16676410,CVX,20440,2021-11-30,-0.017240
14541,16676410,CVX,20440,2021-12-01,-0.006822
14541,16676410,CVX,20440,2021-12-02,0.027119
14541,16676410,CVX,20440,2021-12-03,-0.006340
14541,16676410,CVX,20440,2021-12-06,0.015645
14541,16676410,CVX,20440,2021-12-07,0.014802
14541,16676410,CVX,20440,2021-12-08,0.004495
14541,16676410,CVX,20440,2021-12-09,-0.002617
14541,16676410,CVX,20440,2021-12-10,0.001693
14541,16676410,CVX,20440,2021-12-13,-0.020788
14541,16676410,CVX,20440,2021-12-14,0.002934
14541,16676410,CVX,20440,2021-12-15,-0.005679
14541,16676410,CVX,20440,2021-12-16,0.009346
14541,16676410,CVX,20440,2021-12-17,-0.026063
14541,16676410,CVX,20440,2021-12-20,0.000440
14541,16676410,CVX,20440,2021-12-21,0.016014
14541,16676410,CVX,20440,2021-12-22,0.005716
14541,16676410,CVX,20440,2021-12-23,0.002411
14541,16676410,CVX,20440,2021-12-27,0.020445
14541,16676410,CVX,20440,2021-12-28,-0.001936
14541,16676410,CVX,20440,2021-12-29,-0.005145
14541,16676410,CVX,20440,2021-12-30,-0.004409
14541,16676410,CVX,20440,2021-12-31,-0.000681
14541,16676410,CVX,20440,2022-01-03,0.016276
14541,16676410,CVX,20440,2022-01-04,0.018196
14541,16676410,CVX,20440,2022-01-05,0.006506
14541,16676410,CVX,20440,2022-01-06,0.008509
14541,16676410,CVX,20440,2022-01-07,0.014360
14541,16676410,CVX,20440,2022-01-10,0.000640
14541,16676410,CVX,20440,2022-01-11,0.022860
14541,16676410,CVX,20440,2022-01-12,-0.005001
14541,16676410,CVX,20440,2022-01-13,-0.004162
14541,16676410,CVX,20440,2022-01-14,0.017035
14541,16676410,CVX,20440,2022-01-18,0.003257
14541,16676410,CVX,20440,2022-01-19,-0.003633
14541,16676410,CVX,20440,2022-01-20,-0.003568
14541,16676410,CVX,20440,2022-01-21,-0.011989
14541,16676410,CVX,20440,2022-01-24,0.002127
14541,16676410,CVX,20440,2022-01-25,0.042538
14541,16676410,CVX,20440,2022-01-26,0.000754
14541,16676410,CVX,20440,2022-01-27,0.020197
14541,16676410,CVX,20440,2022-01-28,-0.035163
14541,16676410,CVX,20440,2022-01-31,0.005513
14541,16676410,CVX,20440,2022-02-01,0.026346
14541,16676410,CVX,20440,2022-02-02,0.004600
14541,16676410,CVX,20440,2022-02-03,-0.008936
14541,16676410,CVX,20440,2022-02-04,0.012519
14541,16676410,CVX,20440,2022-02-07,0.019650
14541,16676410,CVX,20440,2022-02-08,-0.015229
14541,16676410,CVX,20440,2022-02-09,0.009894
14541,16676410,CVX,20440,2022-02-10,-0.012700
14541,16676410,CVX,20440,2022-02-11,0.020362
14541,16676410,CVX,20440,2022-02-14,-0.015417
14541,16676410,CVX,20440,2022-02-15,-0.007244
14541,16676410,CVX,20440,2022-02-16,0.000298
14541,16676410,CVX,20440,2022-02-17,-0.005138
14541,16676410,CVX,20440,2022-02-18,-0.001422
14541,16676410,CVX,20440,2022-02-22,-0.007645
14541,16676410,CVX,20440,2022-02-23,0.023792
14541,16676410,CVX,20440,2022-02-24,-0.005164
14541,16676410,CVX,20440,2022-02-25,0.041009
14541,16676410,CVX,20440,2022-02-28,0.025787
14541,16676410,CVX,20440,2022-03-01,0.039722
14541,16676410,CVX,20440,2022-03-02,0.029522
14541,16676410,CVX,20440,2022-03-03,0.013494
14541,16676410,CVX,20440,2022-03-04,0.015555
14541,16676410,CVX,20440,2022-03-07,0.021368
14541,16676410,CVX,20440,2022-03-08,0.052394
14541,16676410,CVX,20440,2022-03-09,-0.024981
14541,16676410,CVX,20440,2022-03-10,0.027365
14541,16676410,CVX,20440,2022-03-11,0.000468
14541,16676410,CVX,20440,2022-03-14,-0.024459
14541,16676410,CVX,20440,2022-03-15,-0.050624
14541,16676410,CVX,20440,2022-03-16,-0.003601
14541,16676410,CVX,20440,2022-03-17,0.017310
14541,16676410,CVX,20440,2022-03-18,0.008040
14541,16676410,CVX,20440,2022-03-21,0.017993
14541,16676410,CVX,20440,2022-03-22,-0.003341
14541,16676410,CVX,20440,2022-03-23,0.010787
14541,16676410,CVX,20440,2022-03-24,0.002653
14541,16676410,CVX,20440,2022-03-25,0.018100
14541,16676410,CVX,20440,2022-03-28,-0.017483
14541,16676410,CVX,20440,2022-03-29,-0.012203
14541,16676410,CVX,20440,2022-03-30,0.007059
14541,16676410,CVX,20440,2022-03-31,-0.016014
14541,16676410,CVX,20440,2022-04-01,0.008537
14541,16676410,CVX,20440,2022-04-04,0.000913
14541,16676410,CVX,20440,2022-04-05,-0.006145
14541,16676410,CVX,20440,2022-04-06,0.008876
14541,16676410,CVX,20440,2022-04-07,0.013895
14541,16676410,CVX,20440,2022-04-08,0.016936
14541,16676410,CVX,20440,2022-04-11,-0.025716
14541,16676410,CVX,20440,2022-04-12,0.020838
14541,16676410,CVX,20440,2022-04-13,0.015739
14541,16676410,CVX,20440,2022-04-14,-0.000466
14541,16676410,CVX,20440,2022-04-18,0.013404
14541,16676410,CVX,20440,2022-04-19,-0.011847
14541,16676410,CVX,20440,2022-04-20,0.004074
14541,16676410,CVX,20440,2022-04-21,-0.046079
14541,16676410,CVX,20440,2022-04-22,-0.022056
14541,16676410,CVX,20440,2022-04-25,-0.021497
14541,16676410,CVX,20440,2022-04-26,-0.006096
14541,16676410,CVX,20440,2022-04-27,-0.001853
14541,16676410,CVX,20440,2022-04-28,0.035522
14541,16676410,CVX,20440,2022-04-29,-0.031646
14541,16676410,CVX,20440,2022-05-02,0.019659
14541,16676410,CVX,20440,2022-05-03,0.017152
14541,16676410,CVX,20440,2022-05-04,0.031387
14541,16676410,CVX,20440,2022-05-05,-0.007936
14541,16676410,CVX,20440,2022-05-06,0.026645
14541,16676410,CVX,20440,2022-05-09,-0.067022
14541,16676410,CVX,20440,2022-05-10,0.009608
14541,16676410,CVX,20440,2022-05-11,0.014803
14541,16676410,CVX,20440,2022-05-12,0.009500
14541,16676410,CVX,20440,2022-05-13,0.019185
14541,16676410,CVX,20440,2022-05-16,0.030619
14541,16676410,CVX,20440,2022-05-17,0.005896
14541,16676410,CVX,20440,2022-05-18,-0.026145
14541,16676410,CVX,20440,2022-05-19,-0.007140
14541,16676410,CVX,20440,2022-05-20,0.005753
14541,16676410,CVX,20440,2022-05-23,0.023239
14541,16676410,CVX,20440,2022-05-24,0.005358
14541,16676410,CVX,20440,2022-05-25,0.016045
14541,16676410,CVX,20440,2022-05-26,0.006727
14541,16676410,CVX,20440,2022-05-27,0.009570
14541,16676410,CVX,20440,2022-05-31,-0.020305
14541,16676410,CVX,20440,2022-06-01,0.009504
14541,16676410,CVX,20440,2022-06-02,-0.001815
14541,16676410,CVX,20440,2022-06-03,0.009091
14541,16676410,CVX,20440,2022-06-06,-0.004336
14541,16676410,CVX,20440,2022-06-07,0.019058
14541,16676410,CVX,20440,2022-06-08,0.005161
14541,16676410,CVX,20440,2022-06-09,-0.019930
14541,16676410,CVX,20440,2022-06-10,-0.011942
14541,16676410,CVX,20440,2022-06-13,-0.046009
14541,16676410,CVX,20440,2022-06-14,0.001315
14541,16676410,CVX,20440,2022-06-15,-0.019636
14541,16676410,CVX,20440,2022-06-16,-0.053452
14541,16676410,CVX,20440,2022-06-17,-0.045665
14541,16676410,CVX,20440,2022-06-21,0.041852
14541,16676410,CVX,20440,2022-06-22,-0.043470
14541,16676410,CVX,20440,2022-06-23,-0.036789
14541,16676410,CVX,20440,2022-06-24,0.016429
14541,16676410,CVX,20440,2022-06-27,0.019341
14541,16676410,CVX,20440,2022-06-28,0.016060
14541,16676410,CVX,20440,2022-06-29,-0.019741
14541,16676410,CVX,20440,2022-06-30,-0.014968
14541,16676410,CVX,20440,2022-07-01,0.011949
14541,16676410,CVX,20440,2022-07-05,-0.026278
14541,16676410,CVX,20440,2022-07-06,-0.013178
14541,16676410,CVX,20440,2022-07-07,0.019463
14541,16676410,CVX,20440,2022-07-08,-0.005226
14541,16676410,CVX,20440,2022-07-11,-0.008825
14541,16676410,CVX,20440,2022-07-12,-0.018303
14541,16676410,CVX,20440,2022-07-13,-0.006695
14541,16676410,CVX,20440,2022-07-14,-0.014856
14541,16676410,CVX,20440,2022-07-15,0.012579
14541,16676410,CVX,20440,2022-07-18,0.014021
14541,16676410,CVX,20440,2022-07-19,0.036037
14541,16676410,CVX,20440,2022-07-20,0.013208
14541,16676410,CVX,20440,2022-07-21,-0.007644
14541,16676410,CVX,20440,2022-07-22,-0.008322
14541,16676410,CVX,20440,2022-07-25,0.029752
14541,16676410,CVX,20440,2022-07-26,-0.007813
14541,16676410,CVX,20440,2022-07-27,0.013169
14541,16676410,CVX,20440,2022-07-28,0.007571
14541,16676410,CVX,20440,2022-07-29,0.089035
14541,16676410,CVX,20440,2022-08-01,-0.019966
14541,16676410,CVX,20440,2022-08-02,-0.008535
14541,16676410,CVX,20440,2022-08-03,-0.023753
14541,16676410,CVX,20440,2022-08-04,-0.027163
14541,16676410,CVX,20440,2022-08-05,0.016541
14541,16676410,CVX,20440,2022-08-08,-0.001497
14541,16676410,CVX,20440,2022-08-09,0.013037
14541,16676410,CVX,20440,2022-08-10,0.002638
14541,16676410,CVX,20440,2022-08-11,0.024387
14541,16676410,CVX,20440,2022-08-12,0.001441
14541,16676410,CVX,20440,2022-08-15,-0.019018
14541,16676410,CVX,20440,2022-08-16,-0.002551
14541,16676410,CVX,20440,2022-08-17,0.008248
14541,16676410,CVX,20440,2022-08-18,0.017375
14541,16676410,CVX,20440,2022-08-19,-0.008364
14541,16676410,CVX,20440,2022-08-22,-0.005010
14541,16676410,CVX,20440,2022-08-23,0.032441
14541,16676410,CVX,20440,2022-08-24,0.007408
14541,16676410,CVX,20440,2022-08-25,0.008763
14541,16676410,CVX,20440,2022-08-26,-0.007350
14541,16676410,CVX,20440,2022-08-29,0.007466
14541,16676410,CVX,20440,2022-08-30,-0.024358
14541,16676410,CVX,20440,2022-08-31,-0.015938
14541,16676410,CVX,20440,2022-09-01,-0.015943
14541,16676410,CVX,20440,2022-09-02,0.014851
14541,16676410,CVX,20440,2022-09-06,-0.004625
14541,16676410,CVX,20440,2022-09-07,-0.012793
14541,16676410,CVX,20440,2022-09-08,0.005416
14541,16676410,CVX,20440,2022-09-09,0.025777
14541,16676410,CVX,20440,2022-09-12,0.015815
14541,16676410,CVX,20440,2022-09-13,-0.019015
14541,16676410,CVX,20440,2022-09-14,0.024214
14541,16676410,CVX,20440,2022-09-15,-0.016231
14541,16676410,CVX,20440,2022-09-16,-0.025962
14541,16676410,CVX,20440,2022-09-19,0.002876
14541,16676410,CVX,20440,2022-09-20,-0.003952
14541,16676410,CVX,20440,2022-09-21,-0.008126
14541,16676410,CVX,20440,2022-09-22,-0.000774
14541,16676410,CVX,20440,2022-09-23,-0.065337
14541,16676410,CVX,20440,2022-09-26,-0.026318
14541,16676410,CVX,20440,2022-09-27,0.000426
14541,16676410,CVX,20440,2022-09-28,0.033754
14541,16676410,CVX,20440,2022-09-29,-0.006928
14541,16676410,CVX,20440,2022-09-30,-0.007598
14541,16676410,CVX,20440,2022-10-03,0.056101
14541,16676410,CVX,20440,2022-10-04,0.038885
14541,16676410,CVX,20440,2022-10-05,0.005710
14541,16676410,CVX,20440,2022-10-06,0.018230
14541,16676410,CVX,20440,2022-10-07,-0.008611
14541,16676410,CVX,20440,2022-10-10,-0.018059
14541,16676410,CVX,20440,2022-10-11,0.000191
14541,16676410,CVX,20440,2022-10-12,0.002990
14541,16676410,CVX,20440,2022-10-13,0.048465
14541,16676410,CVX,20440,2022-10-14,-0.031099
14541,16676410,CVX,20440,2022-10-17,0.007306
14541,16676410,CVX,20440,2022-10-18,0.008741
14541,16676410,CVX,20440,2022-10-19,0.032448
14541,16676410,CVX,20440,2022-10-20,0.005714
14541,16676410,CVX,20440,2022-10-21,0.025036
14541,16676410,CVX,20440,2022-10-24,-0.000346
14541,16676410,CVX,20440,2022-10-25,0.010397
14541,16676410,CVX,20440,2022-10-26,0.012348
14541,16676410,CVX,20440,2022-10-27,0.004574
14541,16676410,CVX,20440,2022-10-28,0.011692
14541,16676410,CVX,20440,2022-10-31,0.005112
14541,16676410,CVX,20440,2022-11-01,0.007297
14541,16676410,CVX,20440,2022-11-02,-0.020415
14541,16676410,CVX,20440,2022-11-03,0.014734
14541,16676410,CVX,20440,2022-11-04,0.012643
14541,16676410,CVX,20440,2022-11-07,0.011940
14541,16676410,CVX,20440,2022-11-08,-0.001455
14541,16676410,CVX,20440,2022-11-09,-0.039981
14541,16676410,CVX,20440,2022-11-10,0.018940
14541,16676410,CVX,20440,2022-11-11,0.028461
14541,16676410,CVX,20440,2022-11-14,0.000483
14541,16676410,CVX,20440,2022-11-15,0.008041
14541,16676410,CVX,20440,2022-11-16,-0.016272
14541,16676410,CVX,20440,2022-11-17,0.002811
14541,16676410,CVX,20440,2022-11-18,-0.005975
14541,16676410,CVX,20440,2022-11-21,-0.009563
14541,16676410,CVX,20440,2022-11-22,0.025657
14541,16676410,CVX,20440,2022-11-23,-0.008876
14541,16676410,CVX,20440,2022-11-25,-0.002931
14541,16676410,CVX,20440,2022-11-28,-0.029069
14541,16676410,CVX,20440,2022-11-29,0.014970
14541,16676410,CVX,20440,2022-11-30,0.012595
14541,16676410,CVX,20440,2022-12-01,-0.004473
14541,16676410,CVX,20440,2022-12-02,-0.008000
14541,16676410,CVX,20440,2022-12-05,-0.024692
14541,16676410,CVX,20440,2022-12-06,-0.025770
14541,16676410,CVX,20440,2022-12-07,0.002965
14541,16676410,CVX,20440,2022-12-08,0.005912
14541,16676410,CVX,20440,2022-12-09,-0.031923
14541,16676410,CVX,20440,2022-12-12,0.010417
14541,16676410,CVX,20440,2022-12-13,0.022268
14541,16676410,CVX,20440,2022-12-14,-0.006915
14541,16676410,CVX,20440,2022-12-15,-0.007486
14541,16676410,CVX,20440,2022-12-16,-0.013564
14541,16676410,CVX,20440,2022-12-19,0.006875
14541,16676410,CVX,20440,2022-12-20,0.016423
14541,16676410,CVX,20440,2022-12-21,0.011757
14541,16676410,CVX,20440,2022-12-22,-0.014997
14541,16676410,CVX,20440,2022-12-23,0.030916
14541,16676410,CVX,20440,2022-12-27,0.012570
14541,16676410,CVX,20440,2022-12-28,-0.014753
14541,16676410,CVX,20440,2022-12-29,0.007571
14541,16676410,CVX,20440,2022-12-30,0.006561
18163,74271810,PG,21446,2018-01-02,-0.013387
18163,74271810,PG,21446,2018-01-03,-0.001213
18163,74271810,PG,21446,2018-01-04,0.007069
18163,74271810,PG,21446,2018-01-05,0.000658
18163,74271810,PG,21446,2018-01-08,0.005261
18163,74271810,PG,21446,2018-01-09,-0.007305
18163,74271810,PG,21446,2018-01-10,-0.006370
18163,74271810,PG,21446,2018-01-11,-0.003537
18163,74271810,PG,21446,2018-01-12,-0.005990
18163,74271810,PG,21446,2018-01-16,0.006807
18163,74271810,PG,21446,2018-01-17,0.010862
18163,74271810,PG,21446,2018-01-18,-0.003623
18163,74271810,PG,21446,2018-01-19,0.009869
18163,74271810,PG,21446,2018-01-22,0.009004
18163,74271810,PG,21446,2018-01-23,-0.030907
18163,74271810,PG,21446,2018-01-24,-0.008310
18163,74271810,PG,21446,2018-01-25,0.000340
18163,74271810,PG,21446,2018-01-26,-0.006905
18163,74271810,PG,21446,2018-01-29,-0.009917
18163,74271810,PG,21446,2018-01-30,0.001036
18163,74271810,PG,21446,2018-01-31,-0.007016
18163,74271810,PG,21446,2018-02-01,-0.005675
18163,74271810,PG,21446,2018-02-02,-0.018637
18163,74271810,PG,21446,2018-02-05,-0.037864
18163,74271810,PG,21446,2018-02-06,0.016284
18163,74271810,PG,21446,2018-02-07,-0.006555
18163,74271810,PG,21446,2018-02-08,-0.019795
18163,74271810,PG,21446,2018-02-09,-0.003740
18163,74271810,PG,21446,2018-02-12,0.017643
18163,74271810,PG,21446,2018-02-13,0.002090
18163,74271810,PG,21446,2018-02-14,-0.010061
18163,74271810,PG,21446,2018-02-15,0.021443
18163,74271810,PG,21446,2018-02-16,0.002306
18163,74271810,PG,21446,2018-02-20,-0.015254
18163,74271810,PG,21446,2018-02-21,-0.013523
18163,74271810,PG,21446,2018-02-22,0.007478
18163,74271810,PG,21446,2018-02-23,0.002598
18163,74271810,PG,21446,2018-02-26,0.007156
18163,74271810,PG,21446,2018-02-27,-0.013353
18163,74271810,PG,21446,2018-02-28,-0.025081
18163,74271810,PG,21446,2018-03-01,0.002292
18163,74271810,PG,21446,2018-03-02,0.010165
18163,74271810,PG,21446,2018-03-05,0.009937
18163,74271810,PG,21446,2018-03-06,-0.003363
18163,74271810,PG,21446,2018-03-07,-0.010747
18163,74271810,PG,21446,2018-03-08,0.010232
18163,74271810,PG,21446,2018-03-09,0.004002
18163,74271810,PG,21446,2018-03-12,-0.005356
18163,74271810,PG,21446,2018-03-13,-0.001753
18163,74271810,PG,21446,2018-03-14,-0.009032
18163,74271810,PG,21446,2018-03-15,-0.004177
18163,74271810,PG,21446,2018-03-16,0.003813
18163,74271810,PG,21446,2018-03-19,-0.003926
18163,74271810,PG,21446,2018-03-20,-0.004450
18163,74271810,PG,21446,2018-03-21,-0.016218
18163,74271810,PG,21446,2018-03-22,-0.008178
18163,74271810,PG,21446,2018-03-23,-0.006544
18163,74271810,PG,21446,2018-03-26,0.006587
18163,74271810,PG,21446,2018-03-27,0.018060
18163,74271810,PG,21446,2018-03-28,0.013498
18163,74271810,PG,21446,2018-03-29,0.005581
18163,74271810,PG,21446,2018-04-02,-0.023713
18163,74271810,PG,21446,2018-04-03,0.013695
18163,74271810,PG,21446,2018-04-04,0.007520
18163,74271810,PG,21446,2018-04-05,-0.003163
18163,74271810,PG,21446,2018-04-06,-0.004695
18163,74271810,PG,21446,2018-04-09,-0.003443
18163,74271810,PG,21446,2018-04-10,0.002687
18163,74271810,PG,21446,2018-04-11,-0.001276
18163,74271810,PG,21446,2018-04-12,-0.006133
18163,74271810,PG,21446,2018-04-13,0.007456
18163,74271810,PG,21446,2018-04-16,0.003062
18163,74271810,PG,21446,2018-04-17,-0.002290
18163,74271810,PG,21446,2018-04-18,-0.002933
18163,74271810,PG,21446,2018-04-19,-0.032389
18163,74271810,PG,21446,2018-04-20,-0.015344
18163,74271810,PG,21446,2018-04-23,-0.010840
18163,74271810,PG,21446,2018-04-24,-0.006849
18163,74271810,PG,21446,2018-04-25,-0.002759
18163,74271810,PG,21446,2018-04-26,0.006224
18163,74271810,PG,21446,2018-04-27,0.000825
18163,74271810,PG,21446,2018-04-30,-0.006455
18163,74271810,PG,21446,2018-05-01,-0.005253
18163,74271810,PG,21446,2018-05-02,-0.014175
18163,74271810,PG,21446,2018-05-03,0.005920
18163,74271810,PG,21446,2018-05-04,0.014994
18163,74271810,PG,21446,2018-05-07,-0.006213
18163,74271810,PG,21446,2018-05-08,-0.007502
18163,74271810,PG,21446,2018-05-09,0.013018
18163,74271810,PG,21446,2018-05-10,0.010778
18163,74271810,PG,21446,2018-05-11,0.003008
18163,74271810,PG,21446,2018-05-14,-0.001227
18163,74271810,PG,21446,2018-05-15,-0.004503
18163,74271810,PG,21446,2018-05-16,0.007951
18163,74271810,PG,21446,2018-05-17,0.005848
18163,74271810,PG,21446,2018-05-18,-0.006896
18163,74271810,PG,21446,2018-05-21,0.008305
18163,74271810,PG,21446,2018-05-22,-0.000405
18163,74271810,PG,21446,2018-05-23,0.002026
18163,74271810,PG,21446,2018-05-24,-0.005527
18163,74271810,PG,21446,2018-05-25,0.007320
18163,74271810,PG,21446,2018-05-29,-0.003499
18163,74271810,PG,21446,2018-05-30,0.011344
18163,74271810,PG,21446,2018-05-31,-0.022967
18163,74271810,PG,21446,2018-06-01,0.003827
18163,74271810,PG,21446,2018-06-04,0.009939
18163,74271810,PG,21446,2018-06-05,-0.002831
18163,74271810,PG,21446,2018-06-06,0.005137
18163,74271810,PG,21446,2018-06-07,0.018964
18163,74271810,PG,21446,2018-06-08,0.018743
18163,74271810,PG,21446,2018-06-11,0.004535
18163,74271810,PG,21446,2018-06-12,-0.003740
18163,74271810,PG,21446,2018-06-13,-0.009969
18163,74271810,PG,21446,2018-06-14,-0.006277
18163,74271810,PG,21446,2018-06-15,0.018292
18163,74271810,PG,21446,2018-06-18,-0.019902
18163,74271810,PG,21446,2018-06-19,0.006461
18163,74271810,PG,21446,2018-06-20,-0.006288
18163,74271810,PG,21446,2018-06-21,0.007779
18163,74271810,PG,21446,2018-06-22,0.012951
18163,74271810,PG,21446,2018-06-25,0.004649
18163,74271810,PG,21446,2018-06-26,0.002700
18163,74271810,PG,21446,2018-06-27,-0.003974
18163,74271810,PG,21446,2018-06-28,0.004634
18163,74271810,PG,21446,2018-06-29,0.000128
18163,74271810,PG,21446,2018-07-02,0.000897
18163,74271810,PG,21446,2018-07-03,-0.002944
18163,74271810,PG,21446,2018-07-05,0.016816
18163,74271810,PG,21446,2018-07-06,0.001262
18163,74271810,PG,21446,2018-07-09,-0.018283
18163,74271810,PG,21446,2018-07-10,0.025173
18163,74271810,PG,21446,2018-07-11,-0.008269
18163,74271810,PG,21446,2018-07-12,-0.003411
18163,74271810,PG,21446,2018-07-13,0.005324
18163,74271810,PG,21446,2018-07-16,0.002774
18163,74271810,PG,21446,2018-07-17,0.006287
18163,74271810,PG,21446,2018-07-18,-0.003874
18163,74271810,PG,21446,2018-07-19,-0.003422
18163,74271810,PG,21446,2018-07-20,-0.000635
18163,74271810,PG,21446,2018-07-23,-0.002161
18163,74271810,PG,21446,2018-07-24,0.006114
18163,74271810,PG,21446,2018-07-25,0.006077
18163,74271810,PG,21446,2018-07-26,0.007802
18163,74271810,PG,21446,2018-07-27,0.006118
18163,74271810,PG,21446,2018-07-30,-0.004716
18163,74271810,PG,21446,2018-07-31,0.008479
18163,74271810,PG,21446,2018-08-01,-0.002844
18163,74271810,PG,21446,2018-08-02,0.016739
18163,74271810,PG,21446,2018-08-03,0.004024
18163,74271810,PG,21446,2018-08-06,0.002308
18163,74271810,PG,21446,2018-08-07,0.001454
18163,74271810,PG,21446,2018-08-08,-0.003509
18163,74271810,PG,21446,2018-08-09,-0.011536
18163,74271810,PG,21446,2018-08-10,0.000369
18163,74271810,PG,21446,2018-08-13,0.001105
18163,74271810,PG,21446,2018-08-14,-0.002576
18163,74271810,PG,21446,2018-08-15,0.012176
18163,74271810,PG,21446,2018-08-16,0.016889
18163,74271810,PG,21446,2018-08-17,0.000000
18163,74271810,PG,21446,2018-08-20,-0.000597
18163,74271810,PG,21446,2018-08-21,0.003109
18163,74271810,PG,21446,2018-08-22,-0.006079
18163,74271810,PG,21446,2018-08-23,-0.001799
18163,74271810,PG,21446,2018-08-24,0.001442
18163,74271810,PG,21446,2018-08-27,0.000960
18163,74271810,PG,21446,2018-08-28,0.000479
18163,74271810,PG,21446,2018-08-29,0.000120
18163,74271810,PG,21446,2018-08-30,-0.000958
18163,74271810,PG,21446,2018-08-31,-0.005515
18163,74271810,PG,21446,2018-09-04,-0.003014
18163,74271810,PG,21446,2018-09-05,0.007134
18163,74271810,PG,21446,2018-09-06,-0.007684
18163,74271810,PG,21446,2018-09-07,-0.008953
18163,74271810,PG,21446,2018-09-10,0.005738
18163,74271810,PG,21446,2018-09-11,-0.004491
18163,74271810,PG,21446,2018-09-12,0.013413
18163,74271810,PG,21446,2018-09-13,0.004091
18163,74271810,PG,21446,2018-09-14,0.001917
18163,74271810,PG,21446,2018-09-17,0.007655
18163,74271810,PG,21446,2018-09-18,-0.002967
18163,74271810,PG,21446,2018-09-19,0.000000
18163,74271810,PG,21446,2018-09-20,0.016190
18163,74271810,PG,21446,2018-09-21,0.005389
18163,74271810,PG,21446,2018-09-24,-0.018061
18163,74271810,PG,21446,2018-09-25,-0.013647
18163,74271810,PG,21446,2018-09-26,0.001684
18163,74271810,PG,21446,2018-09-27,-0.004804
18163,74271810,PG,21446,2018-09-28,0.004465
18163,74271810,PG,21446,2018-10-01,0.005287
18163,74271810,PG,21446,2018-10-02,0.008247
18163,74271810,PG,21446,2018-10-03,-0.015766
18163,74271810,PG,21446,2018-10-04,-0.013369
18163,74271810,PG,21446,2018-10-05,0.002808
18163,74271810,PG,21446,2018-10-08,0.003043
18163,74271810,PG,21446,2018-10-09,-0.002427
18163,74271810,PG,21446,2018-10-10,-0.009246
18163,74271810,PG,21446,2018-10-11,-0.031557
18163,74271810,PG,21446,2018-10-12,0.002409
18163,74271810,PG,21446,2018-10-15,0.013534
18163,74271810,PG,21446,2018-10-16,0.010982
18163,74271810,PG,21446,2018-10-17,0.010493
18163,74271810,PG,21446,2018-10-18,-0.011029
18163,74271810,PG,21446,2018-10-19,0.087986
18163,74271810,PG,21446,2018-10-22,-0.008018
18163,74271810,PG,21446,2018-10-23,0.006467
18163,74271810,PG,21446,2018-10-24,0.026388
18163,74271810,PG,21446,2018-10-25,-0.005142
18163,74271810,PG,21446,2018-10-26,-0.012809
18163,74271810,PG,21446,2018-10-29,0.004325
18163,74271810,PG,21446,2018-10-30,0.010766
18163,74271810,PG,21446,2018-10-31,-0.005718
18163,74271810,PG,21446,2018-11-01,0.010262
18163,74271810,PG,21446,2018-11-02,0.002456
18163,74271810,PG,21446,2018-11-05,0.015477
18163,74271810,PG,21446,2018-11-06,0.003399
18163,74271810,PG,21446,2018-11-07,-0.002404
18163,74271810,PG,21446,2018-11-08,0.000767
18163,74271810,PG,21446,2018-11-09,0.011493
18163,74271810,PG,21446,2018-11-12,0.003138
18163,74271810,PG,21446,2018-11-13,0.008306
18163,74271810,PG,21446,2018-11-14,0.000214
18163,74271810,PG,21446,2018-11-15,0.003637
18163,74271810,PG,21446,2018-11-16,-0.000107
18163,74271810,PG,21446,2018-11-19,-0.005649
18163,74271810,PG,21446,2018-11-20,-0.012756
18163,74271810,PG,21446,2018-11-21,-0.007492
18163,74271810,PG,21446,2018-11-23,0.001422
18163,74271810,PG,21446,2018-11-26,0.004370
18163,74271810,PG,21446,2018-11-27,0.008484
18163,74271810,PG,21446,2018-11-28,0.003128
18163,74271810,PG,21446,2018-11-29,-0.002043
18163,74271810,PG,21446,2018-11-30,0.018207
18163,74271810,PG,21446,2018-12-03,-0.012591
18163,74271810,PG,21446,2018-12-04,-0.000107
18163,74271810,PG,21446,2018-12-06,0.002572
18163,74271810,PG,21446,2018-12-07,-0.011758
18163,74271810,PG,21446,2018-12-10,0.006274
18163,74271810,PG,21446,2018-12-11,0.009459
18163,74271810,PG,21446,2018-12-12,0.001278
18163,74271810,PG,21446,2018-12-13,0.026162
18163,74271810,PG,21446,2018-12-14,0.001555
18163,74271810,PG,21446,2018-12-17,-0.040046
18163,74271810,PG,21446,2018-12-18,-0.003018
18163,74271810,PG,21446,2018-12-19,-0.007893
18163,74271810,PG,21446,2018-12-20,-0.008500
18163,74271810,PG,21446,2018-12-21,-0.000110
18163,74271810,PG,21446,2018-12-24,-0.039683
18163,74271810,PG,21446,2018-12-26,0.031250
18163,74271810,PG,21446,2018-12-27,0.021423
18163,74271810,PG,21446,2018-12-28,-0.009128
18163,74271810,PG,21446,2018-12-31,0.008116
18163,74271810,PG,21446,2019-01-02,-0.006963
18163,74271810,PG,21446,2019-01-03,-0.007011
18163,74271810,PG,21446,2019-01-04,0.020410
18163,74271810,PG,21446,2019-01-07,-0.004000
18163,74271810,PG,21446,2019-01-08,0.003691
18163,74271810,PG,21446,2019-01-09,-0.016331
18163,74271810,PG,21446,2019-01-10,0.002419
18163,74271810,PG,21446,2019-01-11,0.006581
18163,74271810,PG,21446,2019-01-14,-0.006756
18163,74271810,PG,21446,2019-01-15,0.009435
18163,74271810,PG,21446,2019-01-16,-0.006956
18163,74271810,PG,21446,2019-01-17,-0.000140
18163,74271810,PG,21446,2019-01-18,0.008605
18163,74271810,PG,21446,2019-01-22,-0.010720
18163,74271810,PG,21446,2019-01-23,0.048651
18163,74271810,PG,21446,2019-01-24,-0.005694
18163,74271810,PG,21446,2019-01-25,-0.007423
18163,74271810,PG,21446,2019-01-28,-0.000855
18163,74271810,PG,21446,2019-01-29,0.000214
18163,74271810,PG,21446,2019-01-30,0.010477
18163,74271810,PG,21446,2019-01-31,0.020631
18163,74271810,PG,21446,2019-02-01,0.010366
18163,74271810,PG,21446,2019-02-04,0.005745
18163,74271810,PG,21446,2019-02-05,-0.006019
18163,74271810,PG,21446,2019-02-06,0.004926
18163,74271810,PG,21446,2019-02-07,-0.007966
18163,74271810,PG,21446,2019-02-08,0.005868
18163,74271810,PG,21446,2019-02-11,0.005731
18163,74271810,PG,21446,2019-02-12,0.010074
18163,74271810,PG,21446,2019-02-13,-0.000201
18163,74271810,PG,21446,2019-02-14,-0.007860
18163,74271810,PG,21446,2019-02-15,0.000203
18163,74271810,PG,21446,2019-02-19,0.015333
18163,74271810,PG,21446,2019-02-20,-0.007101
18163,74271810,PG,21446,2019-02-21,0.005036
18163,74271810,PG,21446,2019-02-22,0.004710
18163,74271810,PG,21446,2019-02-25,-0.006783
18163,74271810,PG,21446,2019-02-26,0.002611
18163,74271810,PG,21446,2019-02-27,-0.009216
18163,74271810,PG,21446,2019-02-28,-0.003640
18163,74271810,PG,21446,2019-03-01,-0.001116
18163,74271810,PG,21446,2019-03-04,0.004368
18163,74271810,PG,21446,2019-03-05,0.002225
18163,74271810,PG,21446,2019-03-06,-0.001615
18163,74271810,PG,21446,2019-03-07,-0.003841
18163,74271810,PG,21446,2019-03-08,-0.001421
18163,74271810,PG,21446,2019-03-11,0.011889
18163,74271810,PG,21446,2019-03-12,0.004720
18163,74271810,PG,21446,2019-03-13,0.011294
18163,74271810,PG,21446,2019-03-14,0.001384
18163,74271810,PG,21446,2019-03-15,0.011054
18163,74271810,PG,21446,2019-03-18,-0.009078
18163,74271810,PG,21446,2019-03-19,0.003842
18163,74271810,PG,21446,2019-03-20,-0.001766
18163,74271810,PG,21446,2019-03-21,0.007570
18163,74271810,PG,21446,2019-03-22,-0.008098
18163,74271810,PG,21446,2019-03-25,0.002951
18163,74271810,PG,21446,2019-03-26,0.010396
18163,74271810,PG,21446,2019-03-27,-0.001165
18163,74271810,PG,21446,2019-03-28,0.006317
18163,74271810,PG,21446,2019-03-29,0.004829
18163,74271810,PG,21446,2019-04-01,-0.003940
18163,74271810,PG,21446,2019-04-02,0.001061
18163,74271810,PG,21446,2019-04-03,-0.000578
18163,74271810,PG,21446,2019-04-04,-0.002507
18163,74271810,PG,21446,2019-04-05,0.002127
18163,74271810,PG,21446,2019-04-08,0.012735
18163,74271810,PG,21446,2019-04-09,-0.002953
18163,74271810,PG,21446,2019-04-10,-0.000096
18163,74271810,PG,21446,2019-04-11,0.000956
18163,74271810,PG,21446,2019-04-12,0.002959
18163,74271810,PG,21446,2019-04-15,0.006377
18163,74271810,PG,21446,2019-04-16,0.006526
18163,74271810,PG,21446,2019-04-17,0.001653
18163,74271810,PG,21446,2019-04-18,0.001889
18163,74271810,PG,21446,2019-04-22,-0.000377
18163,74271810,PG,21446,2019-04-23,-0.026884
18163,74271810,PG,21446,2019-04-24,0.005138
18163,74271810,PG,21446,2019-04-25,-0.003954
18163,74271810,PG,21446,2019-04-26,0.024981
18163,74271810,PG,21446,2019-04-29,-0.010202
18163,74271810,PG,21446,2019-04-30,0.016224
18163,74271810,PG,21446,2019-05-01,-0.014557
18163,74271810,PG,21446,2019-05-02,0.006004
18163,74271810,PG,21446,2019-05-03,0.004926
18163,74271810,PG,21446,2019-05-06,-0.003771
18163,74271810,PG,21446,2019-05-07,-0.009273
18163,74271810,PG,21446,2019-05-08,0.003534
18163,74271810,PG,21446,2019-05-09,-0.007899
18163,74271810,PG,21446,2019-05-10,0.016980
18163,74271810,PG,21446,2019-05-13,0.000943
18163,74271810,PG,21446,2019-05-14,-0.004806
18163,74271810,PG,21446,2019-05-15,0.010417
18163,74271810,PG,21446,2019-05-16,0.013215
18163,74271810,PG,21446,2019-05-17,-0.006105
18163,74271810,PG,21446,2019-05-20,-0.001117
18163,74271810,PG,21446,2019-05-21,-0.008944
18163,74271810,PG,21446,2019-05-22,0.003290
18163,74271810,PG,21446,2019-05-23,0.000375
18163,74271810,PG,21446,2019-05-24,-0.000656
18163,74271810,PG,21446,2019-05-28,-0.020902
18163,74271810,PG,21446,2019-05-29,-0.002585
18163,74271810,PG,21446,2019-05-30,0.010942
18163,74271810,PG,21446,2019-05-31,-0.022975
18163,74271810,PG,21446,2019-06-03,0.008648
18163,74271810,PG,21446,2019-06-04,0.008478
18163,74271810,PG,21446,2019-06-05,0.019583
18163,74271810,PG,21446,2019-06-06,0.006090
18163,74271810,PG,21446,2019-06-07,0.012945
18163,74271810,PG,21446,2019-06-10,-0.000460
18163,74271810,PG,21446,2019-06-11,0.006071
18163,74271810,PG,21446,2019-06-12,0.002743
18163,74271810,PG,21446,2019-06-13,0.011214
18163,74271810,PG,21446,2019-06-14,0.002615
18163,74271810,PG,21446,2019-06-17,-0.001888
18163,74271810,PG,21446,2019-06-18,-0.012524
18163,74271810,PG,21446,2019-06-19,0.007482
18163,74271810,PG,21446,2019-06-20,0.011954
18163,74271810,PG,21446,2019-06-21,-0.004833
18163,74271810,PG,21446,2019-06-24,0.010162
18163,74271810,PG,21446,2019-06-25,-0.005430
18163,74271810,PG,21446,2019-06-26,-0.017812
18163,74271810,PG,21446,2019-06-27,0.000456
18163,74271810,PG,21446,2019-06-28,-0.001184
18163,74271810,PG,21446,2019-07-01,0.007661
18163,74271810,PG,21446,2019-07-02,0.008960
18163,74271810,PG,21446,2019-07-03,0.023323
18163,74271810,PG,21446,2019-07-05,-0.008152
18163,74271810,PG,21446,2019-07-08,0.007954
18163,74271810,PG,21446,2019-07-09,-0.009996
18163,74271810,PG,21446,2019-07-10,0.007440
18163,74271810,PG,21446,2019-07-11,0.005538
18163,74271810,PG,21446,2019-07-12,0.005333
18163,74271810,PG,21446,2019-07-15,0.004261
18163,74271810,PG,21446,2019-07-16,0.003550
18163,74271810,PG,21446,2019-07-17,0.000431
18163,74271810,PG,21446,2019-07-18,0.002121
18163,74271810,PG,21446,2019-07-19,-0.003725
18163,74271810,PG,21446,2019-07-22,0.002522
18163,74271810,PG,21446,2019-07-23,-0.012576
18163,74271810,PG,21446,2019-07-24,-0.010979
18163,74271810,PG,21446,2019-07-25,0.001510
18163,74271810,PG,21446,2019-07-26,0.017381
18163,74271810,PG,21446,2019-07-29,0.011069
18163,74271810,PG,21446,2019-07-30,0.038017
18163,74271810,PG,21446,2019-07-31,-0.019683
18163,74271810,PG,21446,2019-08-01,-0.011098
18163,74271810,PG,21446,2019-08-02,-0.002484
18163,74271810,PG,21446,2019-08-05,-0.028856
18163,74271810,PG,21446,2019-08-06,0.010612
18163,74271810,PG,21446,2019-08-07,0.010851
18163,74271810,PG,21446,2019-08-08,0.016620
18163,74271810,PG,21446,2019-08-09,-0.005620
18163,74271810,PG,21446,2019-08-12,-0.006422
18163,74271810,PG,21446,2019-08-13,0.010515
18163,74271810,PG,21446,2019-08-14,-0.012452
18163,74271810,PG,21446,2019-08-15,0.013818
18163,74271810,PG,21446,2019-08-16,0.015248
18163,74271810,PG,21446,2019-08-19,0.008894
18163,74271810,PG,21446,2019-08-20,-0.011144
18163,74271810,PG,21446,2019-08-21,0.002523
18163,74271810,PG,21446,2019-08-22,0.001846
18163,74271810,PG,21446,2019-08-23,-0.017585
18163,74271810,PG,21446,2019-08-26,0.017047
18163,74271810,PG,21446,2019-08-27,0.010308
18163,74271810,PG,21446,2019-08-28,0.007051
18163,74271810,PG,21446,2019-08-29,-0.001812
18163,74271810,PG,21446,2019-08-30,-0.007840
18163,74271810,PG,21446,2019-09-03,0.009399
18163,74271810,PG,21446,2019-09-04,0.015244
18163,74271810,PG,21446,2019-09-05,-0.003652
18163,74271810,PG,21446,2019-09-06,0.000896
18163,74271810,PG,21446,2019-09-09,-0.005697
18163,74271810,PG,21446,2019-09-10,-0.018744
18163,74271810,PG,21446,2019-09-11,0.011595
18163,74271810,PG,21446,2019-09-12,0.012369
18163,74271810,PG,21446,2019-09-13,-0.005294
18163,74271810,PG,21446,2019-09-16,-0.019407
18163,74271810,PG,21446,2019-09-17,0.011775
18163,74271810,PG,21446,2019-09-18,0.002063
18163,74271810,PG,21446,2019-09-19,0.004036
18163,74271810,PG,21446,2019-09-20,0.002789
18163,74271810,PG,21446,2019-09-23,0.008017
18163,74271810,PG,21446,2019-09-24,0.003165
18163,74271810,PG,21446,2019-09-25,-0.004773
18163,74271810,PG,21446,2019-09-26,0.010486
18163,74271810,PG,21446,2019-09-27,0.002092
18163,74271810,PG,21446,2019-09-30,-0.001525
18163,74271810,PG,21446,2019-10-01,-0.004261
18163,74271810,PG,21446,2019-10-02,-0.022366
18163,74271810,PG,21446,2019-10-03,0.005451
18163,74271810,PG,21446,2019-10-04,0.018564
18163,74271810,PG,21446,2019-10-07,-0.009355
18163,74271810,PG,21446,2019-10-08,-0.015549
18163,74271810,PG,21446,2019-10-09,0.008683
18163,74271810,PG,21446,2019-10-10,-0.000328
18163,74271810,PG,21446,2019-10-11,-0.006971
18163,74271810,PG,21446,2019-10-14,-0.008589
18163,74271810,PG,21446,2019-10-15,-0.023740
18163,74271810,PG,21446,2019-10-16,0.002816
18163,74271810,PG,21446,2019-10-17,-0.001311
18163,74271810,PG,21446,2019-10-18,0.007202
18163,74271810,PG,21446,2019-10-21,0.013706
18163,74271810,PG,21446,2019-10-22,0.026033
18163,74271810,PG,21446,2019-10-23,0.006711
18163,74271810,PG,21446,2019-10-24,0.014553
18163,74271810,PG,21446,2019-10-25,-0.012341
18163,74271810,PG,21446,2019-10-28,0.001866
18163,74271810,PG,21446,2019-10-29,0.000972
18163,74271810,PG,21446,2019-10-30,0.010841
18163,74271810,PG,21446,2019-10-31,-0.003442
18163,74271810,PG,21446,2019-11-01,-0.005140
18163,74271810,PG,21446,2019-11-04,-0.038750
18163,74271810,PG,21446,2019-11-05,-0.001428
18163,74271810,PG,21446,2019-11-06,0.011943
18163,74271810,PG,21446,2019-11-07,-0.005818
18163,74271810,PG,21446,2019-11-08,0.000669
18163,74271810,PG,21446,2019-11-11,-0.003091
18163,74271810,PG,21446,2019-11-12,-0.000503
18163,74271810,PG,21446,2019-11-13,0.011570
18163,74271810,PG,21446,2019-11-14,-0.001243
18163,74271810,PG,21446,2019-11-15,0.000332
18163,74271810,PG,21446,2019-11-18,0.011200
18163,74271810,PG,21446,2019-11-19,-0.003856
18163,74271810,PG,21446,2019-11-20,0.007165
18163,74271810,PG,21446,2019-11-21,-0.015946
18163,74271810,PG,21446,2019-11-22,-0.000415
18163,74271810,PG,21446,2019-11-25,0.001829
18163,74271810,PG,21446,2019-11-26,0.014522
18163,74271810,PG,21446,2019-11-27,-0.004090
18163,74271810,PG,21446,2019-11-29,0.002464
18163,74271810,PG,21446,2019-12-02,0.005407
18163,74271810,PG,21446,2019-12-03,0.001874
18163,74271810,PG,21446,2019-12-04,0.012851
18163,74271810,PG,21446,2019-12-05,0.000723
18163,74271810,PG,21446,2019-12-06,-0.003450
18163,74271810,PG,21446,2019-12-09,0.005475
18163,74271810,PG,21446,2019-12-10,-0.004805
18163,74271810,PG,21446,2019-12-11,0.003138
18163,74271810,PG,21446,2019-12-12,-0.000722
18163,74271810,PG,21446,2019-12-13,0.007225
18163,74271810,PG,21446,2019-12-16,0.000717
18163,74271810,PG,21446,2019-12-17,-0.001991
18163,74271810,PG,21446,2019-12-18,-0.010374
18163,74271810,PG,21446,2019-12-19,0.007338
18163,74271810,PG,21446,2019-12-20,0.003522
18163,74271810,PG,21446,2019-12-23,-0.003669
18163,74271810,PG,21446,2019-12-24,0.002562
18163,74271810,PG,21446,2019-12-26,0.000000
18163,74271810,PG,21446,2019-12-27,0.006948
18163,74271810,PG,21446,2019-12-30,-0.012848
18163,74271810,PG,21446,2019-12-31,0.003455
18163,74271810,PG,21446,2020-01-02,-0.011930
18163,74271810,PG,21446,2020-01-03,-0.006726
18163,74271810,PG,21446,2020-01-06,0.001387
18163,74271810,PG,21446,2020-01-07,-0.006191
18163,74271810,PG,21446,2020-01-08,0.004263
18163,74271810,PG,21446,2020-01-09,0.010938
18163,74271810,PG,21446,2020-01-10,0.000969
18163,74271810,PG,21446,2020-01-13,0.007340
18163,74271810,PG,21446,2020-01-14,-0.001521
18163,74271810,PG,21446,2020-01-15,0.010185
18163,74271810,PG,21446,2020-01-16,0.000873
18163,74271810,PG,21446,2020-01-17,0.002697
18163,74271810,PG,21446,2020-01-21,-0.002531
18163,74271810,PG,21446,2020-01-22,0.001745
18163,74271810,PG,21446,2020-01-23,-0.004545
18163,74271810,PG,21446,2020-01-24,0.001200
18163,74271810,PG,21446,2020-01-27,0.004395
18163,74271810,PG,21446,2020-01-28,0.002705
18163,74271810,PG,21446,2020-01-29,-0.007697
18163,74271810,PG,21446,2020-01-30,0.007117
18163,74271810,PG,21446,2020-01-31,-0.010560
18163,74271810,PG,21446,2020-02-03,0.003932
18163,74271810,PG,21446,2020-02-04,0.004396
18163,74271810,PG,21446,2020-02-05,0.009152
18163,74271810,PG,21446,2020-02-06,0.002602
18163,74271810,PG,21446,2020-02-07,-0.008337
18163,74271810,PG,21446,2020-02-10,0.000714
18163,74271810,PG,21446,2020-02-11,-0.015931
18163,74271810,PG,21446,2020-02-12,-0.005718
18163,74271810,PG,21446,2020-02-13,0.012232
18163,74271810,PG,21446,2020-02-14,0.009443
18163,74271810,PG,21446,2020-02-18,-0.010068
18163,74271810,PG,21446,2020-02-19,0.004565
18163,74271810,PG,21446,2020-02-20,0.009088
18163,74271810,PG,21446,2020-02-21,0.000948
18163,74271810,PG,21446,2020-02-24,-0.026835
18163,74271810,PG,21446,2020-02-25,-0.015166
18163,74271810,PG,21446,2020-02-26,-0.010459
18163,74271810,PG,21446,2020-02-27,-0.055426
18163,74271810,PG,21446,2020-02-28,-0.002379
18163,74271810,PG,21446,2020-03-02,0.055904
18163,74271810,PG,21446,2020-03-03,-0.011626
18163,74271810,PG,21446,2020-03-04,0.053567
18163,74271810,PG,21446,2020-03-05,-0.023052
18163,74271810,PG,21446,2020-03-06,0.000247
18163,74271810,PG,21446,2020-03-09,-0.046030
18163,74271810,PG,21446,2020-03-10,0.038687
18163,74271810,PG,21446,2020-03-11,-0.074326
18163,74271810,PG,21446,2020-03-12,-0.087373
18163,74271810,PG,21446,2020-03-13,0.120090
18163,74271810,PG,21446,2020-03-16,-0.048830
18163,74271810,PG,21446,2020-03-17,0.089770
18163,74271810,PG,21446,2020-03-18,-0.006681
18163,74271810,PG,21446,2020-03-19,-0.056364
18163,74271810,PG,21446,2020-03-20,-0.075792
18163,74271810,PG,21446,2020-03-23,-0.046178
18163,74271810,PG,21446,2020-03-24,0.057011
18163,74271810,PG,21446,2020-03-25,-0.022756
18163,74271810,PG,21446,2020-03-26,0.064011
18163,74271810,PG,21446,2020-03-27,0.025982
18163,74271810,PG,21446,2020-03-30,0.043841
18163,74271810,PG,21446,2020-03-31,-0.043478
18163,74271810,PG,21446,2020-04-01,-0.006091
18163,74271810,PG,21446,2020-04-02,0.046373
18163,74271810,PG,21446,2020-04-03,0.005944
18163,74271810,PG,21446,2020-04-06,0.023723
18163,74271810,PG,21446,2020-04-07,-0.042781
18163,74271810,PG,21446,2020-04-08,0.020662
18163,74271810,PG,21446,2020-04-09,-0.003823
18163,74271810,PG,21446,2020-04-13,0.011251
18163,74271810,PG,21446,2020-04-14,0.043208
18163,74271810,PG,21446,2020-04-15,0.002149
18163,74271810,PG,21446,2020-04-16,0.002310
18163,74271810,PG,21446,2020-04-17,0.026255
18163,74271810,PG,21446,2020-04-20,-0.032801
18163,74271810,PG,21446,2020-04-21,-0.007629
18163,74271810,PG,21446,2020-04-22,-0.002340
18163,74271810,PG,21446,2020-04-23,0.006622
18163,74271810,PG,21446,2020-04-24,-0.005193
18163,74271810,PG,21446,2020-04-27,-0.011197
18163,74271810,PG,21446,2020-04-28,-0.004768
18163,74271810,PG,21446,2020-04-29,0.001625
18163,74271810,PG,21446,2020-04-30,0.006748
18163,74271810,PG,21446,2020-05-01,-0.008908
18163,74271810,PG,21446,2020-05-04,-0.008988
18163,74271810,PG,21446,2020-05-05,0.002073
18163,74271810,PG,21446,2020-05-06,-0.025084
18163,74271810,PG,21446,2020-05-07,-0.008223
18163,74271810,PG,21446,2020-05-08,0.033699
18163,74271810,PG,21446,2020-05-11,-0.005520
18163,74271810,PG,21446,2020-05-12,-0.006591
18163,74271810,PG,21446,2020-05-13,-0.005500
18163,74271810,PG,21446,2020-05-14,-0.000966
18163,74271810,PG,21446,2020-05-15,0.007029
18163,74271810,PG,21446,2020-05-18,0.013960
18163,74271810,PG,21446,2020-05-19,-0.032441
18163,74271810,PG,21446,2020-05-20,0.007471
18163,74271810,PG,21446,2020-05-21,-0.014654
18163,74271810,PG,21446,2020-05-22,0.008780
18163,74271810,PG,21446,2020-05-26,-0.005062
18163,74271810,PG,21446,2020-05-27,0.016603
18163,74271810,PG,21446,2020-05-28,0.019053
18163,74271810,PG,21446,2020-05-29,-0.001206
18163,74271810,PG,21446,2020-06-01,0.011473
18163,74271810,PG,21446,2020-06-02,0.006908
18163,74271810,PG,21446,2020-06-03,0.003981
18163,74271810,PG,21446,2020-06-04,-0.020923
18163,74271810,PG,21446,2020-06-05,0.019647
18163,74271810,PG,21446,2020-06-08,0.006085
18163,74271810,PG,21446,2020-06-09,-0.005964
18163,74271810,PG,21446,2020-06-10,0.007521
18163,74271810,PG,21446,2020-06-11,-0.024910
18163,74271810,PG,21446,2020-06-12,-0.005505
18163,74271810,PG,21446,2020-06-15,0.009254
18163,74271810,PG,21446,2020-06-16,0.012340
18163,74271810,PG,21446,2020-06-17,-0.001693
18163,74271810,PG,21446,2020-06-18,0.011447
18163,74271810,PG,21446,2020-06-19,-0.003018
18163,74271810,PG,21446,2020-06-22,-0.009839
18163,74271810,PG,21446,2020-06-23,-0.000170
18163,74271810,PG,21446,2020-06-24,-0.011127
18163,74271810,PG,21446,2020-06-25,0.012627
18163,74271810,PG,21446,2020-06-26,-0.022563
18163,74271810,PG,21446,2020-06-29,0.021088
18163,74271810,PG,21446,2020-06-30,0.016233
18163,74271810,PG,21446,2020-07-01,0.003429
18163,74271810,PG,21446,2020-07-02,0.007501
18163,74271810,PG,21446,2020-07-06,0.006205
18163,74271810,PG,21446,2020-07-07,0.004851
18163,74271810,PG,21446,2020-07-08,0.005482
18163,74271810,PG,21446,2020-07-09,-0.003336
18163,74271810,PG,21446,2020-07-10,0.011512
18163,74271810,PG,21446,2020-07-13,0.001291
18163,74271810,PG,21446,2020-07-14,0.008384
18163,74271810,PG,21446,2020-07-15,-0.004717
18163,74271810,PG,21446,2020-07-16,0.002088
18163,74271810,PG,21446,2020-07-17,0.006973
18163,74271810,PG,21446,2020-07-20,-0.003104
18163,74271810,PG,21446,2020-07-21,-0.001357
18163,74271810,PG,21446,2020-07-22,0.008555
18163,74271810,PG,21446,2020-07-23,0.006427
18163,74271810,PG,21446,2020-07-24,-0.001585
18163,74271810,PG,21446,2020-07-27,0.002858
18163,74271810,PG,21446,2020-07-28,0.012350
18163,74271810,PG,21446,2020-07-29,0.003363
18163,74271810,PG,21446,2020-07-30,0.024238
18163,74271810,PG,21446,2020-07-31,-0.002283
18163,74271810,PG,21446,2020-08-03,0.001297
18163,74271810,PG,21446,2020-08-04,0.019042
18163,74271810,PG,21446,2020-08-05,-0.002616
18163,74271810,PG,21446,2020-08-06,-0.005471
18163,74271810,PG,21446,2020-08-07,0.006330
18163,74271810,PG,21446,2020-08-10,0.004118
18163,74271810,PG,21446,2020-08-11,-0.006488
18163,74271810,PG,21446,2020-08-12,0.016738
18163,74271810,PG,21446,2020-08-13,0.002362
18163,74271810,PG,21446,2020-08-14,-0.005008
18163,74271810,PG,21446,2020-08-17,0.002961
18163,74271810,PG,21446,2020-08-18,0.007454
18163,74271810,PG,21446,2020-08-19,-0.005421
18163,74271810,PG,21446,2020-08-20,0.007955
18163,74271810,PG,21446,2020-08-21,0.004311
18163,74271810,PG,21446,2020-08-24,0.007785
18163,74271810,PG,21446,2020-08-25,0.003971
18163,74271810,PG,21446,2020-08-26,-0.004818
18163,74271810,PG,21446,2020-08-27,-0.001301
18163,74271810,PG,21446,2020-08-28,0.004052
18163,74271810,PG,21446,2020-08-31,-0.003171
18163,74271810,PG,21446,2020-09-01,-0.001084
18163,74271810,PG,21446,2020-09-02,0.016862
18163,74271810,PG,21446,2020-09-03,-0.016013
18163,74271810,PG,21446,2020-09-04,-0.002170
18163,74271810,PG,21446,2020-09-08,-0.014642
18163,74271810,PG,21446,2020-09-09,0.016257
18163,74271810,PG,21446,2020-09-10,-0.010496
18163,74271810,PG,21446,2020-09-11,0.010534
18163,74271810,PG,21446,2020-09-14,0.003547
18163,74271810,PG,21446,2020-09-15,0.000000
18163,74271810,PG,21446,2020-09-16,-0.006709
18163,74271810,PG,21446,2020-09-17,-0.001307
18163,74271810,PG,21446,2020-09-18,-0.001091
18163,74271810,PG,21446,2020-09-21,-0.004805
18163,74271810,PG,21446,2020-09-22,0.009143
18163,74271810,PG,21446,2020-09-23,-0.011960
18163,74271810,PG,21446,2020-09-24,0.004475
18163,74271810,PG,21446,2020-09-25,0.005112
18163,74271810,PG,21446,2020-09-28,0.002834
18163,74271810,PG,21446,2020-09-29,-0.005434
18163,74271810,PG,21446,2020-09-30,0.012604
18163,74271810,PG,21446,2020-10-01,0.001799
18163,74271810,PG,21446,2020-10-02,-0.008044
18163,74271810,PG,21446,2020-10-05,0.009195
18163,74271810,PG,21446,2020-10-06,0.001578
18163,74271810,PG,21446,2020-10-07,0.007807
18163,74271810,PG,21446,2020-10-08,0.006752
18163,74271810,PG,21446,2020-10-09,0.008966
18163,74271810,PG,21446,2020-10-12,0.010985
18163,74271810,PG,21446,2020-10-13,-0.001938
18163,74271810,PG,21446,2020-10-14,-0.001179
18163,74271810,PG,21446,2020-10-15,-0.001458
18163,74271810,PG,21446,2020-10-16,0.003893
18163,74271810,PG,21446,2020-10-19,-0.017176
18163,74271810,PG,21446,2020-10-20,0.004017
18163,74271810,PG,21446,2020-10-21,0.005404
18163,74271810,PG,21446,2020-10-22,-0.007046
18163,74271810,PG,21446,2020-10-23,0.006575
18163,74271810,PG,21446,2020-10-26,-0.007585
18163,74271810,PG,21446,2020-10-27,0.007502
18163,74271810,PG,21446,2020-10-28,-0.033015
18163,74271810,PG,21446,2020-10-29,-0.000654
18163,74271810,PG,21446,2020-10-30,-0.003416
18163,74271810,PG,21446,2020-11-02,0.010212
18163,74271810,PG,21446,2020-11-03,0.019639
18163,74271810,PG,21446,2020-11-04,-0.004107
18163,74271810,PG,21446,2020-11-05,0.012372
18163,74271810,PG,21446,2020-11-06,0.005970
18163,74271810,PG,21446,2020-11-09,-0.036585
18163,74271810,PG,21446,2020-11-10,0.016450
18163,74271810,PG,21446,2020-11-11,0.012905
18163,74271810,PG,21446,2020-11-12,0.000563
18163,74271810,PG,21446,2020-11-13,0.014984
18163,74271810,PG,21446,2020-11-16,-0.012822
18163,74271810,PG,21446,2020-11-17,-0.003862
18163,74271810,PG,21446,2020-11-18,-0.015365
18163,74271810,PG,21446,2020-11-19,-0.001217
18163,74271810,PG,21446,2020-11-20,-0.001648
18163,74271810,PG,21446,2020-11-23,-0.003877
18163,74271810,PG,21446,2020-11-24,-0.003243
18163,74271810,PG,21446,2020-11-25,0.002675
18163,74271810,PG,21446,2020-11-27,-0.000505
18163,74271810,PG,21446,2020-11-30,0.001876
18163,74271810,PG,21446,2020-12-01,0.003600
18163,74271810,PG,21446,2020-12-02,-0.007247
18163,74271810,PG,21446,2020-12-03,-0.007372
18163,74271810,PG,21446,2020-12-04,0.000947
18163,74271810,PG,21446,2020-12-07,0.001528
18163,74271810,PG,21446,2020-12-08,0.002687
18163,74271810,PG,21446,2020-12-09,-0.011880
18163,74271810,PG,21446,2020-12-10,-0.006598
18163,74271810,PG,21446,2020-12-11,0.007380
18163,74271810,PG,21446,2020-12-14,-0.004835
18163,74271810,PG,21446,2020-12-15,0.005889
18163,74271810,PG,21446,2020-12-16,0.004537
18163,74271810,PG,21446,2020-12-17,0.007139
18163,74271810,PG,21446,2020-12-18,0.005714
18163,74271810,PG,21446,2020-12-21,-0.010932
18163,74271810,PG,21446,2020-12-22,-0.007054
18163,74271810,PG,21446,2020-12-23,-0.001538
18163,74271810,PG,21446,2020-12-24,0.010122
18163,74271810,PG,21446,2020-12-28,0.006971
18163,74271810,PG,21446,2020-12-29,-0.001875
18163,74271810,PG,21446,2020-12-30,-0.004696
18163,74271810,PG,21446,2020-12-31,0.009944
18163,74271810,PG,21446,2021-01-04,-0.009487
18163,74271810,PG,21446,2021-01-05,0.006385
18163,74271810,PG,21446,2021-01-06,0.010526
18163,74271810,PG,21446,2021-01-07,-0.009346
18163,74271810,PG,21446,2021-01-08,-0.000432
18163,74271810,PG,21446,2021-01-11,-0.006773
18163,74271810,PG,21446,2021-01-12,-0.005803
18163,74271810,PG,21446,2021-01-13,0.001532
18163,74271810,PG,21446,2021-01-14,-0.010637
18163,74271810,PG,21446,2021-01-15,-0.007511
18163,74271810,PG,21446,2021-01-19,-0.008755
18163,74271810,PG,21446,2021-01-20,-0.012500
18163,74271810,PG,21446,2021-01-21,-0.000980
18163,74271810,PG,21446,2021-01-22,-0.007709
18163,74271810,PG,21446,2021-01-25,0.017231
18163,74271810,PG,21446,2021-01-26,0.006428
18163,74271810,PG,21446,2021-01-27,-0.035390
18163,74271810,PG,21446,2021-01-28,0.015423
18163,74271810,PG,21446,2021-01-29,-0.016493
18163,74271810,PG,21446,2021-02-01,0.005928
18163,74271810,PG,21446,2021-02-02,-0.001396
18163,74271810,PG,21446,2021-02-03,0.001242
18163,74271810,PG,21446,2021-02-04,0.000620
18163,74271810,PG,21446,2021-02-05,0.004185
18163,74271810,PG,21446,2021-02-08,-0.003087
18163,74271810,PG,21446,2021-02-09,-0.003871
18163,74271810,PG,21446,2021-02-10,-0.003497
18163,74271810,PG,21446,2021-02-11,0.000858
18163,74271810,PG,21446,2021-02-12,-0.005533
18163,74271810,PG,21446,2021-02-16,0.002351
18163,74271810,PG,21446,2021-02-17,0.004221
18163,74271810,PG,21446,2021-02-18,0.008329
18163,74271810,PG,21446,2021-02-19,-0.018606
18163,74271810,PG,21446,2021-02-22,-0.004248
18163,74271810,PG,21446,2021-02-23,0.007426
18163,74271810,PG,21446,2021-02-24,0.001098
18163,74271810,PG,21446,2021-02-25,-0.008460
18163,74271810,PG,21446,2021-02-26,-0.024095
18163,74271810,PG,21446,2021-03-01,0.006152
18163,74271810,PG,21446,2021-03-02,-0.003138
18163,74271810,PG,21446,2021-03-03,-0.005973
18163,74271810,PG,21446,2021-03-04,-0.008201
18163,74271810,PG,21446,2021-03-05,0.031355
18163,74271810,PG,21446,2021-03-08,0.010557
18163,74271810,PG,21446,2021-03-09,-0.008876
18163,74271810,PG,21446,2021-03-10,0.009193
18163,74271810,PG,21446,2021-03-11,-0.003377
18163,74271810,PG,21446,2021-03-12,0.009692
18163,74271810,PG,21446,2021-03-15,0.003278
18163,74271810,PG,21446,2021-03-16,0.002956
18163,74271810,PG,21446,2021-03-17,-0.004033
18163,74271810,PG,21446,2021-03-18,0.002180
18163,74271810,PG,21446,2021-03-19,-0.005361
18163,74271810,PG,21446,2021-03-22,0.016952
18163,74271810,PG,21446,2021-03-23,0.018590
18163,74271810,PG,21446,2021-03-24,-0.000302
18163,74271810,PG,21446,2021-03-25,0.006940
18163,74271810,PG,21446,2021-03-26,0.014759
18163,74271810,PG,21446,2021-03-29,0.015652
18163,74271810,PG,21446,2021-03-30,-0.015410
18163,74271810,PG,21446,2021-03-31,-0.000148
18163,74271810,PG,21446,2021-04-01,-0.008491
18163,74271810,PG,21446,2021-04-05,0.016160
18163,74271810,PG,21446,2021-04-06,0.000366
18163,74271810,PG,21446,2021-04-07,0.001758
18163,74271810,PG,21446,2021-04-08,0.003803
18163,74271810,PG,21446,2021-04-09,-0.006484
18163,74271810,PG,21446,2021-04-12,0.004033
18163,74271810,PG,21446,2021-04-13,-0.013219
18163,74271810,PG,21446,2021-04-14,0.003627
18163,74271810,PG,21446,2021-04-15,0.012094
18163,74271810,PG,21446,2021-04-16,0.000073
18163,74271810,PG,21446,2021-04-19,-0.004663
18163,74271810,PG,21446,2021-04-20,0.008345
18163,74271810,PG,21446,2021-04-21,-0.006534
18163,74271810,PG,21446,2021-04-22,-0.009866
18163,74271810,PG,21446,2021-04-23,-0.005125
18163,74271810,PG,21446,2021-04-26,-0.020009
18163,74271810,PG,21446,2021-04-27,-0.000609
18163,74271810,PG,21446,2021-04-28,0.001677
18163,74271810,PG,21446,2021-04-29,0.008447
18163,74271810,PG,21446,2021-04-30,0.006867
18163,74271810,PG,21446,2021-05-03,0.011842
18163,74271810,PG,21446,2021-05-04,-0.003407
18163,74271810,PG,21446,2021-05-05,-0.008027
18163,74271810,PG,21446,2021-05-06,0.012588
18163,74271810,PG,21446,2021-05-07,0.000074
18163,74271810,PG,21446,2021-05-10,0.018646
18163,74271810,PG,21446,2021-05-11,-0.004939
18163,74271810,PG,21446,2021-05-12,-0.010585
18163,74271810,PG,21446,2021-05-13,0.016084
18163,74271810,PG,21446,2021-05-14,0.002106
18163,74271810,PG,21446,2021-05-17,-0.002029
18163,74271810,PG,21446,2021-05-18,-0.010237
18163,74271810,PG,21446,2021-05-19,0.002054
18163,74271810,PG,21446,2021-05-20,0.010249
18163,74271810,PG,21446,2021-05-21,0.000000
18163,74271810,PG,21446,2021-05-24,-0.000290
18163,74271810,PG,21446,2021-05-25,0.003407
18163,74271810,PG,21446,2021-05-26,-0.002239
18163,74271810,PG,21446,2021-05-27,-0.022734
18163,74271810,PG,21446,2021-05-28,-0.000963
18163,74271810,PG,21446,2021-06-01,-0.014609
18163,74271810,PG,21446,2021-06-02,0.004365
18163,74271810,PG,21446,2021-06-03,0.017908
18163,74271810,PG,21446,2021-06-04,0.000736
18163,74271810,PG,21446,2021-06-07,0.003457
18163,74271810,PG,21446,2021-06-08,-0.011582
18163,74271810,PG,21446,2021-06-09,-0.000371
18163,74271810,PG,21446,2021-06-10,0.007419
18163,74271810,PG,21446,2021-06-11,-0.006849
18163,74271810,PG,21446,2021-06-14,0.000371
18163,74271810,PG,21446,2021-06-15,-0.001927
18163,74271810,PG,21446,2021-06-16,-0.013888
18163,74271810,PG,21446,2021-06-17,0.009113
18163,74271810,PG,21446,2021-06-18,-0.014628
18163,74271810,PG,21446,2021-06-21,0.007877
18163,74271810,PG,21446,2021-06-22,0.000376
18163,74271810,PG,21446,2021-06-23,-0.001427
18163,74271810,PG,21446,2021-06-24,0.000677
18163,74271810,PG,21446,2021-06-25,0.014284
18163,74271810,PG,21446,2021-06-28,0.002965
18163,74271810,PG,21446,2021-06-29,-0.006799
18163,74271810,PG,21446,2021-06-30,0.003943
18163,74271810,PG,21446,2021-07-01,0.002297
18163,74271810,PG,21446,2021-07-02,0.004880
18163,74271810,PG,21446,2021-07-06,0.000589
18163,74271810,PG,21446,2021-07-07,0.007501
18163,74271810,PG,21446,2021-07-08,-0.000146
18163,74271810,PG,21446,2021-07-09,0.000365
18163,74271810,PG,21446,2021-07-12,0.000803
18163,74271810,PG,21446,2021-07-13,-0.001240
18163,74271810,PG,21446,2021-07-14,0.007374
18163,74271810,PG,21446,2021-07-15,0.008552
18163,74271810,PG,21446,2021-07-16,0.009701
18163,74271810,PG,21446,2021-07-19,-0.000498
18163,74271810,PG,21446,2021-07-20,-0.005340
18163,74271810,PG,21446,2021-07-21,-0.003508
18163,74271810,PG,21446,2021-07-22,-0.003809
18163,74271810,PG,21446,2021-07-23,0.014441
18163,74271810,PG,21446,2021-07-26,0.003505
18163,74271810,PG,21446,2021-07-27,0.004063
18163,74271810,PG,21446,2021-07-28,-0.014838
18163,74271810,PG,21446,2021-07-29,0.005189
18163,74271810,PG,21446,2021-07-30,0.019716
18163,74271810,PG,21446,2021-08-02,-0.002461
18163,74271810,PG,21446,2021-08-03,0.014590
18163,74271810,PG,21446,2021-08-04,-0.010559
18163,74271810,PG,21446,2021-08-05,0.000491
18163,74271810,PG,21446,2021-08-06,-0.007649
18163,74271810,PG,21446,2021-08-09,0.005445
18163,74271810,PG,21446,2021-08-10,0.000633
18163,74271810,PG,21446,2021-08-11,0.002460
18163,74271810,PG,21446,2021-08-12,0.002314
18163,74271810,PG,21446,2021-08-13,0.004827
18163,74271810,PG,21446,2021-08-16,0.006962
18163,74271810,PG,21446,2021-08-17,0.001659
18163,74271810,PG,21446,2021-08-18,-0.010906
18163,74271810,PG,21446,2021-08-19,0.011793
18163,74271810,PG,21446,2021-08-20,0.000690
18163,74271810,PG,21446,2021-08-23,-0.005100
18163,74271810,PG,21446,2021-08-24,-0.008105
18163,74271810,PG,21446,2021-08-25,-0.003562
18163,74271810,PG,21446,2021-08-26,-0.001752
18163,74271810,PG,21446,2021-08-27,-0.000772
18163,74271810,PG,21446,2021-08-30,0.004357
18163,74271810,PG,21446,2021-08-31,-0.003778
18163,74271810,PG,21446,2021-09-01,0.010183
18163,74271810,PG,21446,2021-09-02,0.000765
18163,74271810,PG,21446,2021-09-03,0.000695
18163,74271810,PG,21446,2021-09-07,-0.003749
18163,74271810,PG,21446,2021-09-08,0.007595
18163,74271810,PG,21446,2021-09-09,-0.004219
18163,74271810,PG,21446,2021-09-10,0.000972
18163,74271810,PG,21446,2021-09-13,0.010754
18163,74271810,PG,21446,2021-09-14,-0.001716
18163,74271810,PG,21446,2021-09-15,-0.002132
18163,74271810,PG,21446,2021-09-16,-0.006960
18163,74271810,PG,21446,2021-09-17,0.001596
18163,74271810,PG,21446,2021-09-20,-0.010046
18163,74271810,PG,21446,2021-09-21,0.001540
18163,74271810,PG,21446,2021-09-22,0.003424
18163,74271810,PG,21446,2021-09-23,0.004109
18163,74271810,PG,21446,2021-09-24,-0.004439
18163,74271810,PG,21446,2021-09-27,-0.013166
18163,74271810,PG,21446,2021-09-28,-0.007553
18163,74271810,PG,21446,2021-09-29,0.010171
18163,74271810,PG,21446,2021-09-30,-0.015632
18163,74271810,PG,21446,2021-10-01,-0.001574
18163,74271810,PG,21446,2021-10-04,-0.005660
18163,74271810,PG,21446,2021-10-05,0.003891
18163,74271810,PG,21446,2021-10-06,0.013350
18163,74271810,PG,21446,2021-10-07,0.008003
18163,74271810,PG,21446,2021-10-08,-0.004146
18163,74271810,PG,21446,2021-10-11,0.004163
18163,74271810,PG,21446,2021-10-12,-0.001476
18163,74271810,PG,21446,2021-10-13,0.002322
18163,74271810,PG,21446,2021-10-14,0.011303
18163,74271810,PG,21446,2021-10-15,0.002569
18163,74271810,PG,21446,2021-10-18,-0.014402
18163,74271810,PG,21446,2021-10-19,-0.011803
18163,74271810,PG,21446,2021-10-20,0.003910
18163,74271810,PG,21446,2021-10-21,-0.007154
18163,74271810,PG,21446,2021-10-22,0.010766
18163,74271810,PG,21446,2021-10-25,0.000142
18163,74271810,PG,21446,2021-10-26,0.014200
18163,74271810,PG,21446,2021-10-27,-0.007140
18163,74271810,PG,21446,2021-10-28,0.005993
18163,74271810,PG,21446,2021-10-29,0.002173
18163,74271810,PG,21446,2021-11-01,-0.002448
18163,74271810,PG,21446,2021-11-02,0.009955
18163,74271810,PG,21446,2021-11-03,0.006872
18163,74271810,PG,21446,2021-11-04,0.001861
18163,74271810,PG,21446,2021-11-05,0.004955
18163,74271810,PG,21446,2021-11-08,-0.007464
18163,74271810,PG,21446,2021-11-09,0.003036
18163,74271810,PG,21446,2021-11-10,0.009836
18163,74271810,PG,21446,2021-11-11,-0.002861
18163,74271810,PG,21446,2021-11-12,0.001093
18163,74271810,PG,21446,2021-11-15,0.005731
18163,74271810,PG,21446,2021-11-16,-0.001425
18163,74271810,PG,21446,2021-11-17,-0.000611
18163,74271810,PG,21446,2021-11-18,0.000136
18163,74271810,PG,21446,2021-11-19,-0.002039
18163,74271810,PG,21446,2021-11-22,0.006675
18163,74271810,PG,21446,2021-11-23,0.011096
18163,74271810,PG,21446,2021-11-24,-0.005219
18163,74271810,PG,21446,2021-11-26,-0.008005
18163,74271810,PG,21446,2021-11-29,0.010511
18163,74271810,PG,21446,2021-11-30,-0.029795
18163,74271810,PG,21446,2021-12-01,0.012588
18163,74271810,PG,21446,2021-12-02,0.005874
18163,74271810,PG,21446,2021-12-03,0.017792
18163,74271810,PG,21446,2021-12-06,0.015145
18163,74271810,PG,21446,2021-12-07,-0.002629
18163,74271810,PG,21446,2021-12-08,0.004481
18163,74271810,PG,21446,2021-12-09,0.005839
18163,74271810,PG,21446,2021-12-10,0.013958
18163,74271810,PG,21446,2021-12-13,0.014216
18163,74271810,PG,21446,2021-12-14,0.003679
18163,74271810,PG,21446,2021-12-15,0.003855
18163,74271810,PG,21446,2021-12-16,0.014163
18163,74271810,PG,21446,2021-12-17,-0.022655
18163,74271810,PG,21446,2021-12-20,0.002540
18163,74271810,PG,21446,2021-12-21,-0.000633
18163,74271810,PG,21446,2021-12-22,0.009888
18163,74271810,PG,21446,2021-12-23,0.004896
18163,74271810,PG,21446,2021-12-27,0.011680
18163,74271810,PG,21446,2021-12-28,0.005371
18163,74271810,PG,21446,2021-12-29,0.008290
18163,74271810,PG,21446,2021-12-30,-0.008649
18163,74271810,PG,21446,2021-12-31,0.004976
18163,74271810,PG,21446,2022-01-03,-0.004157
18163,74271810,PG,21446,2022-01-04,0.003499
18163,74271810,PG,21446,2022-01-05,0.004527
18163,74271810,PG,21446,2022-01-06,-0.008404
18163,74271810,PG,21446,2022-01-07,-0.000553
18163,74271810,PG,21446,2022-01-10,-0.013641
18163,74271810,PG,21446,2022-01-11,-0.011587
18163,74271810,PG,21446,2022-01-12,0.002206
18163,74271810,PG,21446,2022-01-13,-0.004528
18163,74271810,PG,21446,2022-01-14,0.009603
18163,74271810,PG,21446,2022-01-18,-0.019273
18163,74271810,PG,21446,2022-01-19,0.033625
18163,74271810,PG,21446,2022-01-20,0.005369
18163,74271810,PG,21446,2022-01-21,0.003827
18163,74271810,PG,21446,2022-01-24,-0.008117
18163,74271810,PG,21446,2022-01-25,-0.010911
18163,74271810,PG,21446,2022-01-26,-0.008713
18163,74271810,PG,21446,2022-01-27,0.006197
18163,74271810,PG,21446,2022-01-28,0.008609
18163,74271810,PG,21446,2022-01-31,-0.000312
18163,74271810,PG,21446,2022-02-01,-0.004425
18163,74271810,PG,21446,2022-02-02,0.017904
18163,74271810,PG,21446,2022-02-03,0.009471
18163,74271810,PG,21446,2022-02-04,-0.015901
18163,74271810,PG,21446,2022-02-07,-0.007491
18163,74271810,PG,21446,2022-02-08,-0.002246
18163,74271810,PG,21446,2022-02-09,-0.002251
18163,74271810,PG,21446,2022-02-10,-0.015226
18163,74271810,PG,21446,2022-02-11,-0.005599
18163,74271810,PG,21446,2022-02-14,0.002879
18163,74271810,PG,21446,2022-02-15,0.000510
18163,74271810,PG,21446,2022-02-16,0.007588
18163,74271810,PG,21446,2022-02-17,0.011455
18163,74271810,PG,21446,2022-02-18,0.000501
18163,74271810,PG,21446,2022-02-22,-0.012320
18163,74271810,PG,21446,2022-02-23,-0.012474
18163,74271810,PG,21446,2022-02-24,-0.026930
18163,74271810,PG,21446,2022-02-25,0.042699
18163,74271810,PG,21446,2022-02-28,-0.014851
18163,74271810,PG,21446,2022-03-01,-0.016550
18163,74271810,PG,21446,2022-03-02,0.003131
18163,74271810,PG,21446,2022-03-03,0.003706
18163,74271810,PG,21446,2022-03-04,0.005053
18163,74271810,PG,21446,2022-03-07,-0.014825
18163,74271810,PG,21446,2022-03-08,-0.039584
18163,74271810,PG,21446,2022-03-09,0.013489
18163,74271810,PG,21446,2022-03-10,-0.025744
18163,74271810,PG,21446,2022-03-11,-0.011867
18163,74271810,PG,21446,2022-03-14,0.012778
18163,74271810,PG,21446,2022-03-15,0.035988
18163,74271810,PG,21446,2022-03-16,-0.003394
18163,74271810,PG,21446,2022-03-17,0.003138
18163,74271810,PG,21446,2022-03-18,-0.000533
18163,74271810,PG,21446,2022-03-21,0.003796
18163,74271810,PG,21446,2022-03-22,0.007696
18163,74271810,PG,21446,2022-03-23,-0.006979
18163,74271810,PG,21446,2022-03-24,0.001724
18163,74271810,PG,21446,2022-03-25,0.011583
18163,74271810,PG,21446,2022-03-28,0.006870
18163,74271810,PG,21446,2022-03-29,0.010268
18163,74271810,PG,21446,2022-03-30,-0.006883
18163,74271810,PG,21446,2022-03-31,-0.010299
18163,74271810,PG,21446,2022-04-01,0.014987
18163,74271810,PG,21446,2022-04-04,-0.006512
18163,74271810,PG,21446,2022-04-05,0.003505
18163,74271810,PG,21446,2022-04-06,0.014293
18163,74271810,PG,21446,2022-04-07,0.012944
18163,74271810,PG,21446,2022-04-08,0.007806
18163,74271810,PG,21446,2022-04-11,-0.003810
18163,74271810,PG,21446,2022-04-12,-0.003010
18163,74271810,PG,21446,2022-04-13,0.002830
18163,74271810,PG,21446,2022-04-14,-0.005581
18163,74271810,PG,21446,2022-04-18,-0.009523
18163,74271810,PG,21446,2022-04-19,0.014962
18163,74271810,PG,21446,2022-04-20,0.026598
18163,74271810,PG,21446,2022-04-21,-0.000774
18163,74271810,PG,21446,2022-04-22,-0.008364
18163,74271810,PG,21446,2022-04-25,0.008062
18163,74271810,PG,21446,2022-04-26,-0.016979
18163,74271810,PG,21446,2022-04-27,-0.002691
18163,74271810,PG,21446,2022-04-28,0.025414
18163,74271810,PG,21446,2022-04-29,-0.017502
18163,74271810,PG,21446,2022-05-02,-0.013516
18163,74271810,PG,21446,2022-05-03,-0.013701
18163,74271810,PG,21446,2022-05-04,0.007362
18163,74271810,PG,21446,2022-05-05,-0.018429
18163,74271810,PG,21446,2022-05-06,0.009970
18163,74271810,PG,21446,2022-05-09,-0.002500
18163,74271810,PG,21446,2022-05-10,-0.005270
18163,74271810,PG,21446,2022-05-11,-0.014084
18163,74271810,PG,21446,2022-05-12,-0.004063
18163,74271810,PG,21446,2022-05-13,0.010724
18163,74271810,PG,21446,2022-05-16,0.009764
18163,74271810,PG,21446,2022-05-17,-0.002837
18163,74271810,PG,21446,2022-05-18,-0.062322
18163,74271810,PG,21446,2022-05-19,-0.023028
18163,74271810,PG,21446,2022-05-20,0.000635
18163,74271810,PG,21446,2022-05-23,0.022992
18163,74271810,PG,21446,2022-05-24,0.017787
18163,74271810,PG,21446,2022-05-25,-0.016392
18163,74271810,PG,21446,2022-05-26,0.008746
18163,74271810,PG,21446,2022-05-27,0.015292
18163,74271810,PG,21446,2022-05-31,-0.005648
18163,74271810,PG,21446,2022-06-01,-0.015147
18163,74271810,PG,21446,2022-06-02,0.010780
18163,74271810,PG,21446,2022-06-03,-0.008967
18163,74271810,PG,21446,2022-06-06,-0.003907
18163,74271810,PG,21446,2022-06-07,0.011148
18163,74271810,PG,21446,2022-06-08,-0.012454
18163,74271810,PG,21446,2022-06-09,-0.018055
18163,74271810,PG,21446,2022-06-10,-0.003790
18163,74271810,PG,21446,2022-06-13,-0.026770
18163,74271810,PG,21446,2022-06-14,-0.031198
18163,74271810,PG,21446,2022-06-15,-0.009937
18163,74271810,PG,21446,2022-06-16,0.006113
18163,74271810,PG,21446,2022-06-17,-0.007201
18163,74271810,PG,21446,2022-06-21,0.030296
18163,74271810,PG,21446,2022-06-22,0.015619
18163,74271810,PG,21446,2022-06-23,0.027437
18163,74271810,PG,21446,2022-06-24,0.014406
18163,74271810,PG,21446,2022-06-27,-0.007620
18163,74271810,PG,21446,2022-06-28,-0.016265
18163,74271810,PG,21446,2022-06-29,0.009083
18163,74271810,PG,21446,2022-06-30,0.011181
18163,74271810,PG,21446,2022-07-01,0.016135
18163,74271810,PG,21446,2022-07-05,-0.009650
18163,74271810,PG,21446,2022-07-06,0.009330
18163,74271810,PG,21446,2022-07-07,-0.000342
18163,74271810,PG,21446,2022-07-08,-0.006712
18163,74271810,PG,21446,2022-07-11,0.007034
18163,74271810,PG,21446,2022-07-12,-0.008833
18163,74271810,PG,21446,2022-07-13,0.006563
18163,74271810,PG,21446,2022-07-14,-0.002951
18163,74271810,PG,21446,2022-07-15,-0.001377
18163,74271810,PG,21446,2022-07-18,-0.012132
18163,74271810,PG,21446,2022-07-19,0.005094
18163,74271810,PG,21446,2022-07-20,-0.017287
18163,74271810,PG,21446,2022-07-21,0.000942
18163,74271810,PG,21446,2022-07-22,0.015984
18163,74271810,PG,21446,2022-07-25,0.006782
18163,74271810,PG,21446,2022-07-26,0.001945
18163,74271810,PG,21446,2022-07-27,0.009496
18163,74271810,PG,21446,2022-07-28,0.016616
18163,74271810,PG,21446,2022-07-29,-0.061799
18163,74271810,PG,21446,2022-08-01,0.028724
18163,74271810,PG,21446,2022-08-02,-0.006648
18163,74271810,PG,21446,2022-08-03,0.020641
18163,74271810,PG,21446,2022-08-04,-0.001588
18163,74271810,PG,21446,2022-08-05,0.000484
18163,74271810,PG,21446,2022-08-08,0.003800
18163,74271810,PG,21446,2022-08-09,-0.002340
18163,74271810,PG,21446,2022-08-10,0.009453
18163,74271810,PG,21446,2022-08-11,-0.007109
18163,74271810,PG,21446,2022-08-12,0.009707
18163,74271810,PG,21446,2022-08-15,0.012886
18163,74271810,PG,21446,2022-08-16,0.009222
18163,74271810,PG,21446,2022-08-17,-0.004602
18163,74271810,PG,21446,2022-08-18,0.003551
18163,74271810,PG,21446,2022-08-19,-0.000267
18163,74271810,PG,21446,2022-08-22,-0.002671
18163,74271810,PG,21446,2022-08-23,-0.019286
18163,74271810,PG,21446,2022-08-24,-0.004302
18163,74271810,PG,21446,2022-08-25,-0.000823
18163,74271810,PG,21446,2022-08-26,-0.023404
18163,74271810,PG,21446,2022-08-29,-0.004217
18163,74271810,PG,21446,2022-08-30,-0.010657
18163,74271810,PG,21446,2022-08-31,-0.015979
18163,74271810,PG,21446,2022-09-01,0.012324
18163,74271810,PG,21446,2022-09-02,-0.017760
18163,74271810,PG,21446,2022-09-06,-0.011155
18163,74271810,PG,21446,2022-09-07,0.015115
18163,74271810,PG,21446,2022-09-08,0.001307
18163,74271810,PG,21446,2022-09-09,0.015233
18163,74271810,PG,21446,2022-09-12,0.008145
18163,74271810,PG,21446,2022-09-13,-0.020695
18163,74271810,PG,21446,2022-09-14,0.002388
18163,74271810,PG,21446,2022-09-15,-0.007725
18163,74271810,PG,21446,2022-09-16,0.006112
18163,74271810,PG,21446,2022-09-19,-0.002097
18163,74271810,PG,21446,2022-09-20,-0.003551
18163,74271810,PG,21446,2022-09-21,-0.012873
18163,74271810,PG,21446,2022-09-22,0.003536
18163,74271810,PG,21446,2022-09-23,-0.004625
18163,74271810,PG,21446,2022-09-26,0.000959
18163,74271810,PG,21446,2022-09-27,-0.027485
18163,74271810,PG,21446,2022-09-28,0.000000
18163,74271810,PG,21446,2022-09-29,-0.024852
18163,74271810,PG,21446,2022-09-30,-0.019037
18163,74271810,PG,21446,2022-10-03,0.017901
18163,74271810,PG,21446,2022-10-04,0.012373
18163,74271810,PG,21446,2022-10-05,-0.006918
18163,74271810,PG,21446,2022-10-06,-0.021053
18163,74271810,PG,21446,2022-10-07,-0.017473
18163,74271810,PG,21446,2022-10-10,-0.004104
18163,74271810,PG,21446,2022-10-11,0.003798
18163,74271810,PG,21446,2022-10-12,0.001610
18163,74271810,PG,21446,2022-10-13,0.015109
18163,74271810,PG,21446,2022-10-14,-0.009738
18163,74271810,PG,21446,2022-10-17,0.018068
18163,74271810,PG,21446,2022-10-18,0.008089
18163,74271810,PG,21446,2022-10-19,0.009270
18163,74271810,PG,21446,2022-10-20,-0.012787
18163,74271810,PG,21446,2022-10-21,0.012521
18163,74271810,PG,21446,2022-10-24,0.006144
18163,74271810,PG,21446,2022-10-25,0.011517
18163,74271810,PG,21446,2022-10-26,0.007030
18163,74271810,PG,21446,2022-10-27,0.000759
18163,74271810,PG,21446,2022-10-28,0.025326
18163,74271810,PG,21446,2022-10-31,-0.004067
18163,74271810,PG,21446,2022-11-01,0.001559
18163,74271810,PG,21446,2022-11-02,-0.014383
18163,74271810,PG,21446,2022-11-03,-0.006845
18163,74271810,PG,21446,2022-11-04,0.018253
18163,74271810,PG,21446,2022-11-07,0.015323
18163,74271810,PG,21446,2022-11-08,0.002271
18163,74271810,PG,21446,2022-11-09,-0.002412
18163,74271810,PG,21446,2022-11-10,0.034437
18163,74271810,PG,21446,2022-11-11,-0.001487
18163,74271810,PG,21446,2022-11-14,0.000071
18163,74271810,PG,21446,2022-11-15,-0.003476
18163,74271810,PG,21446,2022-11-16,0.008897
18163,74271810,PG,21446,2022-11-17,-0.006138
18163,74271810,PG,21446,2022-11-18,0.012068
18163,74271810,PG,21446,2022-11-21,0.012696
18163,74271810,PG,21446,2022-11-22,0.008588
18163,74271810,PG,21446,2022-11-23,0.005700
18163,74271810,PG,21446,2022-11-25,0.001844
18163,74271810,PG,21446,2022-11-28,-0.000818
18163,74271810,PG,21446,2022-11-29,-0.007640
18163,74271810,PG,21446,2022-11-30,0.025296
18163,74271810,PG,21446,2022-12-01,0.000603
18163,74271810,PG,21446,2022-12-02,0.009112
18163,74271810,PG,21446,2022-12-05,-0.010092
18163,74271810,PG,21446,2022-12-06,0.001274
18163,74271810,PG,21446,2022-12-07,0.006431
18163,74271810,PG,21446,2022-12-08,0.007188
18163,74271810,PG,21446,2022-12-09,-0.002643
18163,74271810,PG,21446,2022-12-12,0.010270
18163,74271810,PG,21446,2022-12-13,-0.001508
18163,74271810,PG,21446,2022-12-14,0.003941
18163,74271810,PG,21446,2022-12-15,-0.011319
18163,74271810,PG,21446,2022-12-16,-0.004434
18163,74271810,PG,21446,2022-12-19,-0.000266
18163,74271810,PG,21446,2022-12-20,0.000399
18163,74271810,PG,21446,2022-12-21,0.009172
18163,74271810,PG,21446,2022-12-22,0.002305
18163,74271810,PG,21446,2022-12-23,0.002825
18163,74271810,PG,21446,2022-12-27,0.008714
18163,74271810,PG,21446,2022-12-28,-0.012926
18163,74271810,PG,21446,2022-12-29,0.004146
18163,74271810,PG,21446,2022-12-30,-0.006750
21020,02376R10,AAL,20010,2018-01-02,0.018451
21020,02376R10,AAL,20010,2018-01-03,-0.012266
21020,02376R10,AAL,20010,2018-01-04,0.006305
21020,02376R10,AAL,20010,2018-01-05,-0.000380
21020,02376R10,AAL,20010,2018-01-08,-0.009877
21020,02376R10,AAL,20010,2018-01-09,-0.000959
21020,02376R10,AAL,20010,2018-01-10,0.032642
21020,02376R10,AAL,20010,2018-01-11,0.049089
21020,02376R10,AAL,20010,2018-01-12,0.036335
21020,02376R10,AAL,20010,2018-01-16,-0.008380
21020,02376R10,AAL,20010,2018-01-17,0.003105
21020,02376R10,AAL,20010,2018-01-18,0.003095
21020,02376R10,AAL,20010,2018-01-19,-0.004799
21020,02376R10,AAL,20010,2018-01-22,0.000689
21020,02376R10,AAL,20010,2018-01-23,0.003270
21020,02376R10,AAL,20010,2018-01-24,-0.060045
21020,02376R10,AAL,20010,2018-01-25,-0.031758
21020,02376R10,AAL,20010,2018-01-26,0.000377
21020,02376R10,AAL,20010,2018-01-29,-0.007349
21020,02376R10,AAL,20010,2018-01-30,-0.001708
21020,02376R10,AAL,20010,2018-01-31,0.032896
21020,02376R10,AAL,20010,2018-02-01,-0.008100
21020,02376R10,AAL,20010,2018-02-02,-0.033036
21020,02376R10,AAL,20010,2018-02-05,-0.042994
21020,02376R10,AAL,20010,2018-02-06,0.028537
21020,02376R10,AAL,20010,2018-02-07,0.004299
21020,02376R10,AAL,20010,2018-02-08,-0.054475
21020,02376R10,AAL,20010,2018-02-09,-0.004938
21020,02376R10,AAL,20010,2018-02-12,0.035773
21020,02376R10,AAL,20010,2018-02-13,0.015572
21020,02376R10,AAL,20010,2018-02-14,0.003932
21020,02376R10,AAL,20010,2018-02-15,0.011749
21020,02376R10,AAL,20010,2018-02-16,-0.001742
21020,02376R10,AAL,20010,2018-02-20,0.002714
21020,02376R10,AAL,20010,2018-02-21,0.020495
21020,02376R10,AAL,20010,2018-02-22,0.003789
21020,02376R10,AAL,20010,2018-02-23,0.007739
21020,02376R10,AAL,20010,2018-02-26,0.030155
21020,02376R10,AAL,20010,2018-02-27,-0.013455
21020,02376R10,AAL,20010,2018-02-28,-0.000184
21020,02376R10,AAL,20010,2018-03-01,-0.014194
21020,02376R10,AAL,20010,2018-03-02,-0.005610
21020,02376R10,AAL,20010,2018-03-05,0.000188
21020,02376R10,AAL,20010,2018-03-06,0.007144
21020,02376R10,AAL,20010,2018-03-07,0.010080
21020,02376R10,AAL,20010,2018-03-08,0.012567
21020,02376R10,AAL,20010,2018-03-09,0.023362
21020,02376R10,AAL,20010,2018-03-12,0.007669
21020,02376R10,AAL,20010,2018-03-13,-0.004779
21020,02376R10,AAL,20010,2018-03-14,-0.016895
21020,02376R10,AAL,20010,2018-03-15,-0.001990
21020,02376R10,AAL,20010,2018-03-16,0.004169
21020,02376R10,AAL,20010,2018-03-19,-0.014079
21020,02376R10,AAL,20010,2018-03-20,0.012816
21020,02376R10,AAL,20010,2018-03-21,-0.022234
21020,02376R10,AAL,20010,2018-03-22,-0.032908
21020,02376R10,AAL,20010,2018-03-23,-0.024852
21020,02376R10,AAL,20010,2018-03-26,0.016663
21020,02376R10,AAL,20010,2018-03-27,-0.018511
21020,02376R10,AAL,20010,2018-03-28,-0.000982
21020,02376R10,AAL,20010,2018-03-29,0.021829
21020,02376R10,AAL,20010,2018-04-02,-0.041955
21020,02376R10,AAL,20010,2018-04-03,0.033949
21020,02376R10,AAL,20010,2018-04-04,0.011074
21020,02376R10,AAL,20010,2018-04-05,0.001922
21020,02376R10,AAL,20010,2018-04-06,-0.035481
21020,02376R10,AAL,20010,2018-04-09,-0.009346
21020,02376R10,AAL,20010,2018-04-10,-0.047371
21020,02376R10,AAL,20010,2018-04-11,-0.043405
21020,02376R10,AAL,20010,2018-04-12,0.025771
21020,02376R10,AAL,20010,2018-04-13,-0.015031
21020,02376R10,AAL,20010,2018-04-16,0.011554
21020,02376R10,AAL,20010,2018-04-17,-0.014009
21020,02376R10,AAL,20010,2018-04-18,0.043934
21020,02376R10,AAL,20010,2018-04-19,-0.018425
21020,02376R10,AAL,20010,2018-04-20,-0.002133
21020,02376R10,AAL,20010,2018-04-23,-0.002138
21020,02376R10,AAL,20010,2018-04-24,-0.021208
21020,02376R10,AAL,20010,2018-04-25,-0.009630
21020,02376R10,AAL,20010,2018-04-26,-0.063646
21020,02376R10,AAL,20010,2018-04-27,0.024310
21020,02376R10,AAL,20010,2018-04-30,-0.010829
21020,02376R10,AAL,20010,2018-05-01,0.010016
21020,02376R10,AAL,20010,2018-05-02,-0.025830
21020,02376R10,AAL,20010,2018-05-03,-0.003078
21020,02376R10,AAL,20010,2018-05-04,0.017810
21020,02376R10,AAL,20010,2018-05-07,-0.007466
21020,02376R10,AAL,20010,2018-05-08,0.013195
21020,02376R10,AAL,20010,2018-05-09,-0.034884
21020,02376R10,AAL,20010,2018-05-10,0.013012
21020,02376R10,AAL,20010,2018-05-11,0.013321
21020,02376R10,AAL,20010,2018-05-14,-0.003286
21020,02376R10,AAL,20010,2018-05-15,0.017193
21020,02376R10,AAL,20010,2018-05-16,0.020144
21020,02376R10,AAL,20010,2018-05-17,-0.009759
21020,02376R10,AAL,20010,2018-05-18,-0.005730
21020,02376R10,AAL,20010,2018-05-21,0.020747
21020,02376R10,AAL,20010,2018-05-22,-0.031617
21020,02376R10,AAL,20010,2018-05-23,-0.001866
21020,02376R10,AAL,20010,2018-05-24,0.017757
21020,02376R10,AAL,20010,2018-05-25,0.030992
21020,02376R10,AAL,20010,2018-05-29,-0.029392
21020,02376R10,AAL,20010,2018-05-30,-0.006653
21020,02376R10,AAL,20010,2018-05-31,0.005543
21020,02376R10,AAL,20010,2018-06-01,0.010565
21020,02376R10,AAL,20010,2018-06-04,0.019545
21020,02376R10,AAL,20010,2018-06-05,-0.015158
21020,02376R10,AAL,20010,2018-06-06,0.000226
21020,02376R10,AAL,20010,2018-06-07,-0.007920
21020,02376R10,AAL,20010,2018-06-08,-0.016651
21020,02376R10,AAL,20010,2018-06-11,0.024356
21020,02376R10,AAL,20010,2018-06-12,-0.016984
21020,02376R10,AAL,20010,2018-06-13,-0.011288
21020,02376R10,AAL,20010,2018-06-14,0.003728
21020,02376R10,AAL,20010,2018-06-15,-0.007196
21020,02376R10,AAL,20010,2018-06-18,-0.007716
21020,02376R10,AAL,20010,2018-06-19,-0.021913
21020,02376R10,AAL,20010,2018-06-20,0.012527
21020,02376R10,AAL,20010,2018-06-21,-0.012848
21020,02376R10,AAL,20010,2018-06-22,-0.003374
21020,02376R10,AAL,20010,2018-06-25,-0.040387
21020,02376R10,AAL,20010,2018-06-26,-0.014869
21020,02376R10,AAL,20010,2018-06-27,-0.021233
21020,02376R10,AAL,20010,2018-06-28,-0.001568
21020,02376R10,AAL,20010,2018-06-29,-0.006283
21020,02376R10,AAL,20010,2018-07-02,0.010537
21020,02376R10,AAL,20010,2018-07-03,-0.015902
21020,02376R10,AAL,20010,2018-07-05,0.006358
21020,02376R10,AAL,20010,2018-07-06,0.002632
21020,02376R10,AAL,20010,2018-07-09,0.032029
21020,02376R10,AAL,20010,2018-07-10,-0.004833
21020,02376R10,AAL,20010,2018-07-11,-0.080777
21020,02376R10,AAL,20010,2018-07-12,0.010289
21020,02376R10,AAL,20010,2018-07-13,0.021745
21020,02376R10,AAL,20010,2018-07-16,0.004310
21020,02376R10,AAL,20010,2018-07-17,0.002682
21020,02376R10,AAL,20010,2018-07-18,0.026485
21020,02376R10,AAL,20010,2018-07-19,-0.006255
21020,02376R10,AAL,20010,2018-07-20,-0.006557
21020,02376R10,AAL,20010,2018-07-23,0.004224
21020,02376R10,AAL,20010,2018-07-24,-0.015510
21020,02376R10,AAL,20010,2018-07-25,0.019760
21020,02376R10,AAL,20010,2018-07-26,0.047918
21020,02376R10,AAL,20010,2018-07-27,-0.008246
21020,02376R10,AAL,20010,2018-07-30,-0.018141
21020,02376R10,AAL,20010,2018-07-31,0.014627
21020,02376R10,AAL,20010,2018-08-01,-0.035407
21020,02376R10,AAL,20010,2018-08-02,-0.005506
21020,02376R10,AAL,20010,2018-08-03,0.012919
21020,02376R10,AAL,20010,2018-08-06,0.002343
21020,02376R10,AAL,20010,2018-08-07,-0.003905
21020,02376R10,AAL,20010,2018-08-08,0.003136
21020,02376R10,AAL,20010,2018-08-09,-0.011985
21020,02376R10,AAL,20010,2018-08-10,-0.017405
21020,02376R10,AAL,20010,2018-08-13,-0.012614
21020,02376R10,AAL,20010,2018-08-14,0.008154
21020,02376R10,AAL,20010,2018-08-15,0.009437
21020,02376R10,AAL,20010,2018-08-16,0.019231
21020,02376R10,AAL,20010,2018-08-17,-0.009696
21020,02376R10,AAL,20010,2018-08-20,0.058216
21020,02376R10,AAL,20010,2018-08-21,0.008502
21020,02376R10,AAL,20010,2018-08-22,-0.028267
21020,02376R10,AAL,20010,2018-08-23,-0.009186
21020,02376R10,AAL,20010,2018-08-24,-0.000258
21020,02376R10,AAL,20010,2018-08-27,0.018032
21020,02376R10,AAL,20010,2018-08-28,0.029605
21020,02376R10,AAL,20010,2018-08-29,-0.004669
21020,02376R10,AAL,20010,2018-08-30,-0.002469
21020,02376R10,AAL,20010,2018-08-31,0.001980
21020,02376R10,AAL,20010,2018-09-04,0.007164
21020,02376R10,AAL,20010,2018-09-05,-0.026981
21020,02376R10,AAL,20010,2018-09-06,-0.029997
21020,02376R10,AAL,20010,2018-09-07,-0.001299
21020,02376R10,AAL,20010,2018-09-10,0.026021
21020,02376R10,AAL,20010,2018-09-11,0.019021
21020,02376R10,AAL,20010,2018-09-12,-0.022897
21020,02376R10,AAL,20010,2018-09-13,0.005604
21020,02376R10,AAL,20010,2018-09-14,0.006586
21020,02376R10,AAL,20010,2018-09-17,0.014595
21020,02376R10,AAL,20010,2018-09-18,0.011657
21020,02376R10,AAL,20010,2018-09-19,0.019858
21020,02376R10,AAL,20010,2018-09-20,0.006971
21020,02376R10,AAL,20010,2018-09-21,0.040821
21020,02376R10,AAL,20010,2018-09-24,-0.037156
21020,02376R10,AAL,20010,2018-09-25,-0.027870
21020,02376R10,AAL,20010,2018-09-26,0.005636
21020,02376R10,AAL,20010,2018-09-27,0.011209
21020,02376R10,AAL,20010,2018-09-28,-0.004096
21020,02376R10,AAL,20010,2018-10-01,-0.041616
21020,02376R10,AAL,20010,2018-10-02,-0.028023
21020,02376R10,AAL,20010,2018-10-03,0.007792
21020,02376R10,AAL,20010,2018-10-04,-0.022680
21020,02376R10,AAL,20010,2018-10-05,-0.039030
21020,02376R10,AAL,20010,2018-10-08,-0.014819
21020,02376R10,AAL,20010,2018-10-09,-0.065460
21020,02376R10,AAL,20010,2018-10-10,-0.057824
21020,02376R10,AAL,20010,2018-10-11,-0.010756
21020,02376R10,AAL,20010,2018-10-12,-0.011513
21020,02376R10,AAL,20010,2018-10-15,0.028146
21020,02376R10,AAL,20010,2018-10-16,0.047199
21020,02376R10,AAL,20010,2018-10-17,0.008714
21020,02376R10,AAL,20010,2018-10-18,-0.044981
21020,02376R10,AAL,20010,2018-10-19,-0.000624
21020,02376R10,AAL,20010,2018-10-22,0.003745
21020,02376R10,AAL,20010,2018-10-23,0.006841
21020,02376R10,AAL,20010,2018-10-24,-0.063002
21020,02376R10,AAL,20010,2018-10-25,0.066908
21020,02376R10,AAL,20010,2018-10-26,0.002780
21020,02376R10,AAL,20010,2018-10-29,0.004313
21020,02376R10,AAL,20010,2018-10-30,0.063190
21020,02376R10,AAL,20010,2018-10-31,0.012118
21020,02376R10,AAL,20010,2018-11-01,0.036773
21020,02376R10,AAL,20010,2018-11-02,-0.001100
21020,02376R10,AAL,20010,2018-11-05,-0.014038
21020,02376R10,AAL,20010,2018-11-06,-0.015398
21020,02376R10,AAL,20010,2018-11-07,0.051180
21020,02376R10,AAL,20010,2018-11-08,-0.002975
21020,02376R10,AAL,20010,2018-11-09,-0.017363
21020,02376R10,AAL,20010,2018-11-12,0.017670
21020,02376R10,AAL,20010,2018-11-13,0.024959
21020,02376R10,AAL,20010,2018-11-14,0.008735
21020,02376R10,AAL,20010,2018-11-15,-0.007610
21020,02376R10,AAL,20010,2018-11-16,-0.028292
21020,02376R10,AAL,20010,2018-11-19,-0.025306
21020,02376R10,AAL,20010,2018-11-20,-0.006421
21020,02376R10,AAL,20010,2018-11-21,0.020230
21020,02376R10,AAL,20010,2018-11-23,0.045167
21020,02376R10,AAL,20010,2018-11-26,0.003953
21020,02376R10,AAL,20010,2018-11-27,0.004987
21020,02376R10,AAL,20010,2018-11-28,0.016976
21020,02376R10,AAL,20010,2018-11-29,-0.013354
21020,02376R10,AAL,20010,2018-11-30,0.045289
21020,02376R10,AAL,20010,2018-12-03,-0.012699
21020,02376R10,AAL,20010,2018-12-04,-0.074653
21020,02376R10,AAL,20010,2018-12-06,0.006814
21020,02376R10,AAL,20010,2018-12-07,-0.091229
21020,02376R10,AAL,20010,2018-12-10,0.008043
21020,02376R10,AAL,20010,2018-12-11,0.007683
21020,02376R10,AAL,20010,2018-12-12,0.007331
21020,02376R10,AAL,20010,2018-12-13,-0.055022
21020,02376R10,AAL,20010,2018-12-14,-0.001540
21020,02376R10,AAL,20010,2018-12-17,-0.011416
21020,02376R10,AAL,20010,2018-12-18,0.046816
21020,02376R10,AAL,20010,2018-12-19,-0.033393
21020,02376R10,AAL,20010,2018-12-20,-0.016348
21020,02376R10,AAL,20010,2018-12-21,-0.034807
21020,02376R10,AAL,20010,2018-12-24,-0.034438
21020,02376R10,AAL,20010,2018-12-26,0.086474
21020,02376R10,AAL,20010,2018-12-27,-0.007742
21020,02376R10,AAL,20010,2018-12-28,-0.006554
21020,02376R10,AAL,20010,2018-12-31,0.008797
21020,02376R10,AAL,20010,2019-01-02,0.011523
21020,02376R10,AAL,20010,2019-01-03,-0.074507
21020,02376R10,AAL,20010,2019-01-04,0.065868
21020,02376R10,AAL,20010,2019-01-07,0.028402
21020,02376R10,AAL,20010,2019-01-08,-0.016085
21020,02376R10,AAL,20010,2019-01-09,0.030845
21020,02376R10,AAL,20010,2019-01-10,-0.041293
21020,02376R10,AAL,20010,2019-01-11,-0.007491
21020,02376R10,AAL,20010,2019-01-14,-0.002830
21020,02376R10,AAL,20010,2019-01-15,0.012299
21020,02376R10,AAL,20010,2019-01-16,0.023053
21020,02376R10,AAL,20010,2019-01-17,0.022533
21020,02376R10,AAL,20010,2019-01-18,0.011614
21020,02376R10,AAL,20010,2019-01-22,-0.036208
21020,02376R10,AAL,20010,2019-01-23,-0.033293
21020,02376R10,AAL,20010,2019-01-24,0.063507
21020,02376R10,AAL,20010,2019-01-25,0.039216
21020,02376R10,AAL,20010,2019-01-28,0.045455
21020,02376R10,AAL,20010,2019-01-29,-0.007657
21020,02376R10,AAL,20010,2019-01-30,0.001378
21020,02376R10,AAL,20010,2019-01-31,-0.015685
21020,02376R10,AAL,20010,2019-02-01,0.009505
21020,02376R10,AAL,20010,2019-02-04,0.018554
21020,02376R10,AAL,20010,2019-02-05,0.006797
21020,02376R10,AAL,20010,2019-02-06,-0.004603
21020,02376R10,AAL,20010,2019-02-07,-0.016050
21020,02376R10,AAL,20010,2019-02-08,-0.004700
21020,02376R10,AAL,20010,2019-02-11,0.016389
21020,02376R10,AAL,20010,2019-02-12,-0.022957
21020,02376R10,AAL,20010,2019-02-13,0.012867
21020,02376R10,AAL,20010,2019-02-14,-0.002762
21020,02376R10,AAL,20010,2019-02-15,-0.029355
21020,02376R10,AAL,20010,2019-02-19,0.011983
21020,02376R10,AAL,20010,2019-02-20,-0.011559
21020,02376R10,AAL,20010,2019-02-21,-0.002282
21020,02376R10,AAL,20010,2019-02-22,0.014580
21020,02376R10,AAL,20010,2019-02-25,0.011553
21020,02376R10,AAL,20010,2019-02-26,0.009749
21020,02376R10,AAL,20010,2019-02-27,-0.015448
21020,02376R10,AAL,20010,2019-02-28,-0.001681
21020,02376R10,AAL,20010,2019-03-01,-0.027786
21020,02376R10,AAL,20010,2019-03-04,-0.026559
21020,02376R10,AAL,20010,2019-03-05,-0.014531
21020,02376R10,AAL,20010,2019-03-06,-0.014144
21020,02376R10,AAL,20010,2019-03-07,-0.016484
21020,02376R10,AAL,20010,2019-03-08,-0.009621
21020,02376R10,AAL,20010,2019-03-11,0.004387
21020,02376R10,AAL,20010,2019-03-12,-0.035257
21020,02376R10,AAL,20010,2019-03-13,0.029754
21020,02376R10,AAL,20010,2019-03-14,0.009108
21020,02376R10,AAL,20010,2019-03-15,-0.021786
21020,02376R10,AAL,20010,2019-03-18,-0.001591
21020,02376R10,AAL,20010,2019-03-19,0.006692
21020,02376R10,AAL,20010,2019-03-20,-0.019943
21020,02376R10,AAL,20010,2019-03-21,0.015827
21020,02376R10,AAL,20010,2019-03-22,-0.027981
21020,02376R10,AAL,20010,2019-03-25,-0.011776
21020,02376R10,AAL,20010,2019-03-26,0.000000
21020,02376R10,AAL,20010,2019-03-27,0.024164
21020,02376R10,AAL,20010,2019-03-28,-0.001293
21020,02376R10,AAL,20010,2019-03-29,0.027832
21020,02376R10,AAL,20010,2019-04-01,0.018577
21020,02376R10,AAL,20010,2019-04-02,0.019784
21020,02376R10,AAL,20010,2019-04-03,0.021825
21020,02376R10,AAL,20010,2019-04-04,0.006526
21020,02376R10,AAL,20010,2019-04-05,0.003831
21020,02376R10,AAL,20010,2019-04-08,-0.005285
21020,02376R10,AAL,20010,2019-04-09,-0.016824
21020,02376R10,AAL,20010,2019-04-10,0.021315
21020,02376R10,AAL,20010,2019-04-11,0.023222
21020,02376R10,AAL,20010,2019-04-12,-0.003447
21020,02376R10,AAL,20010,2019-04-15,-0.027097
21020,02376R10,AAL,20010,2019-04-16,0.008296
21020,02376R10,AAL,20010,2019-04-17,0.010285
21020,02376R10,AAL,20010,2019-04-18,-0.000291
21020,02376R10,AAL,20010,2019-04-22,-0.025895
21020,02376R10,AAL,20010,2019-04-23,0.014636
21020,02376R10,AAL,20010,2019-04-24,0.000589
21020,02376R10,AAL,20010,2019-04-25,-0.017064
21020,02376R10,AAL,20010,2019-04-26,-0.010476
21020,02376R10,AAL,20010,2019-04-29,0.021476
21020,02376R10,AAL,20010,2019-04-30,0.012141
21020,02376R10,AAL,20010,2019-05-01,-0.007899
21020,02376R10,AAL,20010,2019-05-02,0.001180
21020,02376R10,AAL,20010,2019-05-03,0.024742
21020,02376R10,AAL,20010,2019-05-06,-0.001150
21020,02376R10,AAL,20010,2019-05-07,-0.021295
21020,02376R10,AAL,20010,2019-05-08,-0.004718
21020,02376R10,AAL,20010,2019-05-09,0.005926
21020,02376R10,AAL,20010,2019-05-10,0.001178
21020,02376R10,AAL,20010,2019-05-13,-0.054428
21020,02376R10,AAL,20010,2019-05-14,0.006223
21020,02376R10,AAL,20010,2019-05-15,-0.005566
21020,02376R10,AAL,20010,2019-05-16,0.004975
21020,02376R10,AAL,20010,2019-05-17,-0.017946
21020,02376R10,AAL,20010,2019-05-20,-0.024575
21020,02376R10,AAL,20010,2019-05-21,0.010982
21020,02376R10,AAL,20010,2019-05-22,-0.044089
21020,02376R10,AAL,20010,2019-05-23,-0.014037
21020,02376R10,AAL,20010,2019-05-24,-0.011186
21020,02376R10,AAL,20010,2019-05-28,-0.015084
21020,02376R10,AAL,20010,2019-05-29,-0.011138
21020,02376R10,AAL,20010,2019-05-30,-0.008448
21020,02376R10,AAL,20010,2019-05-31,-0.033369
21020,02376R10,AAL,20010,2019-06-03,-0.001102
21020,02376R10,AAL,20010,2019-06-04,0.070588
21020,02376R10,AAL,20010,2019-06-05,0.042582
21020,02376R10,AAL,20010,2019-06-06,0.000659
21020,02376R10,AAL,20010,2019-06-07,0.017775
21020,02376R10,AAL,20010,2019-06-10,-0.005175
21020,02376R10,AAL,20010,2019-06-11,-0.005852
21020,02376R10,AAL,20010,2019-06-12,0.017005
21020,02376R10,AAL,20010,2019-06-13,0.063987
21020,02376R10,AAL,20010,2019-06-14,-0.012390
21020,02376R10,AAL,20010,2019-06-17,-0.003672
21020,02376R10,AAL,20010,2019-06-18,-0.001229
21020,02376R10,AAL,20010,2019-06-19,0.021218
21020,02376R10,AAL,20010,2019-06-20,-0.031918
21020,02376R10,AAL,20010,2019-06-21,-0.018040
21020,02376R10,AAL,20010,2019-06-24,0.007919
21020,02376R10,AAL,20010,2019-06-25,-0.017599
21020,02376R10,AAL,20010,2019-06-26,0.006398
21020,02376R10,AAL,20010,2019-06-27,0.021933
21020,02376R10,AAL,20010,2019-06-28,0.014308
21020,02376R10,AAL,20010,2019-07-01,0.008280
21020,02376R10,AAL,20010,2019-07-02,-0.020985
21020,02376R10,AAL,20010,2019-07-03,0.016465
21020,02376R10,AAL,20010,2019-07-05,-0.007946
21020,02376R10,AAL,20010,2019-07-08,0.010166
21020,02376R10,AAL,20010,2019-07-09,-0.013114
21020,02376R10,AAL,20010,2019-07-10,0.017923
21020,02376R10,AAL,20010,2019-07-11,0.002732
21020,02376R10,AAL,20010,2019-07-12,0.022707
21020,02376R10,AAL,20010,2019-07-15,-0.005033
21020,02376R10,AAL,20010,2019-07-16,0.018149
21020,02376R10,AAL,20010,2019-07-17,-0.028054
21020,02376R10,AAL,20010,2019-07-18,0.014432
21020,02376R10,AAL,20010,2019-07-19,-0.019561
21020,02376R10,AAL,20010,2019-07-22,-0.005441
21020,02376R10,AAL,20010,2019-07-23,0.025228
21020,02376R10,AAL,20010,2019-07-24,0.025497
21020,02376R10,AAL,20010,2019-07-25,-0.084417
21020,02376R10,AAL,20010,2019-07-26,-0.013578
21020,02376R10,AAL,20010,2019-07-29,-0.016005
21020,02376R10,AAL,20010,2019-07-30,-0.000976
21020,02376R10,AAL,20010,2019-07-31,-0.006513
21020,02376R10,AAL,20010,2019-08-01,-0.021960
21020,02376R10,AAL,20010,2019-08-02,-0.013070
21020,02376R10,AAL,20010,2019-08-05,-0.031239
21020,02376R10,AAL,20010,2019-08-06,-0.002454
21020,02376R10,AAL,20010,2019-08-07,0.009520
21020,02376R10,AAL,20010,2019-08-08,0.015718
21020,02376R10,AAL,20010,2019-08-09,-0.010316
21020,02376R10,AAL,20010,2019-08-12,-0.039611
21020,02376R10,AAL,20010,2019-08-13,-0.004703
21020,02376R10,AAL,20010,2019-08-14,-0.051254
21020,02376R10,AAL,20010,2019-08-15,-0.026437
21020,02376R10,AAL,20010,2019-08-16,0.014955
21020,02376R10,AAL,20010,2019-08-19,0.012020
21020,02376R10,AAL,20010,2019-08-20,-0.010345
21020,02376R10,AAL,20010,2019-08-21,0.022842
21020,02376R10,AAL,20010,2019-08-22,0.004164
21020,02376R10,AAL,20010,2019-08-23,-0.041839
21020,02376R10,AAL,20010,2019-08-26,-0.009048
21020,02376R10,AAL,20010,2019-08-27,-0.029377
21020,02376R10,AAL,20010,2019-08-28,0.035992
21020,02376R10,AAL,20010,2019-08-29,0.039084
21020,02376R10,AAL,20010,2019-08-30,-0.000380
21020,02376R10,AAL,20010,2019-09-03,0.007602
21020,02376R10,AAL,20010,2019-09-04,0.018484
21020,02376R10,AAL,20010,2019-09-05,0.025556
21020,02376R10,AAL,20010,2019-09-06,0.003611
21020,02376R10,AAL,20010,2019-09-09,0.023390
21020,02376R10,AAL,20010,2019-09-10,0.023910
21020,02376R10,AAL,20010,2019-09-11,0.021978
21020,02376R10,AAL,20010,2019-09-12,0.006048
21020,02376R10,AAL,20010,2019-09-13,0.000334
21020,02376R10,AAL,20010,2019-09-16,-0.072788
21020,02376R10,AAL,20010,2019-09-17,0.031329
21020,02376R10,AAL,20010,2019-09-18,-0.001397
21020,02376R10,AAL,20010,2019-09-19,-0.010490
21020,02376R10,AAL,20010,2019-09-20,-0.010954
21020,02376R10,AAL,20010,2019-09-23,-0.017506
21020,02376R10,AAL,20010,2019-09-24,-0.018364
21020,02376R10,AAL,20010,2019-09-25,0.016485
21020,02376R10,AAL,20010,2019-09-26,-0.009111
21020,02376R10,AAL,20010,2019-09-27,-0.006620
21020,02376R10,AAL,20010,2019-09-30,-0.001481
21020,02376R10,AAL,20010,2019-10-01,-0.006303
21020,02376R10,AAL,20010,2019-10-02,-0.053358
21020,02376R10,AAL,20010,2019-10-03,-0.004139
21020,02376R10,AAL,20010,2019-10-04,0.022363
21020,02376R10,AAL,20010,2019-10-07,0.000000
21020,02376R10,AAL,20010,2019-10-08,0.016647
21020,02376R10,AAL,20010,2019-10-09,0.030655
21020,02376R10,AAL,20010,2019-10-10,0.004249
21020,02376R10,AAL,20010,2019-10-11,0.006439
21020,02376R10,AAL,20010,2019-10-14,0.009505
21020,02376R10,AAL,20010,2019-10-15,0.023719
21020,02376R10,AAL,20010,2019-10-16,-0.007782
21020,02376R10,AAL,20010,2019-10-17,-0.004278
21020,02376R10,AAL,20010,2019-10-18,0.010383
21020,02376R10,AAL,20010,2019-10-21,0.014174
21020,02376R10,AAL,20010,2019-10-22,-0.012579
21020,02376R10,AAL,20010,2019-10-23,0.001062
21020,02376R10,AAL,20010,2019-10-24,0.039590
21020,02376R10,AAL,20010,2019-10-25,0.049303
21020,02376R10,AAL,20010,2019-10-28,0.016202
21020,02376R10,AAL,20010,2019-10-29,-0.014031
21020,02376R10,AAL,20010,2019-10-30,-0.020375
21020,02376R10,AAL,20010,2019-10-31,-0.007593
21020,02376R10,AAL,20010,2019-11-01,0.016633
21020,02376R10,AAL,20010,2019-11-04,0.012762
21020,02376R10,AAL,20010,2019-11-05,0.010662
21020,02376R10,AAL,20010,2019-11-06,-0.007056
21020,02376R10,AAL,20010,2019-11-07,-0.002261
21020,02376R10,AAL,20010,2019-11-08,-0.004208
21020,02376R10,AAL,20010,2019-11-11,-0.005527
21020,02376R10,AAL,20010,2019-11-12,-0.034979
21020,02376R10,AAL,20010,2019-11-13,-0.029133
21020,02376R10,AAL,20010,2019-11-14,0.003838
21020,02376R10,AAL,20010,2019-11-15,0.003128
21020,02376R10,AAL,20010,2019-11-18,-0.009009
21020,02376R10,AAL,20010,2019-11-19,0.024126
21020,02376R10,AAL,20010,2019-11-20,-0.036190
21020,02376R10,AAL,20010,2019-11-21,-0.010627
21020,02376R10,AAL,20010,2019-11-22,0.026853
21020,02376R10,AAL,20010,2019-11-25,0.010809
21020,02376R10,AAL,20010,2019-11-26,0.002070
21020,02376R10,AAL,20010,2019-11-27,-0.003442
21020,02376R10,AAL,20010,2019-11-29,-0.007254
21020,02376R10,AAL,20010,2019-12-02,-0.022965
21020,02376R10,AAL,20010,2019-12-03,-0.028134
21020,02376R10,AAL,20010,2019-12-04,0.003298
21020,02376R10,AAL,20010,2019-12-05,-0.005113
21020,02376R10,AAL,20010,2019-12-06,0.017805
21020,02376R10,AAL,20010,2019-12-09,-0.008476
21020,02376R10,AAL,20010,2019-12-10,-0.017825
21020,02376R10,AAL,20010,2019-12-11,-0.005185
21020,02376R10,AAL,20010,2019-12-12,0.032018
21020,02376R10,AAL,20010,2019-12-13,-0.008658
21020,02376R10,AAL,20010,2019-12-16,0.016012
21020,02376R10,AAL,20010,2019-12-17,0.012894
21020,02376R10,AAL,20010,2019-12-18,-0.009901
21020,02376R10,AAL,20010,2019-12-19,0.019643
21020,02376R10,AAL,20010,2019-12-20,0.017163
21020,02376R10,AAL,20010,2019-12-23,0.008953
21020,02376R10,AAL,20010,2019-12-24,-0.004096
21020,02376R10,AAL,20010,2019-12-26,0.016792
21020,02376R10,AAL,20010,2019-12-27,-0.041456
21020,02376R10,AAL,20010,2019-12-30,-0.004923
21020,02376R10,AAL,20010,2019-12-31,0.013428
21020,02376R10,AAL,20010,2020-01-02,0.014296
21020,02376R10,AAL,20010,2020-01-03,-0.049502
21020,02376R10,AAL,20010,2020-01-06,-0.011935
21020,02376R10,AAL,20010,2020-01-07,-0.003660
21020,02376R10,AAL,20010,2020-01-08,0.022777
21020,02376R10,AAL,20010,2020-01-09,0.003951
21020,02376R10,AAL,20010,2020-01-10,-0.022540
21020,02376R10,AAL,20010,2020-01-13,0.002562
21020,02376R10,AAL,20010,2020-01-14,0.005111
21020,02376R10,AAL,20010,2020-01-15,0.001816
21020,02376R10,AAL,20010,2020-01-16,0.023568
21020,02376R10,AAL,20010,2020-01-17,0.006022
21020,02376R10,AAL,20010,2020-01-21,-0.042254
21020,02376R10,AAL,20010,2020-01-22,0.004412
21020,02376R10,AAL,20010,2020-01-23,0.054173
21020,02376R10,AAL,20010,2020-01-24,-0.040278
21020,02376R10,AAL,20010,2020-01-27,-0.055355
21020,02376R10,AAL,20010,2020-01-28,0.030257
21020,02376R10,AAL,20010,2020-01-29,-0.003717
21020,02376R10,AAL,20010,2020-01-30,0.034328
21020,02376R10,AAL,20010,2020-01-31,-0.031746
21020,02376R10,AAL,20010,2020-02-03,0.011923
21020,02376R10,AAL,20010,2020-02-04,0.050442
21020,02376R10,AAL,20010,2020-02-05,0.023567
21020,02376R10,AAL,20010,2020-02-06,-0.027491
21020,02376R10,AAL,20010,2020-02-07,0.002827
21020,02376R10,AAL,20010,2020-02-10,0.014447
21020,02376R10,AAL,20010,2020-02-11,0.036471
21020,02376R10,AAL,20010,2020-02-12,0.021113
21020,02376R10,AAL,20010,2020-02-13,-0.012471
21020,02376R10,AAL,20010,2020-02-14,-0.029578
21020,02376R10,AAL,20010,2020-02-18,-0.019521
21020,02376R10,AAL,20010,2020-02-19,-0.010479
21020,02376R10,AAL,20010,2020-02-20,0.006354
21020,02376R10,AAL,20010,2020-02-21,-0.024202
21020,02376R10,AAL,20010,2020-02-24,-0.085191
21020,02376R10,AAL,20010,2020-02-25,-0.091552
21020,02376R10,AAL,20010,2020-02-26,-0.035035
21020,02376R10,AAL,20010,2020-02-27,-0.076647
21020,02376R10,AAL,20010,2020-02-28,-0.075243
21020,02376R10,AAL,20010,2020-03-02,-0.009974
21020,02376R10,AAL,20010,2020-03-03,-0.053552
21020,02376R10,AAL,20010,2020-03-04,0.038095
21020,02376R10,AAL,20010,2020-03-05,-0.134377
21020,02376R10,AAL,20010,2020-03-06,-0.004364
21020,02376R10,AAL,20010,2020-03-09,-0.076393
21020,02376R10,AAL,20010,2020-03-10,0.152542
21020,02376R10,AAL,20010,2020-03-11,-0.043529
21020,02376R10,AAL,20010,2020-03-12,-0.172817
21020,02376R10,AAL,20010,2020-03-13,0.063941
21020,02376R10,AAL,20010,2020-03-16,0.112509
21020,02376R10,AAL,20010,2020-03-17,-0.021357
21020,02376R10,AAL,20010,2020-03-18,-0.252246
21020,02376R10,AAL,20010,2020-03-19,-0.116738
21020,02376R10,AAL,20010,2020-03-20,0.008746
21020,02376R10,AAL,20010,2020-03-23,-0.012524
21020,02376R10,AAL,20010,2020-03-24,0.358049
21020,02376R10,AAL,20010,2020-03-25,0.105603
21020,02376R10,AAL,20010,2020-03-26,0.017544
21020,02376R10,AAL,20010,2020-03-27,-0.103448
21020,02376R10,AAL,20010,2020-03-30,-0.127493
21020,02376R10,AAL,20010,2020-03-31,-0.004898
21020,02376R10,AAL,20010,2020-04-01,-0.123052
21020,02376R10,AAL,20010,2020-04-02,-0.058934
21020,02376R10,AAL,20010,2020-04-03,-0.066600
21020,02376R10,AAL,20010,2020-04-06,0.011715
21020,02376R10,AAL,20010,2020-04-07,0.075789
21020,02376R10,AAL,20010,2020-04-08,0.108611
21020,02376R10,AAL,20010,2020-04-09,0.104148
21020,02376R10,AAL,20010,2020-04-13,-0.075939
21020,02376R10,AAL,20010,2020-04-14,0.033304
21020,02376R10,AAL,20010,2020-04-15,0.028882
21020,02376R10,AAL,20010,2020-04-16,-0.099268
21020,02376R10,AAL,20010,2020-04-17,0.045167
21020,02376R10,AAL,20010,2020-04-20,-0.044080
21020,02376R10,AAL,20010,2020-04-21,-0.005425
21020,02376R10,AAL,20010,2020-04-22,-0.066364
21020,02376R10,AAL,20010,2020-04-23,-0.001947
21020,02376R10,AAL,20010,2020-04-24,0.005854
21020,02376R10,AAL,20010,2020-04-27,-0.028128
21020,02376R10,AAL,20010,2020-04-28,0.123752
21020,02376R10,AAL,20010,2020-04-29,0.121670
21020,02376R10,AAL,20010,2020-04-30,-0.049089
21020,02376R10,AAL,20010,2020-05-01,-0.114072
21020,02376R10,AAL,20010,2020-05-04,-0.077068
21020,02376R10,AAL,20010,2020-05-05,-0.031568
21020,02376R10,AAL,20010,2020-05-06,-0.027340
21020,02376R10,AAL,20010,2020-05-07,0.031351
21020,02376R10,AAL,20010,2020-05-08,0.062893
21020,02376R10,AAL,20010,2020-05-11,-0.003945
21020,02376R10,AAL,20010,2020-05-12,-0.044554
21020,02376R10,AAL,20010,2020-05-13,-0.055959
21020,02376R10,AAL,20010,2020-05-14,0.004391
21020,02376R10,AAL,20010,2020-05-15,-0.012022
21020,02376R10,AAL,20010,2020-05-18,0.091814
21020,02376R10,AAL,20010,2020-05-19,-0.023303
21020,02376R10,AAL,20010,2020-05-20,0.023859
21020,02376R10,AAL,20010,2020-05-21,0.002026
21020,02376R10,AAL,20010,2020-05-22,-0.019211
21020,02376R10,AAL,20010,2020-05-26,0.148454
21020,02376R10,AAL,20010,2020-05-27,0.075404
21020,02376R10,AAL,20010,2020-05-28,-0.083472
21020,02376R10,AAL,20010,2020-05-29,-0.043716
21020,02376R10,AAL,20010,2020-06-01,0.058095
21020,02376R10,AAL,20010,2020-06-02,0.009901
21020,02376R10,AAL,20010,2020-06-03,0.056150
21020,02376R10,AAL,20010,2020-06-04,0.410970
21020,02376R10,AAL,20010,2020-06-05,0.111842
21020,02376R10,AAL,20010,2020-06-08,0.092523
21020,02376R10,AAL,20010,2020-06-09,-0.086657
21020,02376R10,AAL,20010,2020-06-10,-0.082480
21020,02376R10,AAL,20010,2020-06-11,-0.155112
21020,02376R10,AAL,20010,2020-06-12,0.164117
21020,02376R10,AAL,20010,2020-06-15,-0.002389
21020,02376R10,AAL,20010,2020-06-16,0.019760
21020,02376R10,AAL,20010,2020-06-17,-0.002936
21020,02376R10,AAL,20010,2020-06-18,-0.028857
21020,02376R10,AAL,20010,2020-06-19,-0.029715
21020,02376R10,AAL,20010,2020-06-22,-0.067500
21020,02376R10,AAL,20010,2020-06-23,-0.061662
21020,02376R10,AAL,20010,2020-06-24,-0.068571
21020,02376R10,AAL,20010,2020-06-25,0.009969
21020,02376R10,AAL,20010,2020-06-26,-0.059985
21020,02376R10,AAL,20010,2020-06-29,0.075929
21020,02376R10,AAL,20010,2020-06-30,-0.018769
21020,02376R10,AAL,20010,2020-07-01,-0.019893
21020,02376R10,AAL,20010,2020-07-02,-0.024200
21020,02376R10,AAL,20010,2020-07-06,0.024000
21020,02376R10,AAL,20010,2020-07-07,-0.069531
21020,02376R10,AAL,20010,2020-07-08,0.006717
21020,02376R10,AAL,20010,2020-07-09,-0.067556
21020,02376R10,AAL,20010,2020-07-10,0.067979
21020,02376R10,AAL,20010,2020-07-13,-0.025963
21020,02376R10,AAL,20010,2020-07-14,-0.005159
21020,02376R10,AAL,20010,2020-07-15,0.161625
21020,02376R10,AAL,20010,2020-07-16,-0.073661
21020,02376R10,AAL,20010,2020-07-17,-0.043373
21020,02376R10,AAL,20010,2020-07-20,-0.036944
21020,02376R10,AAL,20010,2020-07-21,0.000000
21020,02376R10,AAL,20010,2020-07-22,-0.009590
21020,02376R10,AAL,20010,2020-07-23,0.036092
21020,02376R10,AAL,20010,2020-07-24,-0.032285
21020,02376R10,AAL,20010,2020-07-27,0.000000
21020,02376R10,AAL,20010,2020-07-28,0.033363
21020,02376R10,AAL,20010,2020-07-29,-0.031436
21020,02376R10,AAL,20010,2020-07-30,-0.019298
21020,02376R10,AAL,20010,2020-07-31,-0.005367
21020,02376R10,AAL,20010,2020-08-03,-0.003597
21020,02376R10,AAL,20010,2020-08-04,0.035199
21020,02376R10,AAL,20010,2020-08-05,0.095031
21020,02376R10,AAL,20010,2020-08-06,0.038217
21020,02376R10,AAL,20010,2020-08-07,-0.000767
21020,02376R10,AAL,20010,2020-08-10,0.074444
21020,02376R10,AAL,20010,2020-08-11,-0.019286
21020,02376R10,AAL,20010,2020-08-12,-0.013838
21020,02376R10,AAL,20010,2020-08-13,-0.017725
21020,02376R10,AAL,20010,2020-08-14,0.002256
21020,02376R10,AAL,20010,2020-08-17,-0.053263
21020,02376R10,AAL,20010,2020-08-18,-0.001585
21020,02376R10,AAL,20010,2020-08-19,0.006349
21020,02376R10,AAL,20010,2020-08-20,-0.014196
21020,02376R10,AAL,20010,2020-08-21,-0.027200
21020,02376R10,AAL,20010,2020-08-24,0.105263
21020,02376R10,AAL,20010,2020-08-25,-0.022321
21020,02376R10,AAL,20010,2020-08-26,-0.027017
21020,02376R10,AAL,20010,2020-08-27,0.038717
21020,02376R10,AAL,20010,2020-08-28,0.023343
21020,02376R10,AAL,20010,2020-08-31,-0.039735
21020,02376R10,AAL,20010,2020-09-01,0.003831
21020,02376R10,AAL,20010,2020-09-02,0.009924
21020,02376R10,AAL,20010,2020-09-03,0.009826
21020,02376R10,AAL,20010,2020-09-04,0.018713
21020,02376R10,AAL,20010,2020-09-08,0.001470
21020,02376R10,AAL,20010,2020-09-09,-0.042553
21020,02376R10,AAL,20010,2020-09-10,-0.003448
21020,02376R10,AAL,20010,2020-09-11,-0.004229
21020,02376R10,AAL,20010,2020-09-14,0.023938
21020,02376R10,AAL,20010,2020-09-15,-0.009050
21020,02376R10,AAL,20010,2020-09-16,0.050228
21020,02376R10,AAL,20010,2020-09-17,-0.012319
21020,02376R10,AAL,20010,2020-09-18,-0.032282
21020,02376R10,AAL,20010,2020-09-21,-0.074299
21020,02376R10,AAL,20010,2020-09-22,0.010647
21020,02376R10,AAL,20010,2020-09-23,-0.033225
21020,02376R10,AAL,20010,2020-09-24,-0.013412
21020,02376R10,AAL,20010,2020-09-25,0.044180
21020,02376R10,AAL,20010,2020-09-28,0.038242
21020,02376R10,AAL,20010,2020-09-29,-0.039969
21020,02376R10,AAL,20010,2020-09-30,0.003265
21020,02376R10,AAL,20010,2020-10-01,0.023596
21020,02376R10,AAL,20010,2020-10-02,0.033386
21020,02376R10,AAL,20010,2020-10-05,0.009231
21020,02376R10,AAL,20010,2020-10-06,-0.044970
21020,02376R10,AAL,20010,2020-10-07,0.043097
21020,02376R10,AAL,20010,2020-10-08,0.006503
21020,02376R10,AAL,20010,2020-10-09,0.003421
21020,02376R10,AAL,20010,2020-10-12,-0.021212
21020,02376R10,AAL,20010,2020-10-13,-0.054180
21020,02376R10,AAL,20010,2020-10-14,0.011457
21020,02376R10,AAL,20010,2020-10-15,-0.010518
21020,02376R10,AAL,20010,2020-10-16,0.018806
21020,02376R10,AAL,20010,2020-10-19,0.008026
21020,02376R10,AAL,20010,2020-10-20,0.019108
21020,02376R10,AAL,20010,2020-10-21,-0.004297
21020,02376R10,AAL,20010,2020-10-22,0.031777
21020,02376R10,AAL,20010,2020-10-23,-0.041825
21020,02376R10,AAL,20010,2020-10-26,-0.063492
21020,02376R10,AAL,20010,2020-10-27,-0.048305
21020,02376R10,AAL,20010,2020-10-28,-0.024933
21020,02376R10,AAL,20010,2020-10-29,0.019178
21020,02376R10,AAL,20010,2020-10-30,0.010753
21020,02376R10,AAL,20010,2020-11-02,-0.007979
21020,02376R10,AAL,20010,2020-11-03,0.005362
21020,02376R10,AAL,20010,2020-11-04,-0.021778
21020,02376R10,AAL,20010,2020-11-05,0.054066
21020,02376R10,AAL,20010,2020-11-06,-0.012069
21020,02376R10,AAL,20010,2020-11-09,0.151832
21020,02376R10,AAL,20010,2020-11-10,-0.062121
21020,02376R10,AAL,20010,2020-11-11,-0.027464
21020,02376R10,AAL,20010,2020-11-12,-0.024917
21020,02376R10,AAL,20010,2020-11-13,0.042589
21020,02376R10,AAL,20010,2020-11-16,0.044935
21020,02376R10,AAL,20010,2020-11-17,-0.007037
21020,02376R10,AAL,20010,2020-11-18,0.003150
21020,02376R10,AAL,20010,2020-11-19,0.003925
21020,02376R10,AAL,20010,2020-11-20,-0.020328
21020,02376R10,AAL,20010,2020-11-23,0.082203
21020,02376R10,AAL,20010,2020-11-24,0.092920
21020,02376R10,AAL,20010,2020-11-25,0.008097
21020,02376R10,AAL,20010,2020-11-27,0.002677
21020,02376R10,AAL,20010,2020-11-30,-0.056742
21020,02376R10,AAL,20010,2020-12-01,0.009908
21020,02376R10,AAL,20010,2020-12-02,0.041345
21020,02376R10,AAL,20010,2020-12-03,0.082773
21020,02376R10,AAL,20010,2020-12-04,0.019267
21020,02376R10,AAL,20010,2020-12-07,0.049390
21020,02376R10,AAL,20010,2020-12-08,0.024404
21020,02376R10,AAL,20010,2020-12-09,-0.026659
21020,02376R10,AAL,20010,2020-12-10,0.048368
21020,02376R10,AAL,20010,2020-12-11,-0.052251
21020,02376R10,AAL,20010,2020-12-14,-0.020528
21020,02376R10,AAL,20010,2020-12-15,0.018563
21020,02376R10,AAL,20010,2020-12-16,-0.008818
21020,02376R10,AAL,20010,2020-12-17,-0.003559
21020,02376R10,AAL,20010,2020-12-18,-0.017262
21020,02376R10,AAL,20010,2020-12-21,-0.024833
21020,02376R10,AAL,20010,2020-12-22,-0.038509
21020,02376R10,AAL,20010,2020-12-23,0.026486
21020,02376R10,AAL,20010,2020-12-24,-0.014475
21020,02376R10,AAL,20010,2020-12-28,0.025543
21020,02376R10,AAL,20010,2020-12-29,-0.012453
21020,02376R10,AAL,20010,2020-12-30,0.018285
21020,02376R10,AAL,20010,2020-12-31,-0.023529
21020,02376R10,AAL,20010,2021-01-04,-0.040583
21020,02376R10,AAL,20010,2021-01-05,0.019828
21020,02376R10,AAL,20010,2021-01-06,0.005833
21020,02376R10,AAL,20010,2021-01-07,-0.009021
21020,02376R10,AAL,20010,2021-01-08,-0.016255
21020,02376R10,AAL,20010,2021-01-11,-0.008592
21020,02376R10,AAL,20010,2021-01-12,0.025333
21020,02376R10,AAL,20010,2021-01-13,0.009753
21020,02376R10,AAL,20010,2021-01-14,0.058596
21020,02376R10,AAL,20010,2021-01-15,-0.041363
21020,02376R10,AAL,20010,2021-01-19,0.013325
21020,02376R10,AAL,20010,2021-01-20,0.012523
21020,02376R10,AAL,20010,2021-01-21,-0.021027
21020,02376R10,AAL,20010,2021-01-22,-0.000632
21020,02376R10,AAL,20010,2021-01-25,-0.024652
21020,02376R10,AAL,20010,2021-01-26,0.006481
21020,02376R10,AAL,20010,2021-01-27,0.066323
21020,02376R10,AAL,20010,2021-01-28,0.092995
21020,02376R10,AAL,20010,2021-01-29,-0.051381
21020,02376R10,AAL,20010,2021-02-01,-0.019220
21020,02376R10,AAL,20010,2021-02-02,-0.014846
21020,02376R10,AAL,20010,2021-02-03,0.060880
21020,02376R10,AAL,20010,2021-02-04,-0.011364
21020,02376R10,AAL,20010,2021-02-05,-0.012069
21020,02376R10,AAL,20010,2021-02-08,0.033741
21020,02376R10,AAL,20010,2021-02-09,-0.018571
21020,02376R10,AAL,20010,2021-02-10,-0.001720
21020,02376R10,AAL,20010,2021-02-11,-0.024124
21020,02376R10,AAL,20010,2021-02-12,0.016480
21020,02376R10,AAL,20010,2021-02-16,0.031847
21020,02376R10,AAL,20010,2021-02-17,0.009540
21020,02376R10,AAL,20010,2021-02-18,-0.015564
21020,02376R10,AAL,20010,2021-02-19,0.054771
21020,02376R10,AAL,20010,2021-02-22,0.094218
21020,02376R10,AAL,20010,2021-02-23,0.010763
21020,02376R10,AAL,20010,2021-02-24,0.056147
21020,02376R10,AAL,20010,2021-02-25,-0.043996
21020,02376R10,AAL,20010,2021-02-26,0.003835
21020,02376R10,AAL,20010,2021-03-01,0.011461
21020,02376R10,AAL,20010,2021-03-02,0.012276
21020,02376R10,AAL,20010,2021-03-03,0.034049
21020,02376R10,AAL,20010,2021-03-04,-0.041949
21020,02376R10,AAL,20010,2021-03-05,-0.037194
21020,02376R10,AAL,20010,2021-03-08,0.049878
21020,02376R10,AAL,20010,2021-03-09,0.006055
21020,02376R10,AAL,20010,2021-03-10,0.006944
21020,02376R10,AAL,20010,2021-03-11,0.018391
21020,02376R10,AAL,20010,2021-03-12,0.055079
21020,02376R10,AAL,20010,2021-03-15,0.077022
21020,02376R10,AAL,20010,2021-03-16,-0.027811
21020,02376R10,AAL,20010,2021-03-17,0.028198
21020,02376R10,AAL,20010,2021-03-18,-0.018283
21020,02376R10,AAL,20010,2021-03-19,0.010931
21020,02376R10,AAL,20010,2021-03-22,-0.045655
21020,02376R10,AAL,20010,2021-03-23,-0.065464
21020,02376R10,AAL,20010,2021-03-24,-0.020656
21020,02376R10,AAL,20010,2021-03-25,0.044017
21020,02376R10,AAL,20010,2021-03-26,0.007027
21020,02376R10,AAL,20010,2021-03-29,-0.000872
21020,02376R10,AAL,20010,2021-03-30,0.052815
21020,02376R10,AAL,20010,2021-03-31,-0.009121
21020,02376R10,AAL,20010,2021-04-01,-0.001674
21020,02376R10,AAL,20010,2021-04-05,0.015507
21020,02376R10,AAL,20010,2021-04-06,-0.007016
21020,02376R10,AAL,20010,2021-04-07,-0.005403
21020,02376R10,AAL,20010,2021-04-08,-0.011701
21020,02376R10,AAL,20010,2021-04-09,-0.004651
21020,02376R10,AAL,20010,2021-04-12,-0.026763
21020,02376R10,AAL,20010,2021-04-13,-0.015277
21020,02376R10,AAL,20010,2021-04-14,-0.008422
21020,02376R10,AAL,20010,2021-04-15,-0.010729
21020,02376R10,AAL,20010,2021-04-16,-0.004519
21020,02376R10,AAL,20010,2021-04-19,-0.021788
21020,02376R10,AAL,20010,2021-04-20,-0.054756
21020,02376R10,AAL,20010,2021-04-21,0.031419
21020,02376R10,AAL,20010,2021-04-22,-0.044741
21020,02376R10,AAL,20010,2021-04-23,0.051819
21020,02376R10,AAL,20010,2021-04-26,0.044055
21020,02376R10,AAL,20010,2021-04-27,-0.012704
21020,02376R10,AAL,20010,2021-04-28,-0.002757
21020,02376R10,AAL,20010,2021-04-29,-0.018433
21020,02376R10,AAL,20010,2021-04-30,0.019718
21020,02376R10,AAL,20010,2021-05-03,0.010589
21020,02376R10,AAL,20010,2021-05-04,-0.024146
21020,02376R10,AAL,20010,2021-05-05,0.007003
21020,02376R10,AAL,20010,2021-05-06,-0.003709
21020,02376R10,AAL,20010,2021-05-07,0.023732
21020,02376R10,AAL,20010,2021-05-10,0.000000
21020,02376R10,AAL,20010,2021-05-11,-0.019545
21020,02376R10,AAL,20010,2021-05-12,-0.037552
21020,02376R10,AAL,20010,2021-05-13,0.021676
21020,02376R10,AAL,20010,2021-05-14,0.056106
21020,02376R10,AAL,20010,2021-05-17,0.042411
21020,02376R10,AAL,20010,2021-05-18,0.008994
21020,02376R10,AAL,20010,2021-05-19,-0.025042
21020,02376R10,AAL,20010,2021-05-20,-0.016108
21020,02376R10,AAL,20010,2021-05-21,-0.001327
21020,02376R10,AAL,20010,2021-05-24,0.018609
21020,02376R10,AAL,20010,2021-05-25,0.009569
21020,02376R10,AAL,20010,2021-05-26,0.029729
21020,02376R10,AAL,20010,2021-05-27,0.022176
21020,02376R10,AAL,20010,2021-05-28,-0.007777
21020,02376R10,AAL,20010,2021-06-01,0.017739
21020,02376R10,AAL,20010,2021-06-02,0.046615
21020,02376R10,AAL,20010,2021-06-03,-0.034469
21020,02376R10,AAL,20010,2021-06-04,-0.025271
21020,02376R10,AAL,20010,2021-06-07,-0.002058
21020,02376R10,AAL,20010,2021-06-08,-0.001237
21020,02376R10,AAL,20010,2021-06-09,-0.015277
21020,02376R10,AAL,20010,2021-06-10,-0.016352
21020,02376R10,AAL,20010,2021-06-11,0.002984
21020,02376R10,AAL,20010,2021-06-14,-0.022949
21020,02376R10,AAL,20010,2021-06-15,-0.008699
21020,02376R10,AAL,20010,2021-06-16,0.001755
21020,02376R10,AAL,20010,2021-06-17,-0.026281
21020,02376R10,AAL,20010,2021-06-18,0.002699
21020,02376R10,AAL,20010,2021-06-21,0.007178
21020,02376R10,AAL,20010,2021-06-22,-0.015145
21020,02376R10,AAL,20010,2021-06-23,0.004071
21020,02376R10,AAL,20010,2021-06-24,0.006757
21020,02376R10,AAL,20010,2021-06-25,-0.005817
21020,02376R10,AAL,20010,2021-06-28,-0.037354
21020,02376R10,AAL,20010,2021-06-29,-0.014493
21020,02376R10,AAL,20010,2021-06-30,0.006167
21020,02376R10,AAL,20010,2021-07-01,0.014144
21020,02376R10,AAL,20010,2021-07-02,-0.001395
21020,02376R10,AAL,20010,2021-07-06,-0.021881
21020,02376R10,AAL,20010,2021-07-07,-0.033317
21020,02376R10,AAL,20010,2021-07-08,0.001969
21020,02376R10,AAL,20010,2021-07-09,0.026536
21020,02376R10,AAL,20010,2021-07-12,-0.002393
21020,02376R10,AAL,20010,2021-07-13,-0.039347
21020,02376R10,AAL,20010,2021-07-14,0.029970
21020,02376R10,AAL,20010,2021-07-15,-0.007759
21020,02376R10,AAL,20010,2021-07-16,-0.032747
21020,02376R10,AAL,20010,2021-07-19,-0.041435
21020,02376R10,AAL,20010,2021-07-20,0.083817
21020,02376R10,AAL,20010,2021-07-21,0.040856
21020,02376R10,AAL,20010,2021-07-22,-0.011215
21020,02376R10,AAL,20010,2021-07-23,0.001890
21020,02376R10,AAL,20010,2021-07-26,0.041509
21020,02376R10,AAL,20010,2021-07-27,-0.028080
21020,02376R10,AAL,20010,2021-07-28,0.007922
21020,02376R10,AAL,20010,2021-07-29,-0.021267
21020,02376R10,AAL,20010,2021-07-30,-0.037317
21020,02376R10,AAL,20010,2021-08-02,-0.015702
21020,02376R10,AAL,20010,2021-08-03,-0.005484
21020,02376R10,AAL,20010,2021-08-04,-0.025063
21020,02376R10,AAL,20010,2021-08-05,0.075064
21020,02376R10,AAL,20010,2021-08-06,0.005261
21020,02376R10,AAL,20010,2021-08-09,-0.021884
21020,02376R10,AAL,20010,2021-08-10,0.018482
21020,02376R10,AAL,20010,2021-08-11,0.013849
21020,02376R10,AAL,20010,2021-08-12,-0.037683
21020,02376R10,AAL,20010,2021-08-13,-0.028879
21020,02376R10,AAL,20010,2021-08-16,-0.004032
21020,02376R10,AAL,20010,2021-08-17,-0.021255
21020,02376R10,AAL,20010,2021-08-18,-0.010341
21020,02376R10,AAL,20010,2021-08-19,-0.021421
21020,02376R10,AAL,20010,2021-08-20,-0.012280
21020,02376R10,AAL,20010,2021-08-23,0.032973
21020,02376R10,AAL,20010,2021-08-24,0.037677
21020,02376R10,AAL,20010,2021-08-25,0.016137
21020,02376R10,AAL,20010,2021-08-26,-0.012407
21020,02376R10,AAL,20010,2021-08-27,0.016080
21020,02376R10,AAL,20010,2021-08-30,-0.035114
21020,02376R10,AAL,20010,2021-08-31,0.022040
21020,02376R10,AAL,20010,2021-09-01,-0.015045
21020,02376R10,AAL,20010,2021-09-02,0.006110
21020,02376R10,AAL,20010,2021-09-03,-0.019737
21020,02376R10,AAL,20010,2021-09-07,0.008260
21020,02376R10,AAL,20010,2021-09-08,-0.020481
21020,02376R10,AAL,20010,2021-09-09,0.055933
21020,02376R10,AAL,20010,2021-09-10,-0.061881
21020,02376R10,AAL,20010,2021-09-13,0.018997
21020,02376R10,AAL,20010,2021-09-14,-0.005179
21020,02376R10,AAL,20010,2021-09-15,0.008850
21020,02376R10,AAL,20010,2021-09-16,0.026316
21020,02376R10,AAL,20010,2021-09-17,-0.008044
21020,02376R10,AAL,20010,2021-09-20,0.030411
21020,02376R10,AAL,20010,2021-09-21,-0.028037
21020,02376R10,AAL,20010,2021-09-22,0.038462
21020,02376R10,AAL,20010,2021-09-23,0.018519
21020,02376R10,AAL,20010,2021-09-24,0.023445
21020,02376R10,AAL,20010,2021-09-27,0.003740
21020,02376R10,AAL,20010,2021-09-28,-0.001863
21020,02376R10,AAL,20010,2021-09-29,-0.019599
21020,02376R10,AAL,20010,2021-09-30,-0.023322
21020,02376R10,AAL,20010,2021-10-01,0.055068
21020,02376R10,AAL,20010,2021-10-04,-0.012009
21020,02376R10,AAL,20010,2021-10-05,0.003740
21020,02376R10,AAL,20010,2021-10-06,-0.043316
21020,02376R10,AAL,20010,2021-10-07,-0.018014
21020,02376R10,AAL,20010,2021-10-08,-0.004958
21020,02376R10,AAL,20010,2021-10-11,0.002990
21020,02376R10,AAL,20010,2021-10-12,0.007948
21020,02376R10,AAL,20010,2021-10-13,-0.033514
21020,02376R10,AAL,20010,2021-10-14,0.001530
21020,02376R10,AAL,20010,2021-10-15,0.017312
21020,02376R10,AAL,20010,2021-10-18,-0.007007
21020,02376R10,AAL,20010,2021-10-19,-0.015625
21020,02376R10,AAL,20010,2021-10-20,-0.000512
21020,02376R10,AAL,20010,2021-10-21,0.018955
21020,02376R10,AAL,20010,2021-10-22,-0.037205
21020,02376R10,AAL,20010,2021-10-25,0.004178
21020,02376R10,AAL,20010,2021-10-26,0.008320
21020,02376R10,AAL,20010,2021-10-27,-0.018566
21020,02376R10,AAL,20010,2021-10-28,0.008408
21020,02376R10,AAL,20010,2021-10-29,0.000521
21020,02376R10,AAL,20010,2021-11-01,0.029688
21020,02376R10,AAL,20010,2021-11-02,0.003035
21020,02376R10,AAL,20010,2021-11-03,0.040343
21020,02376R10,AAL,20010,2021-11-04,0.000000
21020,02376R10,AAL,20010,2021-11-05,0.057683
21020,02376R10,AAL,20010,2021-11-08,0.019707
21020,02376R10,AAL,20010,2021-11-09,0.000449
21020,02376R10,AAL,20010,2021-11-10,-0.030997
21020,02376R10,AAL,20010,2021-11-11,-0.011127
21020,02376R10,AAL,20010,2021-11-12,-0.048758
21020,02376R10,AAL,20010,2021-11-15,0.001479
21020,02376R10,AAL,20010,2021-11-16,-0.023622
21020,02376R10,AAL,20010,2021-11-17,0.001008
21020,02376R10,AAL,20010,2021-11-18,-0.023666
21020,02376R10,AAL,20010,2021-11-19,-0.005673
21020,02376R10,AAL,20010,2021-11-22,0.018154
21020,02376R10,AAL,20010,2021-11-23,-0.008151
21020,02376R10,AAL,20010,2021-11-24,-0.000514
21020,02376R10,AAL,20010,2021-11-26,-0.087873
21020,02376R10,AAL,20010,2021-11-29,-0.000563
21020,02376R10,AAL,20010,2021-11-30,-0.002818
21020,02376R10,AAL,20010,2021-12-01,-0.079706
21020,02376R10,AAL,20010,2021-12-02,0.070025
21020,02376R10,AAL,20010,2021-12-03,-0.045924
21020,02376R10,AAL,20010,2021-12-06,0.078821
21020,02376R10,AAL,20010,2021-12-07,-0.002231
21020,02376R10,AAL,20010,2021-12-08,0.019005
21020,02376R10,AAL,20010,2021-12-09,-0.004937
21020,02376R10,AAL,20010,2021-12-10,-0.007166
21020,02376R10,AAL,20010,2021-12-13,-0.049417
21020,02376R10,AAL,20010,2021-12-14,-0.012266
21020,02376R10,AAL,20010,2021-12-15,0.004731
21020,02376R10,AAL,20010,2021-12-16,-0.027663
21020,02376R10,AAL,20010,2021-12-17,0.026029
21020,02376R10,AAL,20010,2021-12-20,0.020649
21020,02376R10,AAL,20010,2021-12-21,0.047399
21020,02376R10,AAL,20010,2021-12-22,0.007726
21020,02376R10,AAL,20010,2021-12-23,0.000000
21020,02376R10,AAL,20010,2021-12-27,-0.004929
21020,02376R10,AAL,20010,2021-12-28,0.020363
21020,02376R10,AAL,20010,2021-12-29,-0.026429
21020,02376R10,AAL,20010,2021-12-30,0.001108
21020,02376R10,AAL,20010,2021-12-31,-0.006087
21020,02376R10,AAL,20010,2022-01-03,0.043987
21020,02376R10,AAL,20010,2022-01-04,0.014400
21020,02376R10,AAL,20010,2022-01-05,-0.017876
21020,02376R10,AAL,20010,2022-01-06,-0.005889
21020,02376R10,AAL,20010,2022-01-07,0.038234
21020,02376R10,AAL,20010,2022-01-10,-0.025415
21020,02376R10,AAL,20010,2022-01-11,0.012241
21020,02376R10,AAL,20010,2022-01-12,-0.027340
21020,02376R10,AAL,20010,2022-01-13,0.045405
21020,02376R10,AAL,20010,2022-01-14,-0.043950
21020,02376R10,AAL,20010,2022-01-18,-0.031909
21020,02376R10,AAL,20010,2022-01-19,-0.032961
21020,02376R10,AAL,20010,2022-01-20,-0.031774
21020,02376R10,AAL,20010,2022-01-21,-0.027446
21020,02376R10,AAL,20010,2022-01-24,0.006748
21020,02376R10,AAL,20010,2022-01-25,0.003047
21020,02376R10,AAL,20010,2022-01-26,-0.013366
21020,02376R10,AAL,20010,2022-01-27,-0.028325
21020,02376R10,AAL,20010,2022-01-28,-0.008872
21020,02376R10,AAL,20010,2022-01-31,0.053069
21020,02376R10,AAL,20010,2022-02-01,0.021858
21020,02376R10,AAL,20010,2022-02-02,0.007724
21020,02376R10,AAL,20010,2022-02-03,-0.022995
21020,02376R10,AAL,20010,2022-02-04,-0.007242
21020,02376R10,AAL,20010,2022-02-07,0.050456
21020,02376R10,AAL,20010,2022-02-08,0.056713
21020,02376R10,AAL,20010,2022-02-09,0.027382
21020,02376R10,AAL,20010,2022-02-10,-0.002665
21020,02376R10,AAL,20010,2022-02-11,-0.058792
21020,02376R10,AAL,20010,2022-02-14,-0.010221
21020,02376R10,AAL,20010,2022-02-15,0.080895
21020,02376R10,AAL,20010,2022-02-16,-0.001062
21020,02376R10,AAL,20010,2022-02-17,-0.031881
21020,02376R10,AAL,20010,2022-02-18,-0.019210
21020,02376R10,AAL,20010,2022-02-22,-0.024622
21020,02376R10,AAL,20010,2022-02-23,-0.045324
21020,02376R10,AAL,20010,2022-02-24,0.019231
21020,02376R10,AAL,20010,2022-02-25,0.029481
21020,02376R10,AAL,20010,2022-02-28,-0.012027
21020,02376R10,AAL,20010,2022-03-01,-0.055652
21020,02376R10,AAL,20010,2022-03-02,0.004911
21020,02376R10,AAL,20010,2022-03-03,-0.040318
21020,02376R10,AAL,20010,2022-03-04,-0.071292
21020,02376R10,AAL,20010,2022-03-07,-0.119945
21020,02376R10,AAL,20010,2022-03-08,0.052181
21020,02376R10,AAL,20010,2022-03-09,0.058475
21020,02376R10,AAL,20010,2022-03-10,-0.006993
21020,02376R10,AAL,20010,2022-03-11,-0.012676
21020,02376R10,AAL,20010,2022-03-14,0.016405
21020,02376R10,AAL,20010,2022-03-15,0.092632
21020,02376R10,AAL,20010,2022-03-16,0.057803
21020,02376R10,AAL,20010,2022-03-17,0.004857
21020,02376R10,AAL,20010,2022-03-18,0.012085
21020,02376R10,AAL,20010,2022-03-21,-0.039403
21020,02376R10,AAL,20010,2022-03-22,0.029211
21020,02376R10,AAL,20010,2022-03-23,-0.021135
21020,02376R10,AAL,20010,2022-03-24,0.031462
21020,02376R10,AAL,20010,2022-03-25,0.017344
21020,02376R10,AAL,20010,2022-03-28,0.017049
21020,02376R10,AAL,20010,2022-03-29,0.049711
21020,02376R10,AAL,20010,2022-03-30,-0.006057
21020,02376R10,AAL,20010,2022-03-31,0.011080
21020,02376R10,AAL,20010,2022-04-01,-0.000548
21020,02376R10,AAL,20010,2022-04-04,-0.000548
21020,02376R10,AAL,20010,2022-04-05,-0.021393
21020,02376R10,AAL,20010,2022-04-06,-0.025785
21020,02376R10,AAL,20010,2022-04-07,-0.024741
21020,02376R10,AAL,20010,2022-04-08,-0.021239
21020,02376R10,AAL,20010,2022-04-11,0.022905
21020,02376R10,AAL,20010,2022-04-12,0.009428
21020,02376R10,AAL,20010,2022-04-13,0.106246
21020,02376R10,AAL,20010,2022-04-14,0.002639
21020,02376R10,AAL,20010,2022-04-18,-0.024211
21020,02376R10,AAL,20010,2022-04-19,0.056634
21020,02376R10,AAL,20010,2022-04-20,-0.005615
21020,02376R10,AAL,20010,2022-04-21,0.037988
21020,02376R10,AAL,20010,2022-04-22,-0.001978
21020,02376R10,AAL,20010,2022-04-25,-0.009911
21020,02376R10,AAL,20010,2022-04-26,-0.060561
21020,02376R10,AAL,20010,2022-04-27,0.010655
21020,02376R10,AAL,20010,2022-04-28,0.024249
21020,02376R10,AAL,20010,2022-04-29,-0.033968
21020,02376R10,AAL,20010,2022-05-02,-0.011188
21020,02376R10,AAL,20010,2022-05-03,0.030711
21020,02376R10,AAL,20010,2022-05-04,0.025614
21020,02376R10,AAL,20010,2022-05-05,-0.055046
21020,02376R10,AAL,20010,2022-05-06,-0.037756
21020,02376R10,AAL,20010,2022-05-09,-0.085202
21020,02376R10,AAL,20010,2022-05-10,0.015319
21020,02376R10,AAL,20010,2022-05-11,-0.036210
21020,02376R10,AAL,20010,2022-05-12,-0.030056
21020,02376R10,AAL,20010,2022-05-13,0.070368
21020,02376R10,AAL,20010,2022-05-16,-0.001809
21020,02376R10,AAL,20010,2022-05-17,0.076737
21020,02376R10,AAL,20010,2022-05-18,-0.052189
21020,02376R10,AAL,20010,2022-05-19,-0.008289
21020,02376R10,AAL,20010,2022-05-20,-0.029254
21020,02376R10,AAL,20010,2022-05-23,0.030135
21020,02376R10,AAL,20010,2022-05-24,-0.074627
21020,02376R10,AAL,20010,2022-05-25,0.040645
21020,02376R10,AAL,20010,2022-05-26,0.068816
21020,02376R10,AAL,20010,2022-05-27,0.051624
21020,02376R10,AAL,20010,2022-05-31,-0.014341
21020,02376R10,AAL,20010,2022-06-01,-0.032457
21020,02376R10,AAL,20010,2022-06-02,0.009832
21020,02376R10,AAL,20010,2022-06-03,-0.071019
21020,02376R10,AAL,20010,2022-06-06,0.004932
21020,02376R10,AAL,20010,2022-06-07,0.023926
21020,02376R10,AAL,20010,2022-06-08,-0.032355
21020,02376R10,AAL,20010,2022-06-09,-0.042105
21020,02376R10,AAL,20010,2022-06-10,-0.049127
21020,02376R10,AAL,20010,2022-06-13,-0.094494
21020,02376R10,AAL,20010,2022-06-14,-0.027778
21020,02376R10,AAL,20010,2022-06-15,0.027799
21020,02376R10,AAL,20010,2022-06-16,-0.086401
21020,02376R10,AAL,20010,2022-06-17,0.064145
21020,02376R10,AAL,20010,2022-06-21,0.007728
21020,02376R10,AAL,20010,2022-06-22,0.004601
21020,02376R10,AAL,20010,2022-06-23,-0.009160
21020,02376R10,AAL,20010,2022-06-24,0.070878
21020,02376R10,AAL,20010,2022-06-27,-0.024460
21020,02376R10,AAL,20010,2022-06-28,-0.004425
21020,02376R10,AAL,20010,2022-06-29,-0.034815
21020,02376R10,AAL,20010,2022-06-30,-0.026861
21020,02376R10,AAL,20010,2022-07-01,0.035489
21020,02376R10,AAL,20010,2022-07-05,0.057121
21020,02376R10,AAL,20010,2022-07-06,0.000720
21020,02376R10,AAL,20010,2022-07-07,0.015119
21020,02376R10,AAL,20010,2022-07-08,-0.009220
21020,02376R10,AAL,20010,2022-07-11,-0.038654
21020,02376R10,AAL,20010,2022-07-12,0.099777
21020,02376R10,AAL,20010,2022-07-13,-0.031144
21020,02376R10,AAL,20010,2022-07-14,-0.004193
21020,02376R10,AAL,20010,2022-07-15,0.015439
21020,02376R10,AAL,20010,2022-07-18,0.004838
21020,02376R10,AAL,20010,2022-07-19,0.042641
21020,02376R10,AAL,20010,2022-07-20,0.003298
21020,02376R10,AAL,20010,2022-07-21,-0.074293
21020,02376R10,AAL,20010,2022-07-22,-0.028409
21020,02376R10,AAL,20010,2022-07-25,0.005117
21020,02376R10,AAL,20010,2022-07-26,-0.023273
21020,02376R10,AAL,20010,2022-07-27,0.040208
21020,02376R10,AAL,20010,2022-07-28,-0.015032
21020,02376R10,AAL,20010,2022-07-29,-0.003634
21020,02376R10,AAL,20010,2022-08-01,0.041575
21020,02376R10,AAL,20010,2022-08-02,-0.015406
21020,02376R10,AAL,20010,2022-08-03,0.040541
21020,02376R10,AAL,20010,2022-08-04,0.015721
21020,02376R10,AAL,20010,2022-08-05,-0.008075
21020,02376R10,AAL,20010,2022-08-08,0.018996
21020,02376R10,AAL,20010,2022-08-09,-0.026631
21020,02376R10,AAL,20010,2022-08-10,0.030780
21020,02376R10,AAL,20010,2022-08-11,-0.005309
21020,02376R10,AAL,20010,2022-08-12,0.017345
21020,02376R10,AAL,20010,2022-08-15,0.005246
21020,02376R10,AAL,20010,2022-08-16,0.011089
21020,02376R10,AAL,20010,2022-08-17,-0.034839
21020,02376R10,AAL,20010,2022-08-18,-0.008021
21020,02376R10,AAL,20010,2022-08-19,-0.045148
21020,02376R10,AAL,20010,2022-08-22,-0.032463
21020,02376R10,AAL,20010,2022-08-23,0.008023
21020,02376R10,AAL,20010,2022-08-24,0.012301
21020,02376R10,AAL,20010,2022-08-25,0.030736
21020,02376R10,AAL,20010,2022-08-26,-0.047157
21020,02376R10,AAL,20010,2022-08-29,-0.016739
21020,02376R10,AAL,20010,2022-08-30,-0.013323
21020,02376R10,AAL,20010,2022-08-31,-0.025506
21020,02376R10,AAL,20010,2022-09-01,-0.004619
21020,02376R10,AAL,20010,2022-09-02,0.004640
21020,02376R10,AAL,20010,2022-09-06,0.017706
21020,02376R10,AAL,20010,2022-09-07,0.050681
21020,02376R10,AAL,20010,2022-09-08,0.005040
21020,02376R10,AAL,20010,2022-09-09,0.016476
21020,02376R10,AAL,20010,2022-09-12,0.019732
21020,02376R10,AAL,20010,2022-09-13,-0.054596
21020,02376R10,AAL,20010,2022-09-14,0.025585
21020,02376R10,AAL,20010,2022-09-15,0.017106
21020,02376R10,AAL,20010,2022-09-16,-0.036440
21020,02376R10,AAL,20010,2022-09-19,0.033455
21020,02376R10,AAL,20010,2022-09-20,-0.016890
21020,02376R10,AAL,20010,2022-09-21,-0.052971
21020,02376R10,AAL,20010,2022-09-22,-0.039305
21020,02376R10,AAL,20010,2022-09-23,-0.039339
21020,02376R10,AAL,20010,2022-09-26,-0.028665
21020,02376R10,AAL,20010,2022-09-27,0.034570
21020,02376R10,AAL,20010,2022-09-28,0.039120
21020,02376R10,AAL,20010,2022-09-29,-0.039216
21020,02376R10,AAL,20010,2022-09-30,-0.017143
21020,02376R10,AAL,20010,2022-10-03,-0.009967
21020,02376R10,AAL,20010,2022-10-04,0.086409
21020,02376R10,AAL,20010,2022-10-05,-0.006178
21020,02376R10,AAL,20010,2022-10-06,-0.010878
21020,02376R10,AAL,20010,2022-10-07,-0.043205
21020,02376R10,AAL,20010,2022-10-10,-0.010673
21020,02376R10,AAL,20010,2022-10-11,0.017427
21020,02376R10,AAL,20010,2022-10-12,0.035889
21020,02376R10,AAL,20010,2022-10-13,0.027559
21020,02376R10,AAL,20010,2022-10-14,0.004598
21020,02376R10,AAL,20010,2022-10-17,0.006865
21020,02376R10,AAL,20010,2022-10-18,0.037879
21020,02376R10,AAL,20010,2022-10-19,0.021168
21020,02376R10,AAL,20010,2022-10-20,-0.037884
21020,02376R10,AAL,20010,2022-10-21,0.018574
21020,02376R10,AAL,20010,2022-10-24,0.028446
21020,02376R10,AAL,20010,2022-10-25,0.013475
21020,02376R10,AAL,20010,2022-10-26,-0.020294
21020,02376R10,AAL,20010,2022-10-27,-0.002143
21020,02376R10,AAL,20010,2022-10-28,0.002147
21020,02376R10,AAL,20010,2022-10-31,0.012857
21020,02376R10,AAL,20010,2022-11-01,-0.004937
21020,02376R10,AAL,20010,2022-11-02,-0.037562
21020,02376R10,AAL,20010,2022-11-03,0.011046
21020,02376R10,AAL,20010,2022-11-04,0.027677
21020,02376R10,AAL,20010,2022-11-07,0.014883
21020,02376R10,AAL,20010,2022-11-08,-0.004888
21020,02376R10,AAL,20010,2022-11-09,-0.018947
21020,02376R10,AAL,20010,2022-11-10,0.067954
21020,02376R10,AAL,20010,2022-11-11,-0.003349
21020,02376R10,AAL,20010,2022-11-14,-0.013441
21020,02376R10,AAL,20010,2022-11-15,-0.004768
21020,02376R10,AAL,20010,2022-11-16,-0.035592
21020,02376R10,AAL,20010,2022-11-17,-0.009936
21020,02376R10,AAL,20010,2022-11-18,0.007168
21020,02376R10,AAL,20010,2022-11-21,-0.014235
21020,02376R10,AAL,20010,2022-11-22,0.009386
21020,02376R10,AAL,20010,2022-11-23,0.031474
21020,02376R10,AAL,20010,2022-11-25,0.005548
21020,02376R10,AAL,20010,2022-11-28,-0.046207
21020,02376R10,AAL,20010,2022-11-29,0.022415
21020,02376R10,AAL,20010,2022-11-30,0.020509
21020,02376R10,AAL,20010,2022-12-01,-0.031185
21020,02376R10,AAL,20010,2022-12-02,-0.000715
21020,02376R10,AAL,20010,2022-12-05,0.010021
21020,02376R10,AAL,20010,2022-12-06,0.015592
21020,02376R10,AAL,20010,2022-12-07,-0.054431
21020,02376R10,AAL,20010,2022-12-08,0.003690
21020,02376R10,AAL,20010,2022-12-09,-0.005147
21020,02376R10,AAL,20010,2022-12-12,0.049520
21020,02376R10,AAL,20010,2022-12-13,-0.052113
21020,02376R10,AAL,20010,2022-12-14,-0.008172
21020,02376R10,AAL,20010,2022-12-15,-0.031461
21020,02376R10,AAL,20010,2022-12-16,-0.009281
21020,02376R10,AAL,20010,2022-12-19,-0.025761
21020,02376R10,AAL,20010,2022-12-20,0.004006
21020,02376R10,AAL,20010,2022-12-21,0.039904
21020,02376R10,AAL,20010,2022-12-22,-0.036071
21020,02376R10,AAL,20010,2022-12-23,0.011943
21020,02376R10,AAL,20010,2022-12-27,-0.014162
21020,02376R10,AAL,20010,2022-12-28,-0.016760
21020,02376R10,AAL,20010,2022-12-29,0.030844
21020,02376R10,AAL,20010,2022-12-30,0.001575
21936,71708110,PFE,21394,2018-01-02,0.006074
21936,71708110,PFE,21394,2018-01-03,0.007409
21936,71708110,PFE,21394,2018-01-04,0.002179
21936,71708110,PFE,21394,2018-01-05,0.001903
21936,71708110,PFE,21394,2018-01-08,-0.011123
21936,71708110,PFE,21394,2018-01-09,-0.001097
21936,71708110,PFE,21394,2018-01-10,0.001648
21936,71708110,PFE,21394,2018-01-11,0.002468
21936,71708110,PFE,21394,2018-01-12,-0.000547
21936,71708110,PFE,21394,2018-01-16,0.001642
21936,71708110,PFE,21394,2018-01-17,0.015847
21936,71708110,PFE,21394,2018-01-18,-0.005110
21936,71708110,PFE,21394,2018-01-19,-0.001352
21936,71708110,PFE,21394,2018-01-22,-0.000271
21936,71708110,PFE,21394,2018-01-23,-0.002979
21936,71708110,PFE,21394,2018-01-24,0.002988
21936,71708110,PFE,21394,2018-01-25,0.008123
21936,71708110,PFE,21394,2018-01-26,0.047811
21936,71708110,PFE,21394,2018-01-29,0.000256
21936,71708110,PFE,21394,2018-01-30,-0.031266
21936,71708110,PFE,21394,2018-01-31,-0.020106
21936,71708110,PFE,21394,2018-02-01,0.003510
21936,71708110,PFE,21394,2018-02-02,-0.005973
21936,71708110,PFE,21394,2018-02-05,-0.052991
21936,71708110,PFE,21394,2018-02-06,0.017594
21936,71708110,PFE,21394,2018-02-07,-0.008503
21936,71708110,PFE,21394,2018-02-08,-0.038593
21936,71708110,PFE,21394,2018-02-09,0.015760
21936,71708110,PFE,21394,2018-02-12,0.014637
21936,71708110,PFE,21394,2018-02-13,0.008078
21936,71708110,PFE,21394,2018-02-14,0.007155
21936,71708110,PFE,21394,2018-02-15,0.014777
21936,71708110,PFE,21394,2018-02-16,0.015402
21936,71708110,PFE,21394,2018-02-20,-0.006895
21936,71708110,PFE,21394,2018-02-21,-0.006943
21936,71708110,PFE,21394,2018-02-22,-0.000559
21936,71708110,PFE,21394,2018-02-23,0.014550
21936,71708110,PFE,21394,2018-02-26,0.022890
21936,71708110,PFE,21394,2018-02-27,-0.007819
21936,71708110,PFE,21394,2018-02-28,-0.013315
21936,71708110,PFE,21394,2018-03-01,-0.018728
21936,71708110,PFE,21394,2018-03-02,0.008981
21936,71708110,PFE,21394,2018-03-05,0.004729
21936,71708110,PFE,21394,2018-03-06,-0.006645
21936,71708110,PFE,21394,2018-03-07,0.001394
21936,71708110,PFE,21394,2018-03-08,0.015864
21936,71708110,PFE,21394,2018-03-09,0.007397
21936,71708110,PFE,21394,2018-03-12,-0.004351
21936,71708110,PFE,21394,2018-03-13,0.003824
21936,71708110,PFE,21394,2018-03-14,-0.010884
21936,71708110,PFE,21394,2018-03-15,0.006327
21936,71708110,PFE,21394,2018-03-16,0.005467
21936,71708110,PFE,21394,2018-03-19,-0.012235
21936,71708110,PFE,21394,2018-03-20,0.000000
21936,71708110,PFE,21394,2018-03-21,-0.001652
21936,71708110,PFE,21394,2018-03-22,-0.018473
21936,71708110,PFE,21394,2018-03-23,-0.031180
21936,71708110,PFE,21394,2018-03-26,0.015947
21936,71708110,PFE,21394,2018-03-27,-0.000856
21936,71708110,PFE,21394,2018-03-28,0.008283
21936,71708110,PFE,21394,2018-03-29,0.005382
21936,71708110,PFE,21394,2018-04-02,-0.012398
21936,71708110,PFE,21394,2018-04-03,0.017974
21936,71708110,PFE,21394,2018-04-04,0.012612
21936,71708110,PFE,21394,2018-04-05,-0.011071
21936,71708110,PFE,21394,2018-04-06,-0.015673
21936,71708110,PFE,21394,2018-04-09,0.008246
21936,71708110,PFE,21394,2018-04-10,0.013818
21936,71708110,PFE,21394,2018-04-11,-0.004451
21936,71708110,PFE,21394,2018-04-12,0.014809
21936,71708110,PFE,21394,2018-04-13,0.000000
21936,71708110,PFE,21394,2018-04-16,0.005782
21936,71708110,PFE,21394,2018-04-17,-0.005475
21936,71708110,PFE,21394,2018-04-18,0.004404
21936,71708110,PFE,21394,2018-04-19,0.001096
21936,71708110,PFE,21394,2018-04-20,0.002737
21936,71708110,PFE,21394,2018-04-23,0.004641
21936,71708110,PFE,21394,2018-04-24,0.007065
21936,71708110,PFE,21394,2018-04-25,-0.010254
21936,71708110,PFE,21394,2018-04-26,0.004635
21936,71708110,PFE,21394,2018-04-27,0.004071
21936,71708110,PFE,21394,2018-04-30,-0.010541
21936,71708110,PFE,21394,2018-05-01,-0.033051
21936,71708110,PFE,21394,2018-05-02,-0.014407
21936,71708110,PFE,21394,2018-05-03,-0.003726
21936,71708110,PFE,21394,2018-05-04,0.002301
21936,71708110,PFE,21394,2018-05-07,0.002583
21936,71708110,PFE,21394,2018-05-08,0.001431
21936,71708110,PFE,21394,2018-05-09,0.005432
21936,71708110,PFE,21394,2018-05-10,0.005971
21936,71708110,PFE,21394,2018-05-11,0.013128
21936,71708110,PFE,21394,2018-05-14,0.010141
21936,71708110,PFE,21394,2018-05-15,-0.004741
21936,71708110,PFE,21394,2018-05-16,-0.000280
21936,71708110,PFE,21394,2018-05-17,0.000841
21936,71708110,PFE,21394,2018-05-18,-0.001960
21936,71708110,PFE,21394,2018-05-21,0.004489
21936,71708110,PFE,21394,2018-05-22,-0.002235
21936,71708110,PFE,21394,2018-05-23,0.006999
21936,71708110,PFE,21394,2018-05-24,-0.002224
21936,71708110,PFE,21394,2018-05-25,-0.005851
21936,71708110,PFE,21394,2018-05-29,0.000561
21936,71708110,PFE,21394,2018-05-30,0.009804
21936,71708110,PFE,21394,2018-05-31,-0.003329
21936,71708110,PFE,21394,2018-06-01,0.008906
21936,71708110,PFE,21394,2018-06-04,0.005517
21936,71708110,PFE,21394,2018-06-05,-0.000274
21936,71708110,PFE,21394,2018-06-06,-0.001647
21936,71708110,PFE,21394,2018-06-07,0.003024
21936,71708110,PFE,21394,2018-06-08,0.004933
21936,71708110,PFE,21394,2018-06-11,-0.010090
21936,71708110,PFE,21394,2018-06-12,0.000000
21936,71708110,PFE,21394,2018-06-13,-0.002204
21936,71708110,PFE,21394,2018-06-14,-0.001657
21936,71708110,PFE,21394,2018-06-15,0.005531
21936,71708110,PFE,21394,2018-06-18,-0.005501
21936,71708110,PFE,21394,2018-06-19,0.001659
21936,71708110,PFE,21394,2018-06-20,0.006626
21936,71708110,PFE,21394,2018-06-21,-0.004388
21936,71708110,PFE,21394,2018-06-22,0.005785
21936,71708110,PFE,21394,2018-06-25,-0.003561
21936,71708110,PFE,21394,2018-06-26,0.000000
21936,71708110,PFE,21394,2018-06-27,-0.004673
21936,71708110,PFE,21394,2018-06-28,0.004143
21936,71708110,PFE,21394,2018-06-29,-0.002200
21936,71708110,PFE,21394,2018-07-02,0.001378
21936,71708110,PFE,21394,2018-07-03,0.000551
21936,71708110,PFE,21394,2018-07-05,0.014305
21936,71708110,PFE,21394,2018-07-06,0.006509
21936,71708110,PFE,21394,2018-07-09,0.001347
21936,71708110,PFE,21394,2018-07-10,0.007266
21936,71708110,PFE,21394,2018-07-11,-0.005878
21936,71708110,PFE,21394,2018-07-12,0.008331
21936,71708110,PFE,21394,2018-07-13,0.000267
21936,71708110,PFE,21394,2018-07-16,-0.003997
21936,71708110,PFE,21394,2018-07-17,0.007223
21936,71708110,PFE,21394,2018-07-18,0.000266
21936,71708110,PFE,21394,2018-07-19,-0.007966
21936,71708110,PFE,21394,2018-07-20,-0.000803
21936,71708110,PFE,21394,2018-07-23,-0.003215
21936,71708110,PFE,21394,2018-07-24,0.013169
21936,71708110,PFE,21394,2018-07-25,0.007692
21936,71708110,PFE,21394,2018-07-26,0.004475
21936,71708110,PFE,21394,2018-07-27,0.006551
21936,71708110,PFE,21394,2018-07-30,0.004686
21936,71708110,PFE,21394,2018-07-31,0.034724
21936,71708110,PFE,21394,2018-08-01,0.008515
21936,71708110,PFE,21394,2018-08-02,-0.006953
21936,71708110,PFE,21394,2018-08-03,0.022446
21936,71708110,PFE,21394,2018-08-06,0.012333
21936,71708110,PFE,21394,2018-08-07,-0.004873
21936,71708110,PFE,21394,2018-08-08,0.013957
21936,71708110,PFE,21394,2018-08-09,-0.009901
21936,71708110,PFE,21394,2018-08-10,-0.001707
21936,71708110,PFE,21394,2018-08-13,-0.002932
21936,71708110,PFE,21394,2018-08-14,-0.002450
21936,71708110,PFE,21394,2018-08-15,0.011054
21936,71708110,PFE,21394,2018-08-16,0.006317
21936,71708110,PFE,21394,2018-08-17,0.016176
21936,71708110,PFE,21394,2018-08-20,0.005702
21936,71708110,PFE,21394,2018-08-21,-0.004016
21936,71708110,PFE,21394,2018-08-22,-0.002135
21936,71708110,PFE,21394,2018-08-23,0.003090
21936,71708110,PFE,21394,2018-08-24,0.004739
21936,71708110,PFE,21394,2018-08-27,-0.019340
21936,71708110,PFE,21394,2018-08-28,-0.001924
21936,71708110,PFE,21394,2018-08-29,0.000000
21936,71708110,PFE,21394,2018-08-30,0.000000
21936,71708110,PFE,21394,2018-08-31,0.000482
21936,71708110,PFE,21394,2018-09-04,-0.003613
21936,71708110,PFE,21394,2018-09-05,0.011603
21936,71708110,PFE,21394,2018-09-06,-0.001673
21936,71708110,PFE,21394,2018-09-07,0.010053
21936,71708110,PFE,21394,2018-09-10,-0.003318
21936,71708110,PFE,21394,2018-09-11,0.005944
21936,71708110,PFE,21394,2018-09-12,0.002364
21936,71708110,PFE,21394,2018-09-13,0.010375
21936,71708110,PFE,21394,2018-09-14,0.002567
21936,71708110,PFE,21394,2018-09-17,0.001164
21936,71708110,PFE,21394,2018-09-18,0.011625
21936,71708110,PFE,21394,2018-09-19,-0.005746
21936,71708110,PFE,21394,2018-09-20,0.011327
21936,71708110,PFE,21394,2018-09-21,0.007086
21936,71708110,PFE,21394,2018-09-24,-0.002951
21936,71708110,PFE,21394,2018-09-25,-0.003187
21936,71708110,PFE,21394,2018-09-26,-0.002512
21936,71708110,PFE,21394,2018-09-27,0.005037
21936,71708110,PFE,21394,2018-09-28,0.003872
21936,71708110,PFE,21394,2018-10-01,0.004538
21936,71708110,PFE,21394,2018-10-02,-0.001129
21936,71708110,PFE,21394,2018-10-03,0.013342
21936,71708110,PFE,21394,2018-10-04,-0.002455
21936,71708110,PFE,21394,2018-10-05,0.004698
21936,71708110,PFE,21394,2018-10-08,0.008239
21936,71708110,PFE,21394,2018-10-09,0.004196
21936,71708110,PFE,21394,2018-10-10,-0.021113
21936,71708110,PFE,21394,2018-10-11,-0.038194
21936,71708110,PFE,21394,2018-10-12,0.022658
21936,71708110,PFE,21394,2018-10-15,-0.015075
21936,71708110,PFE,21394,2018-10-16,0.018785
21936,71708110,PFE,21394,2018-10-17,0.014569
21936,71708110,PFE,21394,2018-10-18,-0.012789
21936,71708110,PFE,21394,2018-10-19,0.011364
21936,71708110,PFE,21394,2018-10-22,-0.002921
21936,71708110,PFE,21394,2018-10-23,-0.006085
21936,71708110,PFE,21394,2018-10-24,-0.036735
21936,71708110,PFE,21394,2018-10-25,0.021893
21936,71708110,PFE,21394,2018-10-26,-0.018659
21936,71708110,PFE,21394,2018-10-29,0.014789
21936,71708110,PFE,21394,2018-10-30,-0.007865
21936,71708110,PFE,21394,2018-10-31,0.003964
21936,71708110,PFE,21394,2018-11-01,0.014166
21936,71708110,PFE,21394,2018-11-02,-0.016945
21936,71708110,PFE,21394,2018-11-05,0.013743
21936,71708110,PFE,21394,2018-11-06,-0.011719
21936,71708110,PFE,21394,2018-11-07,0.032318
21936,71708110,PFE,21394,2018-11-08,-0.004730
21936,71708110,PFE,21394,2018-11-09,0.009806
21936,71708110,PFE,21394,2018-11-12,-0.003839
21936,71708110,PFE,21394,2018-11-13,-0.013376
21936,71708110,PFE,21394,2018-11-14,-0.014017
21936,71708110,PFE,21394,2018-11-15,0.006991
21936,71708110,PFE,21394,2018-11-16,0.006943
21936,71708110,PFE,21394,2018-11-19,0.015399
21936,71708110,PFE,21394,2018-11-20,-0.014713
21936,71708110,PFE,21394,2018-11-21,-0.009878
21936,71708110,PFE,21394,2018-11-23,0.000928
21936,71708110,PFE,21394,2018-11-26,0.004636
21936,71708110,PFE,21394,2018-11-27,0.016844
21936,71708110,PFE,21394,2018-11-28,0.018834
21936,71708110,PFE,21394,2018-11-29,0.013586
21936,71708110,PFE,21394,2018-11-30,0.015821
21936,71708110,PFE,21394,2018-12-03,-0.005191
21936,71708110,PFE,21394,2018-12-04,-0.018482
21936,71708110,PFE,21394,2018-12-06,-0.003545
21936,71708110,PFE,21394,2018-12-07,-0.023566
21936,71708110,PFE,21394,2018-12-10,0.010929
21936,71708110,PFE,21394,2018-12-11,-0.008784
21936,71708110,PFE,21394,2018-12-12,0.003408
21936,71708110,PFE,21394,2018-12-13,0.009284
21936,71708110,PFE,21394,2018-12-14,-0.017276
21936,71708110,PFE,21394,2018-12-17,-0.015753
21936,71708110,PFE,21394,2018-12-18,-0.016469
21936,71708110,PFE,21394,2018-12-19,-0.010142
21936,71708110,PFE,21394,2018-12-20,-0.000477
21936,71708110,PFE,21394,2018-12-21,-0.000477
21936,71708110,PFE,21394,2018-12-24,-0.032912
21936,71708110,PFE,21394,2018-12-26,0.040444
21936,71708110,PFE,21394,2018-12-27,0.015644
21936,71708110,PFE,21394,2018-12-28,0.002567
21936,71708110,PFE,21394,2018-12-31,0.016061
21936,71708110,PFE,21394,2019-01-02,-0.009164
21936,71708110,PFE,21394,2019-01-03,-0.027977
21936,71708110,PFE,21394,2019-01-04,0.022835
21936,71708110,PFE,21394,2019-01-07,0.005349
21936,71708110,PFE,21394,2019-01-08,0.004626
21936,71708110,PFE,21394,2019-01-09,-0.002072
21936,71708110,PFE,21394,2019-01-10,-0.023766
21936,71708110,PFE,21394,2019-01-11,0.013472
21936,71708110,PFE,21394,2019-01-14,-0.011894
21936,71708110,PFE,21394,2019-01-15,0.008497
21936,71708110,PFE,21394,2019-01-16,-0.014510
21936,71708110,PFE,21394,2019-01-17,0.008549
21936,71708110,PFE,21394,2019-01-18,0.001413
21936,71708110,PFE,21394,2019-01-22,-0.006113
21936,71708110,PFE,21394,2019-01-23,-0.002602
21936,71708110,PFE,21394,2019-01-24,-0.028700
21936,71708110,PFE,21394,2019-01-25,-0.007570
21936,71708110,PFE,21394,2019-01-28,-0.027313
21936,71708110,PFE,21394,2019-01-29,0.031369
21936,71708110,PFE,21394,2019-01-30,0.019868
21936,71708110,PFE,21394,2019-01-31,0.029582
21936,71708110,PFE,21394,2019-02-01,0.010130
21936,71708110,PFE,21394,2019-02-04,-0.010261
21936,71708110,PFE,21394,2019-02-05,-0.007776
21936,71708110,PFE,21394,2019-02-06,0.005224
21936,71708110,PFE,21394,2019-02-07,-0.014883
21936,71708110,PFE,21394,2019-02-08,0.012710
21936,71708110,PFE,21394,2019-02-11,-0.013024
21936,71708110,PFE,21394,2019-02-12,0.004559
21936,71708110,PFE,21394,2019-02-13,-0.004060
21936,71708110,PFE,21394,2019-02-14,0.006475
21936,71708110,PFE,21394,2019-02-15,0.010245
21936,71708110,PFE,21394,2019-02-19,0.004717
21936,71708110,PFE,21394,2019-02-20,-0.009390
21936,71708110,PFE,21394,2019-02-21,-0.001422
21936,71708110,PFE,21394,2019-02-22,0.019459
21936,71708110,PFE,21394,2019-02-25,0.002793
21936,71708110,PFE,21394,2019-02-26,-0.001393
21936,71708110,PFE,21394,2019-02-27,-0.002092
21936,71708110,PFE,21394,2019-02-28,0.009783
21936,71708110,PFE,21394,2019-03-01,0.000231
21936,71708110,PFE,21394,2019-03-04,-0.006688
21936,71708110,PFE,21394,2019-03-05,-0.004179
21936,71708110,PFE,21394,2019-03-06,-0.024015
21936,71708110,PFE,21394,2019-03-07,-0.011228
21936,71708110,PFE,21394,2019-03-08,-0.012080
21936,71708110,PFE,21394,2019-03-11,0.014918
21936,71708110,PFE,21394,2019-03-12,0.005542
21936,71708110,PFE,21394,2019-03-13,0.006710
21936,71708110,PFE,21394,2019-03-14,-0.019519
21936,71708110,PFE,21394,2019-03-15,0.014324
21936,71708110,PFE,21394,2019-03-18,0.000718
21936,71708110,PFE,21394,2019-03-19,0.011720
21936,71708110,PFE,21394,2019-03-20,-0.003073
21936,71708110,PFE,21394,2019-03-21,0.004268
21936,71708110,PFE,21394,2019-03-22,-0.011806
21936,71708110,PFE,21394,2019-03-25,0.000956
21936,71708110,PFE,21394,2019-03-26,0.012652
21936,71708110,PFE,21394,2019-03-27,-0.009430
21936,71708110,PFE,21394,2019-03-28,0.006426
21936,71708110,PFE,21394,2019-03-29,0.004256
21936,71708110,PFE,21394,2019-04-01,0.008712
21936,71708110,PFE,21394,2019-04-02,0.001634
21936,71708110,PFE,21394,2019-04-03,-0.001631
21936,71708110,PFE,21394,2019-04-04,-0.002334
21936,71708110,PFE,21394,2019-04-05,0.005849
21936,71708110,PFE,21394,2019-04-08,0.003489
21936,71708110,PFE,21394,2019-04-09,-0.006954
21936,71708110,PFE,21394,2019-04-10,-0.002568
21936,71708110,PFE,21394,2019-04-11,-0.010765
21936,71708110,PFE,21394,2019-04-12,-0.013248
21936,71708110,PFE,21394,2019-04-15,0.009111
21936,71708110,PFE,21394,2019-04-16,-0.027798
21936,71708110,PFE,21394,2019-04-17,-0.025415
21936,71708110,PFE,21394,2019-04-18,-0.012538
21936,71708110,PFE,21394,2019-04-22,-0.010157
21936,71708110,PFE,21394,2019-04-23,0.011288
21936,71708110,PFE,21394,2019-04-24,-0.001268
21936,71708110,PFE,21394,2019-04-25,0.006096
21936,71708110,PFE,21394,2019-04-26,0.009089
21936,71708110,PFE,21394,2019-04-29,-0.009507
21936,71708110,PFE,21394,2019-04-30,0.025764
21936,71708110,PFE,21394,2019-05-01,0.003940
21936,71708110,PFE,21394,2019-05-02,0.005887
21936,71708110,PFE,21394,2019-05-03,0.009266
21936,71708110,PFE,21394,2019-05-06,0.006282
21936,71708110,PFE,21394,2019-05-07,-0.019688
21936,71708110,PFE,21394,2019-05-08,0.002939
21936,71708110,PFE,21394,2019-05-09,0.001221
21936,71708110,PFE,21394,2019-05-10,0.001969
21936,71708110,PFE,21394,2019-05-13,-0.003684
21936,71708110,PFE,21394,2019-05-14,0.002218
21936,71708110,PFE,21394,2019-05-15,0.012051
21936,71708110,PFE,21394,2019-05-16,0.011908
21936,71708110,PFE,21394,2019-05-17,-0.004083
21936,71708110,PFE,21394,2019-05-20,0.002894
21936,71708110,PFE,21394,2019-05-21,0.001924
21936,71708110,PFE,21394,2019-05-22,0.007679
21936,71708110,PFE,21394,2019-05-23,-0.001667
21936,71708110,PFE,21394,2019-05-24,0.000716
21936,71708110,PFE,21394,2019-05-28,-0.001192
21936,71708110,PFE,21394,2019-05-29,-0.004296
21936,71708110,PFE,21394,2019-05-30,0.004314
21936,71708110,PFE,21394,2019-05-31,-0.009069
21936,71708110,PFE,21394,2019-06-03,0.009634
21936,71708110,PFE,21394,2019-06-04,0.007395
21936,71708110,PFE,21394,2019-06-05,0.005920
21936,71708110,PFE,21394,2019-06-06,0.005414
21936,71708110,PFE,21394,2019-06-07,0.004917
21936,71708110,PFE,21394,2019-06-10,0.003495
21936,71708110,PFE,21394,2019-06-11,-0.009287
21936,71708110,PFE,21394,2019-06-12,0.009609
21936,71708110,PFE,21394,2019-06-13,-0.013463
21936,71708110,PFE,21394,2019-06-14,0.006118
21936,71708110,PFE,21394,2019-06-17,0.002806
21936,71708110,PFE,21394,2019-06-18,0.004431
21936,71708110,PFE,21394,2019-06-19,0.009984
21936,71708110,PFE,21394,2019-06-20,0.002299
21936,71708110,PFE,21394,2019-06-21,0.001606
21936,71708110,PFE,21394,2019-06-24,0.002061
21936,71708110,PFE,21394,2019-06-25,0.000000
21936,71708110,PFE,21394,2019-06-26,-0.017596
21936,71708110,PFE,21394,2019-06-27,0.010235
21936,71708110,PFE,21394,2019-06-28,-0.002533
21936,71708110,PFE,21394,2019-07-01,0.010388
21936,71708110,PFE,21394,2019-07-02,0.010281
21936,71708110,PFE,21394,2019-07-03,0.004071
21936,71708110,PFE,21394,2019-07-05,-0.010811
21936,71708110,PFE,21394,2019-07-08,-0.014117
21936,71708110,PFE,21394,2019-07-09,0.001617
21936,71708110,PFE,21394,2019-07-10,0.015910
21936,71708110,PFE,21394,2019-07-11,-0.024512
21936,71708110,PFE,21394,2019-07-12,-0.013495
21936,71708110,PFE,21394,2019-07-15,0.008255
21936,71708110,PFE,21394,2019-07-16,0.002339
21936,71708110,PFE,21394,2019-07-17,-0.002567
21936,71708110,PFE,21394,2019-07-18,0.007487
21936,71708110,PFE,21394,2019-07-19,-0.006735
21936,71708110,PFE,21394,2019-07-22,0.001169
21936,71708110,PFE,21394,2019-07-23,0.006305
21936,71708110,PFE,21394,2019-07-24,-0.004641
21936,71708110,PFE,21394,2019-07-25,-0.005129
21936,71708110,PFE,21394,2019-07-26,0.009843
21936,71708110,PFE,21394,2019-07-29,-0.038060
21936,71708110,PFE,21394,2019-07-30,-0.064174
21936,71708110,PFE,21394,2019-07-31,0.001289
21936,71708110,PFE,21394,2019-08-01,-0.005922
21936,71708110,PFE,21394,2019-08-02,-0.006536
21936,71708110,PFE,21394,2019-08-05,-0.027368
21936,71708110,PFE,21394,2019-08-06,-0.000271
21936,71708110,PFE,21394,2019-08-07,-0.010014
21936,71708110,PFE,21394,2019-08-08,0.007928
21936,71708110,PFE,21394,2019-08-09,-0.014104
21936,71708110,PFE,21394,2019-08-12,-0.026410
21936,71708110,PFE,21394,2019-08-13,-0.005369
21936,71708110,PFE,21394,2019-08-14,-0.027273
21936,71708110,PFE,21394,2019-08-15,0.007009
21936,71708110,PFE,21394,2019-08-16,0.004930
21936,71708110,PFE,21394,2019-08-19,0.015296
21936,71708110,PFE,21394,2019-08-20,-0.016202
21936,71708110,PFE,21394,2019-08-21,0.007512
21936,71708110,PFE,21394,2019-08-22,0.006022
21936,71708110,PFE,21394,2019-08-23,-0.021095
21936,71708110,PFE,21394,2019-08-26,0.014560
21936,71708110,PFE,21394,2019-08-27,-0.014351
21936,71708110,PFE,21394,2019-08-28,0.021549
21936,71708110,PFE,21394,2019-08-29,0.007127
21936,71708110,PFE,21394,2019-08-30,0.006227
21936,71708110,PFE,21394,2019-09-03,0.016034
21936,71708110,PFE,21394,2019-09-04,-0.008029
21936,71708110,PFE,21394,2019-09-05,0.014234
21936,71708110,PFE,21394,2019-09-06,0.004403
21936,71708110,PFE,21394,2019-09-09,0.009041
21936,71708110,PFE,21394,2019-09-10,0.014933
21936,71708110,PFE,21394,2019-09-11,0.000803
21936,71708110,PFE,21394,2019-09-12,-0.003475
21936,71708110,PFE,21394,2019-09-13,-0.009925
21936,71708110,PFE,21394,2019-09-16,-0.002167
21936,71708110,PFE,21394,2019-09-17,-0.008960
21936,71708110,PFE,21394,2019-09-18,-0.003288
21936,71708110,PFE,21394,2019-09-19,0.003573
21936,71708110,PFE,21394,2019-09-20,0.004930
21936,71708110,PFE,21394,2019-09-23,-0.012265
21936,71708110,PFE,21394,2019-09-24,-0.006347
21936,71708110,PFE,21394,2019-09-25,-0.003055
21936,71708110,PFE,21394,2019-09-26,-0.003343
21936,71708110,PFE,21394,2019-09-27,0.012297
21936,71708110,PFE,21394,2019-09-30,-0.008007
21936,71708110,PFE,21394,2019-10-01,-0.013916
21936,71708110,PFE,21394,2019-10-02,-0.020604
21936,71708110,PFE,21394,2019-10-03,0.021614
21936,71708110,PFE,21394,2019-10-04,0.013540
21936,71708110,PFE,21394,2019-10-07,-0.002783
21936,71708110,PFE,21394,2019-10-08,-0.011164
21936,71708110,PFE,21394,2019-10-09,0.007338
21936,71708110,PFE,21394,2019-10-10,0.002802
21936,71708110,PFE,21394,2019-10-11,0.008941
21936,71708110,PFE,21394,2019-10-14,0.005262
21936,71708110,PFE,21394,2019-10-15,0.005510
21936,71708110,PFE,21394,2019-10-16,-0.004384
21936,71708110,PFE,21394,2019-10-17,0.003302
21936,71708110,PFE,21394,2019-10-18,0.000000
21936,71708110,PFE,21394,2019-10-21,0.000000
21936,71708110,PFE,21394,2019-10-22,-0.000823
21936,71708110,PFE,21394,2019-10-23,0.009333
21936,71708110,PFE,21394,2019-10-24,-0.010335
21936,71708110,PFE,21394,2019-10-25,0.010442
21936,71708110,PFE,21394,2019-10-28,0.013870
21936,71708110,PFE,21394,2019-10-29,0.024946
21936,71708110,PFE,21394,2019-10-30,0.007066
21936,71708110,PFE,21394,2019-10-31,-0.002859
21936,71708110,PFE,21394,2019-11-01,0.000521
21936,71708110,PFE,21394,2019-11-04,-0.009377
21936,71708110,PFE,21394,2019-11-05,-0.014462
21936,71708110,PFE,21394,2019-11-06,0.003469
21936,71708110,PFE,21394,2019-11-07,-0.009040
21936,71708110,PFE,21394,2019-11-08,0.003793
21936,71708110,PFE,21394,2019-11-11,-0.003239
21936,71708110,PFE,21394,2019-11-12,0.001083
21936,71708110,PFE,21394,2019-11-13,-0.010008
21936,71708110,PFE,21394,2019-11-14,-0.001366
21936,71708110,PFE,21394,2019-11-15,0.019973
21936,71708110,PFE,21394,2019-11-18,-0.001609
21936,71708110,PFE,21394,2019-11-19,0.011822
21936,71708110,PFE,21394,2019-11-20,-0.016198
21936,71708110,PFE,21394,2019-11-21,0.018623
21936,71708110,PFE,21394,2019-11-22,0.015633
21936,71708110,PFE,21394,2019-11-25,0.009131
21936,71708110,PFE,21394,2019-11-26,-0.010083
21936,71708110,PFE,21394,2019-11-27,0.008880
21936,71708110,PFE,21394,2019-11-29,-0.002848
21936,71708110,PFE,21394,2019-12-02,-0.005971
21936,71708110,PFE,21394,2019-12-03,-0.006268
21936,71708110,PFE,21394,2019-12-04,0.002365
21936,71708110,PFE,21394,2019-12-05,-0.002884
21936,71708110,PFE,21394,2019-12-06,0.006837
21936,71708110,PFE,21394,2019-12-09,0.000783
21936,71708110,PFE,21394,2019-12-10,0.004175
21936,71708110,PFE,21394,2019-12-11,-0.006757
21936,71708110,PFE,21394,2019-12-12,0.008373
21936,71708110,PFE,21394,2019-12-13,-0.005449
21936,71708110,PFE,21394,2019-12-16,0.021132
21936,71708110,PFE,21394,2019-12-17,-0.006132
21936,71708110,PFE,21394,2019-12-18,-0.000257
21936,71708110,PFE,21394,2019-12-19,0.002057
21936,71708110,PFE,21394,2019-12-20,0.006672
21936,71708110,PFE,21394,2019-12-23,0.002294
21936,71708110,PFE,21394,2019-12-24,-0.000763
21936,71708110,PFE,21394,2019-12-26,0.002291
21936,71708110,PFE,21394,2019-12-27,-0.001524
21936,71708110,PFE,21394,2019-12-30,-0.010427
21936,71708110,PFE,21394,2019-12-31,0.006939
21936,71708110,PFE,21394,2020-01-02,-0.001021
21936,71708110,PFE,21394,2020-01-03,-0.005365
21936,71708110,PFE,21394,2020-01-06,-0.001284
21936,71708110,PFE,21394,2020-01-07,-0.003344
21936,71708110,PFE,21394,2020-01-08,0.008000
21936,71708110,PFE,21394,2020-01-09,-0.004352
21936,71708110,PFE,21394,2020-01-10,0.015428
21936,71708110,PFE,21394,2020-01-13,-0.002026
21936,71708110,PFE,21394,2020-01-14,0.016747
21936,71708110,PFE,21394,2020-01-15,0.014974
21936,71708110,PFE,21394,2020-01-16,-0.001475
21936,71708110,PFE,21394,2020-01-17,-0.002462
21936,71708110,PFE,21394,2020-01-21,-0.004196
21936,71708110,PFE,21394,2020-01-22,-0.003718
21936,71708110,PFE,21394,2020-01-23,0.012939
21936,71708110,PFE,21394,2020-01-24,-0.021862
21936,71708110,PFE,21394,2020-01-27,0.008538
21936,71708110,PFE,21394,2020-01-28,-0.050299
21936,71708110,PFE,21394,2020-01-29,-0.014683
21936,71708110,PFE,21394,2020-01-30,-0.003459
21936,71708110,PFE,21394,2020-01-31,0.004586
21936,71708110,PFE,21394,2020-02-03,0.007250
21936,71708110,PFE,21394,2020-02-04,0.004799
21936,71708110,PFE,21394,2020-02-05,0.012735
21936,71708110,PFE,21394,2020-02-06,0.002358
21936,71708110,PFE,21394,2020-02-07,-0.005489
21936,71708110,PFE,21394,2020-02-10,-0.006307
21936,71708110,PFE,21394,2020-02-11,0.007405
21936,71708110,PFE,21394,2020-02-12,-0.009189
21936,71708110,PFE,21394,2020-02-13,-0.021463
21936,71708110,PFE,21394,2020-02-14,-0.011373
21936,71708110,PFE,21394,2020-02-18,-0.005204
21936,71708110,PFE,21394,2020-02-19,-0.002478
21936,71708110,PFE,21394,2020-02-20,-0.010489
21936,71708110,PFE,21394,2020-02-21,-0.003626
21936,71708110,PFE,21394,2020-02-24,-0.029395
21936,71708110,PFE,21394,2020-02-25,-0.021344
21936,71708110,PFE,21394,2020-02-26,0.023283
21936,71708110,PFE,21394,2020-02-27,-0.017857
21936,71708110,PFE,21394,2020-02-28,-0.019941
21936,71708110,PFE,21394,2020-03-02,0.043686
21936,71708110,PFE,21394,2020-03-03,-0.016628
21936,71708110,PFE,21394,2020-03-04,0.061224
21936,71708110,PFE,21394,2020-03-05,-0.025824
21936,71708110,PFE,21394,2020-03-06,-0.012408
21936,71708110,PFE,21394,2020-03-09,-0.035979
21936,71708110,PFE,21394,2020-03-10,0.024585
21936,71708110,PFE,21394,2020-03-11,-0.069962
21936,71708110,PFE,21394,2020-03-12,-0.066832
21936,71708110,PFE,21394,2020-03-13,0.089607
21936,71708110,PFE,21394,2020-03-16,-0.077346
21936,71708110,PFE,21394,2020-03-17,0.065606
21936,71708110,PFE,21394,2020-03-18,0.006219
21936,71708110,PFE,21394,2020-03-19,-0.059951
21936,71708110,PFE,21394,2020-03-20,-0.046351
21936,71708110,PFE,21394,2020-03-23,-0.017925
21936,71708110,PFE,21394,2020-03-24,0.042471
21936,71708110,PFE,21394,2020-03-25,0.001684
21936,71708110,PFE,21394,2020-03-26,0.067227
21936,71708110,PFE,21394,2020-03-27,-0.026772
21936,71708110,PFE,21394,2020-03-30,0.057282
21936,71708110,PFE,21394,2020-03-31,-0.000918
21936,71708110,PFE,21394,2020-04-01,-0.027267
21936,71708110,PFE,21394,2020-04-02,0.035276
21936,71708110,PFE,21394,2020-04-03,0.023426
21936,71708110,PFE,21394,2020-04-06,0.027646
21936,71708110,PFE,21394,2020-04-07,-0.027770
21936,71708110,PFE,21394,2020-04-08,0.029456
21936,71708110,PFE,21394,2020-04-09,0.022832
21936,71708110,PFE,21394,2020-04-13,-0.007064
21936,71708110,PFE,21394,2020-04-14,0.036995
21936,71708110,PFE,21394,2020-04-15,-0.012898
21936,71708110,PFE,21394,2020-04-16,-0.002502
21936,71708110,PFE,21394,2020-04-17,0.028707
21936,71708110,PFE,21394,2020-04-20,-0.022487
21936,71708110,PFE,21394,2020-04-21,-0.012749
21936,71708110,PFE,21394,2020-04-22,0.017687
21936,71708110,PFE,21394,2020-04-23,0.012138
21936,71708110,PFE,21394,2020-04-24,0.018806
21936,71708110,PFE,21394,2020-04-27,0.025415
21936,71708110,PFE,21394,2020-04-28,-0.010957
21936,71708110,PFE,21394,2020-04-29,0.005539
21936,71708110,PFE,21394,2020-04-30,0.006296
21936,71708110,PFE,21394,2020-05-01,-0.018770
21936,71708110,PFE,21394,2020-05-04,-0.000531
21936,71708110,PFE,21394,2020-05-05,0.023658
21936,71708110,PFE,21394,2020-05-06,0.000000
21936,71708110,PFE,21394,2020-05-07,-0.030382
21936,71708110,PFE,21394,2020-05-08,0.007035
21936,71708110,PFE,21394,2020-05-11,0.023643
21936,71708110,PFE,21394,2020-05-12,-0.019423
21936,71708110,PFE,21394,2020-05-13,-0.008298
21936,71708110,PFE,21394,2020-05-14,0.023482
21936,71708110,PFE,21394,2020-05-15,-0.004219
21936,71708110,PFE,21394,2020-05-18,0.008210
21936,71708110,PFE,21394,2020-05-19,-0.010244
21936,71708110,PFE,21394,2020-05-20,-0.001327
21936,71708110,PFE,21394,2020-05-21,-0.009833
21936,71708110,PFE,21394,2020-05-22,0.006441
21936,71708110,PFE,21394,2020-05-26,-0.000267
21936,71708110,PFE,21394,2020-05-27,-0.002134
21936,71708110,PFE,21394,2020-05-28,0.020583
21936,71708110,PFE,21394,2020-05-29,0.000262
21936,71708110,PFE,21394,2020-06-01,-0.071485
21936,71708110,PFE,21394,2020-06-02,0.019741
21936,71708110,PFE,21394,2020-06-03,0.000000
21936,71708110,PFE,21394,2020-06-04,-0.004148
21936,71708110,PFE,21394,2020-06-05,-0.000555
21936,71708110,PFE,21394,2020-06-08,0.016671
21936,71708110,PFE,21394,2020-06-09,-0.010385
21936,71708110,PFE,21394,2020-06-10,-0.008009
21936,71708110,PFE,21394,2020-06-11,-0.072940
21936,71708110,PFE,21394,2020-06-12,0.013514
21936,71708110,PFE,21394,2020-06-15,-0.011556
21936,71708110,PFE,21394,2020-06-16,0.001199
21936,71708110,PFE,21394,2020-06-17,0.004790
21936,71708110,PFE,21394,2020-06-18,-0.009535
21936,71708110,PFE,21394,2020-06-19,0.005415
21936,71708110,PFE,21394,2020-06-22,-0.009276
21936,71708110,PFE,21394,2020-06-23,-0.010269
21936,71708110,PFE,21394,2020-06-24,-0.017699
21936,71708110,PFE,21394,2020-06-25,0.004039
21936,71708110,PFE,21394,2020-06-26,-0.008663
21936,71708110,PFE,21394,2020-06-29,0.018727
21936,71708110,PFE,21394,2020-06-30,0.001838
21936,71708110,PFE,21394,2020-07-01,0.031804
21936,71708110,PFE,21394,2020-07-02,0.022822
21936,71708110,PFE,21394,2020-07-06,0.000000
21936,71708110,PFE,21394,2020-07-07,-0.013909
21936,71708110,PFE,21394,2020-07-08,-0.008228
21936,71708110,PFE,21394,2020-07-09,-0.008593
21936,71708110,PFE,21394,2020-07-10,0.011058
21936,71708110,PFE,21394,2020-07-13,0.040792
21936,71708110,PFE,21394,2020-07-14,0.000568
21936,71708110,PFE,21394,2020-07-15,0.013909
21936,71708110,PFE,21394,2020-07-16,-0.003359
21936,71708110,PFE,21394,2020-07-17,0.018258
21936,71708110,PFE,21394,2020-07-20,0.006897
21936,71708110,PFE,21394,2020-07-21,0.005205
21936,71708110,PFE,21394,2020-07-22,0.050968
21936,71708110,PFE,21394,2020-07-23,-0.003890
21936,71708110,PFE,21394,2020-07-24,-0.019526
21936,71708110,PFE,21394,2020-07-27,-0.003186
21936,71708110,PFE,21394,2020-07-28,0.039425
21936,71708110,PFE,21394,2020-07-29,0.006151
21936,71708110,PFE,21394,2020-07-30,-0.003566
21936,71708110,PFE,21394,2020-07-31,-0.006711
21936,71708110,PFE,21394,2020-08-03,-0.003378
21936,71708110,PFE,21394,2020-08-04,0.001043
21936,71708110,PFE,21394,2020-08-05,0.001563
21936,71708110,PFE,21394,2020-08-06,-0.004681
21936,71708110,PFE,21394,2020-08-07,0.004703
21936,71708110,PFE,21394,2020-08-10,-0.001560
21936,71708110,PFE,21394,2020-08-11,-0.015629
21936,71708110,PFE,21394,2020-08-12,0.014289
21936,71708110,PFE,21394,2020-08-13,-0.004174
21936,71708110,PFE,21394,2020-08-14,-0.002882
21936,71708110,PFE,21394,2020-08-17,0.007620
21936,71708110,PFE,21394,2020-08-18,0.000261
21936,71708110,PFE,21394,2020-08-19,-0.002607
21936,71708110,PFE,21394,2020-08-20,0.012023
21936,71708110,PFE,21394,2020-08-21,0.004132
21936,71708110,PFE,21394,2020-08-24,-0.001029
21936,71708110,PFE,21394,2020-08-25,-0.011071
21936,71708110,PFE,21394,2020-08-26,-0.009373
21936,71708110,PFE,21394,2020-08-27,-0.004993
21936,71708110,PFE,21394,2020-08-28,0.001321
21936,71708110,PFE,21394,2020-08-31,-0.003165
21936,71708110,PFE,21394,2020-09-01,-0.024080
21936,71708110,PFE,21394,2020-09-02,0.008677
21936,71708110,PFE,21394,2020-09-03,-0.021505
21936,71708110,PFE,21394,2020-09-04,-0.001099
21936,71708110,PFE,21394,2020-09-08,-0.011826
21936,71708110,PFE,21394,2020-09-09,0.006958
21936,71708110,PFE,21394,2020-09-10,-0.014649
21936,71708110,PFE,21394,2020-09-11,0.011781
21936,71708110,PFE,21394,2020-09-14,0.026060
21936,71708110,PFE,21394,2020-09-15,-0.001351
21936,71708110,PFE,21394,2020-09-16,-0.004870
21936,71708110,PFE,21394,2020-09-17,0.001088
21936,71708110,PFE,21394,2020-09-18,-0.005160
21936,71708110,PFE,21394,2020-09-21,-0.016653
21936,71708110,PFE,21394,2020-09-22,0.006385
21936,71708110,PFE,21394,2020-09-23,-0.006897
21936,71708110,PFE,21394,2020-09-24,-0.006667
21936,71708110,PFE,21394,2020-09-25,0.008110
21936,71708110,PFE,21394,2020-09-28,0.009431
21936,71708110,PFE,21394,2020-09-29,-0.006046
21936,71708110,PFE,21394,2020-09-30,0.014653
21936,71708110,PFE,21394,2020-10-01,-0.008992
21936,71708110,PFE,21394,2020-10-02,0.000275
21936,71708110,PFE,21394,2020-10-05,0.010170
21936,71708110,PFE,21394,2020-10-06,-0.015782
21936,71708110,PFE,21394,2020-10-07,0.008294
21936,71708110,PFE,21394,2020-10-08,0.011516
21936,71708110,PFE,21394,2020-10-09,-0.002711
21936,71708110,PFE,21394,2020-10-12,0.000815
21936,71708110,PFE,21394,2020-10-13,0.002173
21936,71708110,PFE,21394,2020-10-14,-0.001084
21936,71708110,PFE,21394,2020-10-15,-0.008410
21936,71708110,PFE,21394,2020-10-16,0.038304
21936,71708110,PFE,21394,2020-10-19,-0.003953
21936,71708110,PFE,21394,2020-10-20,-0.008201
21936,71708110,PFE,21394,2020-10-21,-0.010936
21936,71708110,PFE,21394,2020-10-22,0.009439
21936,71708110,PFE,21394,2020-10-23,0.020037
21936,71708110,PFE,21394,2020-10-26,-0.006810
21936,71708110,PFE,21394,2020-10-27,-0.012922
21936,71708110,PFE,21394,2020-10-28,-0.052899
21936,71708110,PFE,21394,2020-10-29,-0.004795
21936,71708110,PFE,21394,2020-10-30,0.005669
21936,71708110,PFE,21394,2020-11-02,0.021139
21936,71708110,PFE,21394,2020-11-03,-0.001104
21936,71708110,PFE,21394,2020-11-04,0.031500
21936,71708110,PFE,21394,2020-11-05,-0.025181
21936,71708110,PFE,21394,2020-11-06,0.000275
21936,71708110,PFE,21394,2020-11-09,0.076923
21936,71708110,PFE,21394,2020-11-10,-0.013265
21936,71708110,PFE,21394,2020-11-11,-0.004654
21936,71708110,PFE,21394,2020-11-12,-0.024675
21936,71708110,PFE,21394,2020-11-13,0.028495
21936,71708110,PFE,21394,2020-11-16,-0.033402
21936,71708110,PFE,21394,2020-11-17,0.019755
21936,71708110,PFE,21394,2020-11-18,0.007769
21936,71708110,PFE,21394,2020-11-19,-0.003579
21936,71708110,PFE,21394,2020-11-20,0.014092
21936,71708110,PFE,21394,2020-11-23,-0.004905
21936,71708110,PFE,21394,2020-11-24,0.002191
21936,71708110,PFE,21394,2020-11-25,-0.001913
21936,71708110,PFE,21394,2020-11-27,0.019162
21936,71708110,PFE,21394,2020-11-30,0.029009
21936,71708110,PFE,21394,2020-12-01,0.028713
21936,71708110,PFE,21394,2020-12-02,0.035270
21936,71708110,PFE,21394,2020-12-03,-0.017402
21936,71708110,PFE,21394,2020-12-04,0.006236
21936,71708110,PFE,21394,2020-12-07,0.022558
21936,71708110,PFE,21394,2020-12-08,0.031758
21936,71708110,PFE,21394,2020-12-09,-0.016682
21936,71708110,PFE,21394,2020-12-10,-0.002867
21936,71708110,PFE,21394,2020-12-11,-0.014618
21936,71708110,PFE,21394,2020-12-14,-0.046449
21936,71708110,PFE,21394,2020-12-15,-0.012752
21936,71708110,PFE,21394,2020-12-16,-0.022475
21936,71708110,PFE,21394,2020-12-17,0.005021
21936,71708110,PFE,21394,2020-12-18,-0.009203
21936,71708110,PFE,21394,2020-12-21,-0.007962
21936,71708110,PFE,21394,2020-12-22,-0.017121
21936,71708110,PFE,21394,2020-12-23,0.019053
21936,71708110,PFE,21394,2020-12-24,-0.004541
21936,71708110,PFE,21394,2020-12-28,-0.012074
21936,71708110,PFE,21394,2020-12-29,0.006247
21936,71708110,PFE,21394,2020-12-30,-0.008367
21936,71708110,PFE,21394,2020-12-31,0.001905
21936,71708110,PFE,21394,2021-01-04,0.000000
21936,71708110,PFE,21394,2021-01-05,0.010323
21936,71708110,PFE,21394,2021-01-06,-0.008604
21936,71708110,PFE,21394,2021-01-07,0.005153
21936,71708110,PFE,21394,2021-01-08,0.001889
21936,71708110,PFE,21394,2021-01-11,0.017237
21936,71708110,PFE,21394,2021-01-12,-0.015621
21936,71708110,PFE,21394,2021-01-13,-0.008607
21936,71708110,PFE,21394,2021-01-14,-0.002984
21936,71708110,PFE,21394,2021-01-15,-0.001361
21936,71708110,PFE,21394,2021-01-19,0.000817
21936,71708110,PFE,21394,2021-01-20,-0.006262
21936,71708110,PFE,21394,2021-01-21,-0.000548
21936,71708110,PFE,21394,2021-01-22,0.001919
21936,71708110,PFE,21394,2021-01-25,0.019973
21936,71708110,PFE,21394,2021-01-26,0.000805
21936,71708110,PFE,21394,2021-01-27,-0.028679
21936,71708110,PFE,21394,2021-01-28,0.000276
21936,71708110,PFE,21394,2021-01-29,0.001115
21936,71708110,PFE,21394,2021-02-01,-0.002786
21936,71708110,PFE,21394,2021-02-02,-0.022626
21936,71708110,PFE,21394,2021-02-03,-0.004287
21936,71708110,PFE,21394,2021-02-04,0.001435
21936,71708110,PFE,21394,2021-02-05,0.000860
21936,71708110,PFE,21394,2021-02-08,-0.002864
21936,71708110,PFE,21394,2021-02-09,0.004308
21936,71708110,PFE,21394,2021-02-10,-0.006577
21936,71708110,PFE,21394,2021-02-11,-0.008923
21936,71708110,PFE,21394,2021-02-12,0.008423
21936,71708110,PFE,21394,2021-02-16,-0.000864
21936,71708110,PFE,21394,2021-02-17,0.005765
21936,71708110,PFE,21394,2021-02-18,-0.009458
21936,71708110,PFE,21394,2021-02-19,-0.003472
21936,71708110,PFE,21394,2021-02-22,-0.005226
21936,71708110,PFE,21394,2021-02-23,-0.010216
21936,71708110,PFE,21394,2021-02-24,-0.004718
21936,71708110,PFE,21394,2021-02-25,0.002074
21936,71708110,PFE,21394,2021-02-26,-0.009758
21936,71708110,PFE,21394,2021-03-01,0.005972
21936,71708110,PFE,21394,2021-03-02,-0.005343
21936,71708110,PFE,21394,2021-03-03,0.026261
21936,71708110,PFE,21394,2021-03-04,-0.005525
21936,71708110,PFE,21394,2021-03-05,0.005556
21936,71708110,PFE,21394,2021-03-08,-0.001163
21936,71708110,PFE,21394,2021-03-09,0.002911
21936,71708110,PFE,21394,2021-03-10,0.013933
21936,71708110,PFE,21394,2021-03-11,-0.006298
21936,71708110,PFE,21394,2021-03-12,0.006626
21936,71708110,PFE,21394,2021-03-15,0.013452
21936,71708110,PFE,21394,2021-03-16,0.011861
21936,71708110,PFE,21394,2021-03-17,-0.001116
21936,71708110,PFE,21394,2021-03-18,-0.000559
21936,71708110,PFE,21394,2021-03-19,-0.006710
21936,71708110,PFE,21394,2021-03-22,0.013228
21936,71708110,PFE,21394,2021-03-23,-0.017778
21936,71708110,PFE,21394,2021-03-24,0.007070
21936,71708110,PFE,21394,2021-03-25,0.001685
21936,71708110,PFE,21394,2021-03-26,0.016260
21936,71708110,PFE,21394,2021-03-29,0.010207
21936,71708110,PFE,21394,2021-03-30,-0.013927
21936,71708110,PFE,21394,2021-03-31,0.003323
21936,71708110,PFE,21394,2021-04-01,0.001932
21936,71708110,PFE,21394,2021-04-05,-0.000551
21936,71708110,PFE,21394,2021-04-06,-0.006340
21936,71708110,PFE,21394,2021-04-07,-0.003883
21936,71708110,PFE,21394,2021-04-08,0.001392
21936,71708110,PFE,21394,2021-04-09,0.017798
21936,71708110,PFE,21394,2021-04-12,0.010109
21936,71708110,PFE,21394,2021-04-13,0.005139
21936,71708110,PFE,21394,2021-04-14,0.000269
21936,71708110,PFE,21394,2021-04-15,0.011568
21936,71708110,PFE,21394,2021-04-16,0.025798
21936,71708110,PFE,21394,2021-04-19,0.009334
21936,71708110,PFE,21394,2021-04-20,0.002569
21936,71708110,PFE,21394,2021-04-21,0.012811
21936,71708110,PFE,21394,2021-04-22,-0.022515
21936,71708110,PFE,21394,2021-04-23,0.000518
21936,71708110,PFE,21394,2021-04-26,0.000517
21936,71708110,PFE,21394,2021-04-27,-0.005946
21936,71708110,PFE,21394,2021-04-28,0.009363
21936,71708110,PFE,21394,2021-04-29,-0.005411
21936,71708110,PFE,21394,2021-04-30,0.001295
21936,71708110,PFE,21394,2021-05-03,0.030530
21936,71708110,PFE,21394,2021-05-04,0.003013
21936,71708110,PFE,21394,2021-05-05,0.000501
21936,71708110,PFE,21394,2021-05-06,-0.009757
21936,71708110,PFE,21394,2021-05-07,0.009952
21936,71708110,PFE,21394,2021-05-10,0.007074
21936,71708110,PFE,21394,2021-05-11,-0.012795
21936,71708110,PFE,21394,2021-05-12,0.008640
21936,71708110,PFE,21394,2021-05-13,0.010330
21936,71708110,PFE,21394,2021-05-14,-0.001995
21936,71708110,PFE,21394,2021-05-17,0.002249
21936,71708110,PFE,21394,2021-05-18,-0.001496
21936,71708110,PFE,21394,2021-05-19,-0.005493
21936,71708110,PFE,21394,2021-05-20,0.007281
21936,71708110,PFE,21394,2021-05-21,-0.004237
21936,71708110,PFE,21394,2021-05-24,-0.003504
21936,71708110,PFE,21394,2021-05-25,-0.012057
21936,71708110,PFE,21394,2021-05-26,-0.010425
21936,71708110,PFE,21394,2021-05-27,-0.006937
21936,71708110,PFE,21394,2021-05-28,0.002070
21936,71708110,PFE,21394,2021-06-01,-0.005939
21936,71708110,PFE,21394,2021-06-02,0.007532
21936,71708110,PFE,21394,2021-06-03,0.004640
21936,71708110,PFE,21394,2021-06-04,0.004619
21936,71708110,PFE,21394,2021-06-07,-0.004087
21936,71708110,PFE,21394,2021-06-08,-0.003591
21936,71708110,PFE,21394,2021-06-09,0.024710
21936,71708110,PFE,21394,2021-06-10,0.021854
21936,71708110,PFE,21394,2021-06-11,-0.013029
21936,71708110,PFE,21394,2021-06-14,-0.012951
21936,71708110,PFE,21394,2021-06-15,-0.001009
21936,71708110,PFE,21394,2021-06-16,-0.007325
21936,71708110,PFE,21394,2021-06-17,0.004580
21936,71708110,PFE,21394,2021-06-18,-0.016971
21936,71708110,PFE,21394,2021-06-21,0.015718
21936,71708110,PFE,21394,2021-06-22,0.004820
21936,71708110,PFE,21394,2021-06-23,-0.014138
21936,71708110,PFE,21394,2021-06-24,0.003585
21936,71708110,PFE,21394,2021-06-25,-0.005359
21936,71708110,PFE,21394,2021-06-28,0.003592
21936,71708110,PFE,21394,2021-06-29,-0.000511
21936,71708110,PFE,21394,2021-06-30,0.001535
21936,71708110,PFE,21394,2021-07-01,0.010215
21936,71708110,PFE,21394,2021-07-02,0.004297
21936,71708110,PFE,21394,2021-07-06,-0.011075
21936,71708110,PFE,21394,2021-07-07,0.001527
21936,71708110,PFE,21394,2021-07-08,-0.002541
21936,71708110,PFE,21394,2021-07-09,0.009172
21936,71708110,PFE,21394,2021-07-12,0.003787
21936,71708110,PFE,21394,2021-07-13,-0.002767
21936,71708110,PFE,21394,2021-07-14,0.007566
21936,71708110,PFE,21394,2021-07-15,0.003504
21936,71708110,PFE,21394,2021-07-16,0.006485
21936,71708110,PFE,21394,2021-07-19,-0.004957
21936,71708110,PFE,21394,2021-07-20,0.022416
21936,71708110,PFE,21394,2021-07-21,-0.000731
21936,71708110,PFE,21394,2021-07-22,0.010970
21936,71708110,PFE,21394,2021-07-23,0.005064
21936,71708110,PFE,21394,2021-07-26,0.003119
21936,71708110,PFE,21394,2021-07-27,0.006936
21936,71708110,PFE,21394,2021-07-28,0.032067
21936,71708110,PFE,21394,2021-07-29,-0.006214
21936,71708110,PFE,21394,2021-07-30,0.000467
21936,71708110,PFE,21394,2021-08-02,0.026863
21936,71708110,PFE,21394,2021-08-03,0.039126
21936,71708110,PFE,21394,2021-08-04,-0.010727
21936,71708110,PFE,21394,2021-08-05,-0.002877
21936,71708110,PFE,21394,2021-08-06,0.000222
21936,71708110,PFE,21394,2021-08-09,0.020191
21936,71708110,PFE,21394,2021-08-10,0.048064
21936,71708110,PFE,21394,2021-08-11,-0.039012
21936,71708110,PFE,21394,2021-08-12,0.020082
21936,71708110,PFE,21394,2021-08-13,0.026249
21936,71708110,PFE,21394,2021-08-16,0.008870
21936,71708110,PFE,21394,2021-08-17,0.030873
21936,71708110,PFE,21394,2021-08-18,-0.022015
21936,71708110,PFE,21394,2021-08-19,-0.010343
21936,71708110,PFE,21394,2021-08-20,-0.001639
21936,71708110,PFE,21394,2021-08-23,0.024836
21936,71708110,PFE,21394,2021-08-24,-0.031043
21936,71708110,PFE,21394,2021-08-25,-0.017983
21936,71708110,PFE,21394,2021-08-26,-0.002736
21936,71708110,PFE,21394,2021-08-27,-0.016463
21936,71708110,PFE,21394,2021-08-30,0.003433
21936,71708110,PFE,21394,2021-08-31,-0.014756
21936,71708110,PFE,21394,2021-09-01,-0.000651
21936,71708110,PFE,21394,2021-09-02,0.017376
21936,71708110,PFE,21394,2021-09-03,0.000000
21936,71708110,PFE,21394,2021-09-07,-0.001921
21936,71708110,PFE,21394,2021-09-08,-0.005134
21936,71708110,PFE,21394,2021-09-09,-0.010320
21936,71708110,PFE,21394,2021-09-10,-0.009559
21936,71708110,PFE,21394,2021-09-13,-0.022154
21936,71708110,PFE,21394,2021-09-14,0.002916
21936,71708110,PFE,21394,2021-09-15,0.001342
21936,71708110,PFE,21394,2021-09-16,-0.006701
21936,71708110,PFE,21394,2021-09-17,-0.013043
21936,71708110,PFE,21394,2021-09-20,0.007063
21936,71708110,PFE,21394,2021-09-21,-0.006335
21936,71708110,PFE,21394,2021-09-22,0.000683
21936,71708110,PFE,21394,2021-09-23,0.005461
21936,71708110,PFE,21394,2021-09-24,-0.005657
21936,71708110,PFE,21394,2021-09-27,-0.008421
21936,71708110,PFE,21394,2021-09-28,-0.012164
21936,71708110,PFE,21394,2021-09-29,0.011385
21936,71708110,PFE,21394,2021-09-30,-0.011946
21936,71708110,PFE,21394,2021-10-01,-0.001860
21936,71708110,PFE,21394,2021-10-04,-0.011880
21936,71708110,PFE,21394,2021-10-05,-0.002357
21936,71708110,PFE,21394,2021-10-06,-0.007089
21936,71708110,PFE,21394,2021-10-07,0.017135
21936,71708110,PFE,21394,2021-10-08,-0.006785
21936,71708110,PFE,21394,2021-10-11,-0.009187
21936,71708110,PFE,21394,2021-10-12,-0.004993
21936,71708110,PFE,21394,2021-10-13,-0.010275
21936,71708110,PFE,21394,2021-10-14,0.006036
21936,71708110,PFE,21394,2021-10-15,-0.004320
21936,71708110,PFE,21394,2021-10-18,-0.004097
21936,71708110,PFE,21394,2021-10-19,0.018635
21936,71708110,PFE,21394,2021-10-20,0.016869
21936,71708110,PFE,21394,2021-10-21,0.001402
21936,71708110,PFE,21394,2021-10-22,0.007000
21936,71708110,PFE,21394,2021-10-25,-0.000232
21936,71708110,PFE,21394,2021-10-26,0.009502
21936,71708110,PFE,21394,2021-10-27,-0.013545
21936,71708110,PFE,21394,2021-10-28,0.004887
21936,71708110,PFE,21394,2021-10-29,0.012969
21936,71708110,PFE,21394,2021-11-01,-0.002286
21936,71708110,PFE,21394,2021-11-02,0.041476
21936,71708110,PFE,21394,2021-11-03,-0.013861
21936,71708110,PFE,21394,2021-11-04,-0.012941
21936,71708110,PFE,21394,2021-11-05,0.108552
21936,71708110,PFE,21394,2021-11-08,-0.005760
21936,71708110,PFE,21394,2021-11-09,-0.021312
21936,71708110,PFE,21394,2021-11-10,0.036364
21936,71708110,PFE,21394,2021-11-11,0.023664
21936,71708110,PFE,21394,2021-11-12,-0.008968
21936,71708110,PFE,21394,2021-11-15,-0.001609
21936,71708110,PFE,21394,2021-11-16,-0.001007
21936,71708110,PFE,21394,2021-11-17,0.025605
21936,71708110,PFE,21394,2021-11-18,0.010615
21936,71708110,PFE,21394,2021-11-19,-0.011865
21936,71708110,PFE,21394,2021-11-22,0.007874
21936,71708110,PFE,21394,2021-11-23,-0.002344
21936,71708110,PFE,21394,2021-11-24,-0.003720
21936,71708110,PFE,21394,2021-11-26,0.061112
21936,71708110,PFE,21394,2021-11-29,-0.029630
21936,71708110,PFE,21394,2021-11-30,0.025382
21936,71708110,PFE,21394,2021-12-01,0.017681
21936,71708110,PFE,21394,2021-12-02,-0.029993
21936,71708110,PFE,21394,2021-12-03,0.023190
21936,71708110,PFE,21394,2021-12-06,-0.051410
21936,71708110,PFE,21394,2021-12-07,0.004662
21936,71708110,PFE,21394,2021-12-08,-0.006187
21936,71708110,PFE,21394,2021-12-09,0.013230
21936,71708110,PFE,21394,2021-12-10,0.013441
21936,71708110,PFE,21394,2021-12-13,0.045851
21936,71708110,PFE,21394,2021-12-14,0.006159
21936,71708110,PFE,21394,2021-12-15,0.058696
21936,71708110,PFE,21394,2021-12-16,0.041667
21936,71708110,PFE,21394,2021-12-17,-0.028898
21936,71708110,PFE,21394,2021-12-20,0.025891
21936,71708110,PFE,21394,2021-12-21,-0.033923
21936,71708110,PFE,21394,2021-12-22,0.010178
21936,71708110,PFE,21394,2021-12-23,-0.014106
21936,71708110,PFE,21394,2021-12-27,0.008346
21936,71708110,PFE,21394,2021-12-28,-0.020101
21936,71708110,PFE,21394,2021-12-29,-0.007413
21936,71708110,PFE,21394,2021-12-30,0.014241
21936,71708110,PFE,21394,2021-12-31,0.011130
21936,71708110,PFE,21394,2022-01-03,-0.040644
21936,71708110,PFE,21394,2022-01-04,-0.037423
21936,71708110,PFE,21394,2022-01-05,0.020172
21936,71708110,PFE,21394,2022-01-06,-0.014201
21936,71708110,PFE,21394,2022-01-07,0.016047
21936,71708110,PFE,21394,2022-01-10,0.009332
21936,71708110,PFE,21394,2022-01-11,0.008001
21936,71708110,PFE,21394,2022-01-12,-0.000706
21936,71708110,PFE,21394,2022-01-13,-0.019594
21936,71708110,PFE,21394,2022-01-14,-0.010623
21936,71708110,PFE,21394,2022-01-18,-0.015287
21936,71708110,PFE,21394,2022-01-19,-0.010534
21936,71708110,PFE,21394,2022-01-20,0.009526
21936,71708110,PFE,21394,2022-01-21,-0.023312
21936,71708110,PFE,21394,2022-01-24,-0.023679
21936,71708110,PFE,21394,2022-01-25,0.019402
21936,71708110,PFE,21394,2022-01-26,0.008946
21936,71708110,PFE,21394,2022-01-27,0.014337
21936,71708110,PFE,21394,2022-01-28,0.017988
21936,71708110,PFE,21394,2022-01-31,-0.030186
21936,71708110,PFE,21394,2022-02-01,0.007212
21936,71708110,PFE,21394,2022-02-02,0.014886
21936,71708110,PFE,21394,2022-02-03,-0.008912
21936,71708110,PFE,21394,2022-02-04,-0.007119
21936,71708110,PFE,21394,2022-02-07,0.003962
21936,71708110,PFE,21394,2022-02-08,-0.028378
21936,71708110,PFE,21394,2022-02-09,-0.004449
21936,71708110,PFE,21394,2022-02-10,-0.016903
21936,71708110,PFE,21394,2022-02-11,0.003557
21936,71708110,PFE,21394,2022-02-14,-0.019299
21936,71708110,PFE,21394,2022-02-15,-0.000201
21936,71708110,PFE,21394,2022-02-16,-0.002209
21936,71708110,PFE,21394,2022-02-17,-0.015700
21936,71708110,PFE,21394,2022-02-18,-0.007566
21936,71708110,PFE,21394,2022-02-22,-0.020606
21936,71708110,PFE,21394,2022-02-23,-0.013886
21936,71708110,PFE,21394,2022-02-24,-0.019415
21936,71708110,PFE,21394,2022-02-25,0.038294
21936,71708110,PFE,21394,2022-02-28,-0.016345
21936,71708110,PFE,21394,2022-03-01,-0.025352
21936,71708110,PFE,21394,2022-03-02,0.042623
21936,71708110,PFE,21394,2022-03-03,0.002725
21936,71708110,PFE,21394,2022-03-04,0.017144
21936,71708110,PFE,21394,2022-03-07,-0.013772
21936,71708110,PFE,21394,2022-03-08,-0.011255
21936,71708110,PFE,21394,2022-03-09,0.027614
21936,71708110,PFE,21394,2022-03-10,0.009231
21936,71708110,PFE,21394,2022-03-11,0.021748
21936,71708110,PFE,21394,2022-03-14,0.039387
21936,71708110,PFE,21394,2022-03-15,-0.000766
21936,71708110,PFE,21394,2022-03-16,0.013599
21936,71708110,PFE,21394,2022-03-17,0.024943
21936,71708110,PFE,21394,2022-03-18,0.004978
21936,71708110,PFE,21394,2022-03-21,-0.005870
21936,71708110,PFE,21394,2022-03-22,-0.021222
21936,71708110,PFE,21394,2022-03-23,-0.016026
21936,71708110,PFE,21394,2022-03-24,0.007664
21936,71708110,PFE,21394,2022-03-25,0.003613
21936,71708110,PFE,21394,2022-03-28,0.009473
21936,71708110,PFE,21394,2022-03-29,-0.010135
21936,71708110,PFE,21394,2022-03-30,-0.005688
21936,71708110,PFE,21394,2022-03-31,-0.012777
21936,71708110,PFE,21394,2022-04-01,-0.003863
21936,71708110,PFE,21394,2022-04-04,-0.012216
21936,71708110,PFE,21394,2022-04-05,0.005889
21936,71708110,PFE,21394,2022-04-06,0.031811
21936,71708110,PFE,21394,2022-04-07,0.043314
21936,71708110,PFE,21394,2022-04-08,0.000181
21936,71708110,PFE,21394,2022-04-11,-0.022476
21936,71708110,PFE,21394,2022-04-12,-0.015205
21936,71708110,PFE,21394,2022-04-13,-0.000188
21936,71708110,PFE,21394,2022-04-14,0.000377
21936,71708110,PFE,21394,2022-04-18,-0.024096
21936,71708110,PFE,21394,2022-04-19,-0.032022
21936,71708110,PFE,21394,2022-04-20,-0.008569
21936,71708110,PFE,21394,2022-04-21,-0.012864
21936,71708110,PFE,21394,2022-04-22,-0.019955
21936,71708110,PFE,21394,2022-04-25,0.017037
21936,71708110,PFE,21394,2022-04-26,0.001634
21936,71708110,PFE,21394,2022-04-27,0.014481
21936,71708110,PFE,21394,2022-04-28,0.015480
21936,71708110,PFE,21394,2022-04-29,-0.028509
21936,71708110,PFE,21394,2022-05-02,-0.014877
21936,71708110,PFE,21394,2022-05-03,0.019652
21936,71708110,PFE,21394,2022-05-04,0.007507
21936,71708110,PFE,21394,2022-05-05,-0.024366
21936,71708110,PFE,21394,2022-05-06,0.012178
21936,71708110,PFE,21394,2022-05-09,-0.008157
21936,71708110,PFE,21394,2022-05-10,0.017475
21936,71708110,PFE,21394,2022-05-11,-0.000808
21936,71708110,PFE,21394,2022-05-12,0.027098
21936,71708110,PFE,21394,2022-05-13,-0.009327
21936,71708110,PFE,21394,2022-05-16,0.015024
21936,71708110,PFE,21394,2022-05-17,0.013223
21936,71708110,PFE,21394,2022-05-18,-0.018309
21936,71708110,PFE,21394,2022-05-19,0.004960
21936,71708110,PFE,21394,2022-05-20,0.035933
21936,71708110,PFE,21394,2022-05-23,0.007814
21936,71708110,PFE,21394,2022-05-24,0.010023
21936,71708110,PFE,21394,2022-05-25,0.005617
21936,71708110,PFE,21394,2022-05-26,0.005213
21936,71708110,PFE,21394,2022-05-27,-0.001482
21936,71708110,PFE,21394,2022-05-31,-0.016138
21936,71708110,PFE,21394,2022-06-01,-0.012632
21936,71708110,PFE,21394,2022-06-02,0.005919
21936,71708110,PFE,21394,2022-06-03,0.009871
21936,71708110,PFE,21394,2022-06-06,0.001128
21936,71708110,PFE,21394,2022-06-07,0.013143
21936,71708110,PFE,21394,2022-06-08,-0.009081
21936,71708110,PFE,21394,2022-06-09,-0.031607
21936,71708110,PFE,21394,2022-06-10,-0.034956
21936,71708110,PFE,21394,2022-06-13,-0.041225
21936,71708110,PFE,21394,2022-06-14,0.000209
21936,71708110,PFE,21394,2022-06-15,0.012312
21936,71708110,PFE,21394,2022-06-16,-0.021233
21936,71708110,PFE,21394,2022-06-17,-0.020008
21936,71708110,PFE,21394,2022-06-21,0.033957
21936,71708110,PFE,21394,2022-06-22,0.019954
21936,71708110,PFE,21394,2022-06-23,0.020787
21936,71708110,PFE,21394,2022-06-24,0.029946
21936,71708110,PFE,21394,2022-06-27,0.005621
21936,71708110,PFE,21394,2022-06-28,-0.023516
21936,71708110,PFE,21394,2022-06-29,0.005527
21936,71708110,PFE,21394,2022-06-30,0.029250
21936,71708110,PFE,21394,2022-07-01,-0.002289
21936,71708110,PFE,21394,2022-07-05,-0.012808
21936,71708110,PFE,21394,2022-07-06,0.021495
21936,71708110,PFE,21394,2022-07-07,0.012701
21936,71708110,PFE,21394,2022-07-08,-0.004680
21936,71708110,PFE,21394,2022-07-11,-0.005266
21936,71708110,PFE,21394,2022-07-12,-0.016071
21936,71708110,PFE,21394,2022-07-13,-0.004804
21936,71708110,PFE,21394,2022-07-14,-0.007723
21936,71708110,PFE,21394,2022-07-15,0.007005
21936,71708110,PFE,21394,2022-07-18,-0.019324
21936,71708110,PFE,21394,2022-07-19,0.012217
21936,71708110,PFE,21394,2022-07-20,-0.010707
21936,71708110,PFE,21394,2022-07-21,0.005903
21936,71708110,PFE,21394,2022-07-22,0.002152
21936,71708110,PFE,21394,2022-07-25,0.010541
21936,71708110,PFE,21394,2022-07-26,0.010238
21936,71708110,PFE,21394,2022-07-27,-0.006692
21936,71708110,PFE,21394,2022-07-28,-0.015977
21936,71708110,PFE,21394,2022-07-29,-0.004140
21936,71708110,PFE,21394,2022-08-01,0.001980
21936,71708110,PFE,21394,2022-08-02,-0.018178
21936,71708110,PFE,21394,2022-08-03,0.003421
21936,71708110,PFE,21394,2022-08-04,0.000000
21936,71708110,PFE,21394,2022-08-05,-0.011833
21936,71708110,PFE,21394,2022-08-08,0.006089
21936,71708110,PFE,21394,2022-08-09,0.004236
21936,71708110,PFE,21394,2022-08-10,0.003415
21936,71708110,PFE,21394,2022-08-11,-0.033233
21936,71708110,PFE,21394,2022-08-12,0.037689
21936,71708110,PFE,21394,2022-08-15,-0.007184
21936,71708110,PFE,21394,2022-08-16,0.002211
21936,71708110,PFE,21394,2022-08-17,-0.011833
21936,71708110,PFE,21394,2022-08-18,-0.014004
21936,71708110,PFE,21394,2022-08-19,0.011733
21936,71708110,PFE,21394,2022-08-22,-0.005086
21936,71708110,PFE,21394,2022-08-23,-0.018200
21936,71708110,PFE,21394,2022-08-24,-0.012081
21936,71708110,PFE,21394,2022-08-25,0.009909
21936,71708110,PFE,21394,2022-08-26,-0.022547
21936,71708110,PFE,21394,2022-08-29,-0.012601
21936,71708110,PFE,21394,2022-08-30,-0.008220
21936,71708110,PFE,21394,2022-08-31,-0.013522
21936,71708110,PFE,21394,2022-09-01,0.030953
21936,71708110,PFE,21394,2022-09-02,-0.019944
21936,71708110,PFE,21394,2022-09-06,0.001313
21936,71708110,PFE,21394,2022-09-07,0.008086
21936,71708110,PFE,21394,2022-09-08,0.020594
21936,71708110,PFE,21394,2022-09-09,0.016143
21936,71708110,PFE,21394,2022-09-12,-0.001672
21936,71708110,PFE,21394,2022-09-13,-0.032873
21936,71708110,PFE,21394,2022-09-14,-0.000866
21936,71708110,PFE,21394,2022-09-15,-0.004550
21936,71708110,PFE,21394,2022-09-16,0.001959
21936,71708110,PFE,21394,2022-09-19,-0.012818
21936,71708110,PFE,21394,2022-09-20,-0.014745
21936,71708110,PFE,21394,2022-09-21,-0.018986
21936,71708110,PFE,21394,2022-09-22,0.014800
21936,71708110,PFE,21394,2022-09-23,-0.010994
21936,71708110,PFE,21394,2022-09-26,-0.005672
21936,71708110,PFE,21394,2022-09-27,0.005932
21936,71708110,PFE,21394,2022-09-28,0.007711
21936,71708110,PFE,21394,2022-09-29,-0.006077
21936,71708110,PFE,21394,2022-09-30,-0.009058
21936,71708110,PFE,21394,2022-10-03,0.008684
21936,71708110,PFE,21394,2022-10-04,0.007250
21936,71708110,PFE,21394,2022-10-05,-0.007647
21936,71708110,PFE,21394,2022-10-06,-0.023345
21936,71708110,PFE,21394,2022-10-07,-0.017870
21936,71708110,PFE,21394,2022-10-10,-0.013469
21936,71708110,PFE,21394,2022-10-11,0.004072
21936,71708110,PFE,21394,2022-10-12,0.002624
21936,71708110,PFE,21394,2022-10-13,0.022603
21936,71708110,PFE,21394,2022-10-14,-0.002792
21936,71708110,PFE,21394,2022-10-17,0.018432
21936,71708110,PFE,21394,2022-10-18,0.010080
21936,71708110,PFE,21394,2022-10-19,-0.022227
21936,71708110,PFE,21394,2022-10-20,-0.004639
21936,71708110,PFE,21394,2022-10-21,0.047541
21936,71708110,PFE,21394,2022-10-24,0.013126
21936,71708110,PFE,21394,2022-10-25,0.001098
21936,71708110,PFE,21394,2022-10-26,0.010309
21936,71708110,PFE,21394,2022-10-27,-0.006947
21936,71708110,PFE,21394,2022-10-28,0.036948
21936,71708110,PFE,21394,2022-10-31,-0.018554
21936,71708110,PFE,21394,2022-11-01,0.031364
21936,71708110,PFE,21394,2022-11-02,-0.019579
21936,71708110,PFE,21394,2022-11-03,-0.002124
21936,71708110,PFE,21394,2022-11-04,0.013957
21936,71708110,PFE,21394,2022-11-07,-0.002753
21936,71708110,PFE,21394,2022-11-08,0.005521
21936,71708110,PFE,21394,2022-11-09,-0.013305
21936,71708110,PFE,21394,2022-11-10,0.014127
21936,71708110,PFE,21394,2022-11-11,0.004643
21936,71708110,PFE,21394,2022-11-14,0.034454
21936,71708110,PFE,21394,2022-11-15,-0.013607
21936,71708110,PFE,21394,2022-11-16,-0.010706
21936,71708110,PFE,21394,2022-11-17,0.005827
21936,71708110,PFE,21394,2022-11-18,-0.002069
21936,71708110,PFE,21394,2022-11-21,-0.001037
21936,71708110,PFE,21394,2022-11-22,0.018680
21936,71708110,PFE,21394,2022-11-23,-0.004686
21936,71708110,PFE,21394,2022-11-25,0.007369
21936,71708110,PFE,21394,2022-11-28,0.007316
21936,71708110,PFE,21394,2022-11-29,-0.001614
21936,71708110,PFE,21394,2022-11-30,0.012932
21936,71708110,PFE,21394,2022-12-01,0.018951
21936,71708110,PFE,21394,2022-12-02,-0.003328
21936,71708110,PFE,21394,2022-12-05,-0.003536
21936,71708110,PFE,21394,2022-12-06,-0.020106
21936,71708110,PFE,21394,2022-12-07,0.010662
21936,71708110,PFE,21394,2022-12-08,0.030653
21936,71708110,PFE,21394,2022-12-09,-0.001159
21936,71708110,PFE,21394,2022-12-12,0.008507
21936,71708110,PFE,21394,2022-12-13,0.017446
21936,71708110,PFE,21394,2022-12-14,0.026569
21936,71708110,PFE,21394,2022-12-15,-0.015969
21936,71708110,PFE,21394,2022-12-16,-0.041224
21936,71708110,PFE,21394,2022-12-19,-0.000778
21936,71708110,PFE,21394,2022-12-20,-0.000779
21936,71708110,PFE,21394,2022-12-21,0.006625
21936,71708110,PFE,21394,2022-12-22,-0.000387
21936,71708110,PFE,21394,2022-12-23,0.003679
21936,71708110,PFE,21394,2022-12-27,-0.013506
21936,71708110,PFE,21394,2022-12-28,-0.006454
21936,71708110,PFE,21394,2022-12-29,0.010433
21936,71708110,PFE,21394,2022-12-30,-0.001753
47896,46625H10,JPM,20436,2018-01-02,0.009445
47896,46625H10,JPM,20436,2018-01-03,0.001019
47896,46625H10,JPM,20436,2018-01-04,0.014251
47896,46625H10,JPM,20436,2018-01-05,-0.006420
47896,46625H10,JPM,20436,2018-01-08,0.001477
47896,46625H10,JPM,20436,2018-01-09,0.005069
47896,46625H10,JPM,20436,2018-01-10,0.011004
47896,46625H10,JPM,20436,2018-01-11,0.005351
47896,46625H10,JPM,20436,2018-01-12,0.016510
47896,46625H10,JPM,20436,2018-01-16,-0.003550
47896,46625H10,JPM,20436,2018-01-17,0.006413
47896,46625H10,JPM,20436,2018-01-18,0.002390
47896,46625H10,JPM,20436,2018-01-19,-0.002207
47896,46625H10,JPM,20436,2018-01-22,0.011680
47896,46625H10,JPM,20436,2018-01-23,-0.001050
47896,46625H10,JPM,20436,2018-01-24,0.012783
47896,46625H10,JPM,20436,2018-01-25,0.000259
47896,46625H10,JPM,20436,2018-01-26,0.005359
47896,46625H10,JPM,20436,2018-01-29,-0.001032
47896,46625H10,JPM,20436,2018-01-30,-0.009380
47896,46625H10,JPM,20436,2018-01-31,0.004865
47896,46625H10,JPM,20436,2018-02-01,0.010374
47896,46625H10,JPM,20436,2018-02-02,-0.022161
47896,46625H10,JPM,20436,2018-02-05,-0.047952
47896,46625H10,JPM,20436,2018-02-06,0.030423
47896,46625H10,JPM,20436,2018-02-07,0.006779
47896,46625H10,JPM,20436,2018-02-08,-0.044210
47896,46625H10,JPM,20436,2018-02-09,0.020022
47896,46625H10,JPM,20436,2018-02-12,0.015449
47896,46625H10,JPM,20436,2018-02-13,0.006175
47896,46625H10,JPM,20436,2018-02-14,0.023126
47896,46625H10,JPM,20436,2018-02-15,0.004173
47896,46625H10,JPM,20436,2018-02-16,-0.007186
47896,46625H10,JPM,20436,2018-02-20,0.000262
47896,46625H10,JPM,20436,2018-02-21,0.004184
47896,46625H10,JPM,20436,2018-02-22,-0.001823
47896,46625H10,JPM,20436,2018-02-23,0.020264
47896,46625H10,JPM,20436,2018-02-26,0.012446
47896,46625H10,JPM,20436,2018-02-27,-0.011872
47896,46625H10,JPM,20436,2018-02-28,-0.015849
47896,46625H10,JPM,20436,2018-03-01,-0.017922
47896,46625H10,JPM,20436,2018-03-02,-0.000970
47896,46625H10,JPM,20436,2018-03-05,0.015355
47896,46625H10,JPM,20436,2018-03-06,0.000869
47896,46625H10,JPM,20436,2018-03-07,-0.003734
47896,46625H10,JPM,20436,2018-03-08,0.000087
47896,46625H10,JPM,20436,2018-03-09,0.028761
47896,46625H10,JPM,20436,2018-03-12,-0.003219
47896,46625H10,JPM,20436,2018-03-13,-0.011984
47896,46625H10,JPM,20436,2018-03-14,-0.011183
47896,46625H10,JPM,20436,2018-03-15,0.002523
47896,46625H10,JPM,20436,2018-03-16,0.001736
47896,46625H10,JPM,20436,2018-03-19,-0.007883
47896,46625H10,JPM,20436,2018-03-20,0.000960
47896,46625H10,JPM,20436,2018-03-21,0.000872
47896,46625H10,JPM,20436,2018-03-22,-0.041747
47896,46625H10,JPM,20436,2018-03-23,-0.026739
47896,46625H10,JPM,20436,2018-03-26,0.030838
47896,46625H10,JPM,20436,2018-03-27,-0.019400
47896,46625H10,JPM,20436,2018-03-28,-0.001572
47896,46625H10,JPM,20436,2018-03-29,0.018241
47896,46625H10,JPM,20436,2018-04-02,-0.019278
47896,46625H10,JPM,20436,2018-04-03,0.013723
47896,46625H10,JPM,20436,2018-04-04,0.015183
47896,46625H10,JPM,20436,2018-04-05,0.013064
47896,46625H10,JPM,20436,2018-04-06,-0.024937
47896,46625H10,JPM,20436,2018-04-09,0.012008
47896,46625H10,JPM,20436,2018-04-10,0.019112
47896,46625H10,JPM,20436,2018-04-11,-0.016799
47896,46625H10,JPM,20436,2018-04-12,0.024860
47896,46625H10,JPM,20436,2018-04-13,-0.027079
47896,46625H10,JPM,20436,2018-04-16,-0.000816
47896,46625H10,JPM,20436,2018-04-17,0.000000
47896,46625H10,JPM,20436,2018-04-18,-0.008075
47896,46625H10,JPM,20436,2018-04-19,0.021954
47896,46625H10,JPM,20436,2018-04-20,-0.002238
47896,46625H10,JPM,20436,2018-04-23,-0.004844
47896,46625H10,JPM,20436,2018-04-24,-0.004688
47896,46625H10,JPM,20436,2018-04-25,-0.003804
47896,46625H10,JPM,20436,2018-04-26,0.001000
47896,46625H10,JPM,20436,2018-04-27,-0.006358
47896,46625H10,JPM,20436,2018-04-30,-0.005667
47896,46625H10,JPM,20436,2018-05-01,0.000000
47896,46625H10,JPM,20436,2018-05-02,-0.007906
47896,46625H10,JPM,20436,2018-05-03,-0.006301
47896,46625H10,JPM,20436,2018-05-04,0.011097
47896,46625H10,JPM,20436,2018-05-07,0.008669
47896,46625H10,JPM,20436,2018-05-08,0.014812
47896,46625H10,JPM,20436,2018-05-09,0.021804
47896,46625H10,JPM,20436,2018-05-10,0.007759
47896,46625H10,JPM,20436,2018-05-11,-0.003762
47896,46625H10,JPM,20436,2018-05-14,0.000351
47896,46625H10,JPM,20436,2018-05-15,-0.007638
47896,46625H10,JPM,20436,2018-05-16,0.002743
47896,46625H10,JPM,20436,2018-05-17,-0.003353
47896,46625H10,JPM,20436,2018-05-18,-0.016200
47896,46625H10,JPM,20436,2018-05-21,0.009178
47896,46625H10,JPM,20436,2018-05-22,0.007668
47896,46625H10,JPM,20436,2018-05-23,-0.004601
47896,46625H10,JPM,20436,2018-05-24,-0.011201
47896,46625H10,JPM,20436,2018-05-25,-0.005125
47896,46625H10,JPM,20436,2018-05-29,-0.042744
47896,46625H10,JPM,20436,2018-05-30,0.022845
47896,46625H10,JPM,20436,2018-05-31,-0.012367
47896,46625H10,JPM,20436,2018-06-01,0.012989
47896,46625H10,JPM,20436,2018-06-04,0.000461
47896,46625H10,JPM,20436,2018-06-05,-0.005625
47896,46625H10,JPM,20436,2018-06-06,0.023368
47896,46625H10,JPM,20436,2018-06-07,0.003987
47896,46625H10,JPM,20436,2018-06-08,0.002798
47896,46625H10,JPM,20436,2018-06-11,-0.002520
47896,46625H10,JPM,20436,2018-06-12,-0.005775
47896,46625H10,JPM,20436,2018-06-13,-0.001997
47896,46625H10,JPM,20436,2018-06-14,-0.017641
47896,46625H10,JPM,20436,2018-06-15,-0.001203
47896,46625H10,JPM,20436,2018-06-18,0.002595
47896,46625H10,JPM,20436,2018-06-19,-0.005824
47896,46625H10,JPM,20436,2018-06-20,-0.000093
47896,46625H10,JPM,20436,2018-06-21,-0.000279
47896,46625H10,JPM,20436,2018-06-22,-0.016371
47896,46625H10,JPM,20436,2018-06-25,-0.009078
47896,46625H10,JPM,20436,2018-06-26,0.000668
47896,46625H10,JPM,20436,2018-06-27,-0.015449
47896,46625H10,JPM,20436,2018-06-28,0.016370
47896,46625H10,JPM,20436,2018-06-29,-0.006957
47896,46625H10,JPM,20436,2018-07-02,0.008445
47896,46625H10,JPM,20436,2018-07-03,-0.013989
47896,46625H10,JPM,20436,2018-07-05,0.006467
47896,46625H10,JPM,20436,2018-07-06,0.003278
47896,46625H10,JPM,20436,2018-07-09,0.030944
47896,46625H10,JPM,20436,2018-07-10,-0.006152
47896,46625H10,JPM,20436,2018-07-11,-0.002157
47896,46625H10,JPM,20436,2018-07-12,0.004324
47896,46625H10,JPM,20436,2018-07-13,-0.004586
47896,46625H10,JPM,20436,2018-07-16,0.039677
47896,46625H10,JPM,20436,2018-07-17,-0.000723
47896,46625H10,JPM,20436,2018-07-18,0.009321
47896,46625H10,JPM,20436,2018-07-19,-0.014705
47896,46625H10,JPM,20436,2018-07-20,0.012649
47896,46625H10,JPM,20436,2018-07-23,0.018602
47896,46625H10,JPM,20436,2018-07-24,0.007058
47896,46625H10,JPM,20436,2018-07-25,0.009023
47896,46625H10,JPM,20436,2018-07-26,-0.002865
47896,46625H10,JPM,20436,2018-07-27,0.010274
47896,46625H10,JPM,20436,2018-07-30,0.006033
47896,46625H10,JPM,20436,2018-07-31,-0.015249
47896,46625H10,JPM,20436,2018-08-01,0.006177
47896,46625H10,JPM,20436,2018-08-02,0.004237
47896,46625H10,JPM,20436,2018-08-03,0.008093
47896,46625H10,JPM,20436,2018-08-06,0.000256
47896,46625H10,JPM,20436,2018-08-07,0.003671
47896,46625H10,JPM,20436,2018-08-08,0.002042
47896,46625H10,JPM,20436,2018-08-09,-0.007726
47896,46625H10,JPM,20436,2018-08-10,-0.009839
47896,46625H10,JPM,20436,2018-08-13,-0.015899
47896,46625H10,JPM,20436,2018-08-14,0.006673
47896,46625H10,JPM,20436,2018-08-15,-0.008286
47896,46625H10,JPM,20436,2018-08-16,0.009411
47896,46625H10,JPM,20436,2018-08-17,0.000000
47896,46625H10,JPM,20436,2018-08-20,-0.001307
47896,46625H10,JPM,20436,2018-08-21,0.006107
47896,46625H10,JPM,20436,2018-08-22,-0.003035
47896,46625H10,JPM,20436,2018-08-23,-0.002088
47896,46625H10,JPM,20436,2018-08-24,-0.000436
47896,46625H10,JPM,20436,2018-08-27,0.017701
47896,46625H10,JPM,20436,2018-08-28,-0.004884
47896,46625H10,JPM,20436,2018-08-29,-0.003272
47896,46625H10,JPM,20436,2018-08-30,-0.004924
47896,46625H10,JPM,20436,2018-08-31,-0.005296
47896,46625H10,JPM,20436,2018-09-04,0.004975
47896,46625H10,JPM,20436,2018-09-05,-0.004863
47896,46625H10,JPM,20436,2018-09-06,-0.004276
47896,46625H10,JPM,20436,2018-09-07,0.001928
47896,46625H10,JPM,20436,2018-09-10,-0.005336
47896,46625H10,JPM,20436,2018-09-11,0.006332
47896,46625H10,JPM,20436,2018-09-12,-0.011798
47896,46625H10,JPM,20436,2018-09-13,0.003891
47896,46625H10,JPM,20436,2018-09-14,-0.000176
47896,46625H10,JPM,20436,2018-09-17,0.002996
47896,46625H10,JPM,20436,2018-09-18,0.004041
47896,46625H10,JPM,20436,2018-09-19,0.029046
47896,46625H10,JPM,20436,2018-09-20,0.008587
47896,46625H10,JPM,20436,2018-09-21,-0.006575
47896,46625H10,JPM,20436,2018-09-24,-0.009588
47896,46625H10,JPM,20436,2018-09-25,-0.002827
47896,46625H10,JPM,20436,2018-09-26,-0.011771
47896,46625H10,JPM,20436,2018-09-27,-0.004347
47896,46625H10,JPM,20436,2018-09-28,-0.014670
47896,46625H10,JPM,20436,2018-10-01,0.005849
47896,46625H10,JPM,20436,2018-10-02,0.004141
47896,46625H10,JPM,20436,2018-10-03,0.009388
47896,46625H10,JPM,20436,2018-10-04,0.008953
47896,46625H10,JPM,20436,2018-10-05,-0.005639
47896,46625H10,JPM,20436,2018-10-08,0.006107
47896,46625H10,JPM,20436,2018-10-09,-0.006937
47896,46625H10,JPM,20436,2018-10-10,-0.026633
47896,46625H10,JPM,20436,2018-10-11,-0.029963
47896,46625H10,JPM,20436,2018-10-12,-0.010913
47896,46625H10,JPM,20436,2018-10-15,-0.005704
47896,46625H10,JPM,20436,2018-10-16,0.021441
47896,46625H10,JPM,20436,2018-10-17,0.011140
47896,46625H10,JPM,20436,2018-10-18,-0.015843
47896,46625H10,JPM,20436,2018-10-19,-0.001665
47896,46625H10,JPM,20436,2018-10-22,-0.014364
47896,46625H10,JPM,20436,2018-10-23,-0.010436
47896,46625H10,JPM,20436,2018-10-24,-0.018622
47896,46625H10,JPM,20436,2018-10-25,0.015200
47896,46625H10,JPM,20436,2018-10-26,-0.013733
47896,46625H10,JPM,20436,2018-10-29,0.013827
47896,46625H10,JPM,20436,2018-10-30,0.017644
47896,46625H10,JPM,20436,2018-10-31,0.021743
47896,46625H10,JPM,20436,2018-11-01,-0.000367
47896,46625H10,JPM,20436,2018-11-02,-0.005506
47896,46625H10,JPM,20436,2018-11-05,0.006551
47896,46625H10,JPM,20436,2018-11-06,0.004675
47896,46625H10,JPM,20436,2018-11-07,0.017153
47896,46625H10,JPM,20436,2018-11-08,0.008073
47896,46625H10,JPM,20436,2018-11-09,-0.009699
47896,46625H10,JPM,20436,2018-11-12,-0.021026
47896,46625H10,JPM,20436,2018-11-13,0.005874
47896,46625H10,JPM,20436,2018-11-14,-0.020622
47896,46625H10,JPM,20436,2018-11-15,0.025529
47896,46625H10,JPM,20436,2018-11-16,-0.000727
47896,46625H10,JPM,20436,2018-11-19,0.007637
47896,46625H10,JPM,20436,2018-11-20,-0.021474
47896,46625H10,JPM,20436,2018-11-21,-0.007469
47896,46625H10,JPM,20436,2018-11-23,-0.009197
47896,46625H10,JPM,20436,2018-11-26,0.024473
47896,46625H10,JPM,20436,2018-11-27,0.004210
47896,46625H10,JPM,20436,2018-11-28,0.011119
47896,46625H10,JPM,20436,2018-11-29,-0.007932
47896,46625H10,JPM,20436,2018-11-30,0.010267
47896,46625H10,JPM,20436,2018-12-03,0.009443
47896,46625H10,JPM,20436,2018-12-04,-0.044636
47896,46625H10,JPM,20436,2018-12-06,-0.019025
47896,46625H10,JPM,20436,2018-12-07,-0.018063
47896,46625H10,JPM,20436,2018-12-10,-0.018685
47896,46625H10,JPM,20436,2018-12-11,-0.009767
47896,46625H10,JPM,20436,2018-12-12,0.006476
47896,46625H10,JPM,20436,2018-12-13,0.000990
47896,46625H10,JPM,20436,2018-12-14,-0.008208
47896,46625H10,JPM,20436,2018-12-17,-0.012763
47896,46625H10,JPM,20436,2018-12-18,-0.004747
47896,46625H10,JPM,20436,2018-12-19,-0.012685
47896,46625H10,JPM,20436,2018-12-20,-0.008634
47896,46625H10,JPM,20436,2018-12-21,-0.023639
47896,46625H10,JPM,20436,2018-12-24,-0.021557
47896,46625H10,JPM,20436,2018-12-26,0.041459
47896,46625H10,JPM,20436,2018-12-27,0.011255
47896,46625H10,JPM,20436,2018-12-28,-0.002164
47896,46625H10,JPM,20436,2018-12-31,0.008159
47896,46625H10,JPM,20436,2019-01-02,0.017312
47896,46625H10,JPM,20436,2019-01-03,-0.014097
47896,46625H10,JPM,20436,2019-01-04,0.036865
47896,46625H10,JPM,20436,2019-01-07,0.000695
47896,46625H10,JPM,20436,2019-01-08,-0.001886
47896,46625H10,JPM,20436,2019-01-09,-0.001690
47896,46625H10,JPM,20436,2019-01-10,-0.000100
47896,46625H10,JPM,20436,2019-01-11,-0.004781
47896,46625H10,JPM,20436,2019-01-14,0.010309
47896,46625H10,JPM,20436,2019-01-15,0.007331
47896,46625H10,JPM,20436,2019-01-16,0.008065
47896,46625H10,JPM,20436,2019-01-17,0.004098
47896,46625H10,JPM,20436,2019-01-18,0.016226
47896,46625H10,JPM,20436,2019-01-22,-0.015776
47896,46625H10,JPM,20436,2019-01-23,-0.002526
47896,46625H10,JPM,20436,2019-01-24,0.000584
47896,46625H10,JPM,20436,2019-01-25,0.006327
47896,46625H10,JPM,20436,2019-01-28,0.004739
47896,46625H10,JPM,20436,2019-01-29,0.002792
47896,46625H10,JPM,20436,2019-01-30,0.002304
47896,46625H10,JPM,20436,2019-01-31,-0.008716
47896,46625H10,JPM,20436,2019-02-01,0.003671
47896,46625H10,JPM,20436,2019-02-04,0.003562
47896,46625H10,JPM,20436,2019-02-05,-0.004412
47896,46625H10,JPM,20436,2019-02-06,-0.000482
47896,46625H10,JPM,20436,2019-02-07,-0.013110
47896,46625H10,JPM,20436,2019-02-08,-0.009963
47896,46625H10,JPM,20436,2019-02-11,-0.004736
47896,46625H10,JPM,20436,2019-02-12,0.017050
47896,46625H10,JPM,20436,2019-02-13,0.004776
47896,46625H10,JPM,20436,2019-02-14,-0.006499
47896,46625H10,JPM,20436,2019-02-15,0.030560
47896,46625H10,JPM,20436,2019-02-19,-0.003505
47896,46625H10,JPM,20436,2019-02-20,0.004849
47896,46625H10,JPM,20436,2019-02-21,-0.002082
47896,46625H10,JPM,20436,2019-02-22,-0.004456
47896,46625H10,JPM,20436,2019-02-25,0.010476
47896,46625H10,JPM,20436,2019-02-26,-0.007634
47896,46625H10,JPM,20436,2019-02-27,-0.001235
47896,46625H10,JPM,20436,2019-02-28,-0.007607
47896,46625H10,JPM,20436,2019-03-01,0.000671
47896,46625H10,JPM,20436,2019-03-04,-0.002298
47896,46625H10,JPM,20436,2019-03-05,-0.000768
47896,46625H10,JPM,20436,2019-03-06,-0.003746
47896,46625H10,JPM,20436,2019-03-07,-0.007231
47896,46625H10,JPM,20436,2019-03-08,0.000388
47896,46625H10,JPM,20436,2019-03-11,0.013008
47896,46625H10,JPM,20436,2019-03-12,-0.002971
47896,46625H10,JPM,20436,2019-03-13,0.003364
47896,46625H10,JPM,20436,2019-03-14,0.009100
47896,46625H10,JPM,20436,2019-03-15,0.011487
47896,46625H10,JPM,20436,2019-03-18,0.006007
47896,46625H10,JPM,20436,2019-03-19,-0.003638
47896,46625H10,JPM,20436,2019-03-20,-0.021348
47896,46625H10,JPM,20436,2019-03-21,-0.015786
47896,46625H10,JPM,20436,2019-03-22,-0.030232
47896,46625H10,JPM,20436,2019-03-25,-0.008320
47896,46625H10,JPM,20436,2019-03-26,0.010007
47896,46625H10,JPM,20436,2019-03-27,-0.003403
47896,46625H10,JPM,20436,2019-03-28,0.011348
47896,46625H10,JPM,20436,2019-03-29,0.005163
47896,46625H10,JPM,20436,2019-04-01,0.033686
47896,46625H10,JPM,20436,2019-04-02,0.004778
47896,46625H10,JPM,20436,2019-04-03,0.001997
47896,46625H10,JPM,20436,2019-04-04,0.009587
47896,46625H10,JPM,20436,2019-04-05,-0.002368
47896,46625H10,JPM,20436,2019-04-08,0.003229
47896,46625H10,JPM,20436,2019-04-09,-0.007383
47896,46625H10,JPM,20436,2019-04-10,0.004482
47896,46625H10,JPM,20436,2019-04-11,0.008449
47896,46625H10,JPM,20436,2019-04-12,0.046879
47896,46625H10,JPM,20436,2019-04-15,-0.011420
47896,46625H10,JPM,20436,2019-04-16,0.010551
47896,46625H10,JPM,20436,2019-04-17,0.028803
47896,46625H10,JPM,20436,2019-04-18,-0.007349
47896,46625H10,JPM,20436,2019-04-22,0.001234
47896,46625H10,JPM,20436,2019-04-23,0.001232
47896,46625H10,JPM,20436,2019-04-24,-0.001670
47896,46625H10,JPM,20436,2019-04-25,0.000528
47896,46625H10,JPM,20436,2019-04-26,0.007570
47896,46625H10,JPM,20436,2019-04-29,0.014414
47896,46625H10,JPM,20436,2019-04-30,-0.000603
47896,46625H10,JPM,20436,2019-05-01,-0.007669
47896,46625H10,JPM,20436,2019-05-02,0.002171
47896,46625H10,JPM,20436,2019-05-03,0.006152
47896,46625H10,JPM,20436,2019-05-06,-0.008870
47896,46625H10,JPM,20436,2019-05-07,-0.016335
47896,46625H10,JPM,20436,2019-05-08,-0.005300
47896,46625H10,JPM,20436,2019-05-09,-0.000799
47896,46625H10,JPM,20436,2019-05-10,-0.000089
47896,46625H10,JPM,20436,2019-05-13,-0.027198
47896,46625H10,JPM,20436,2019-05-14,0.007949
47896,46625H10,JPM,20436,2019-05-15,-0.003807
47896,46625H10,JPM,20436,2019-05-16,0.012830
47896,46625H10,JPM,20436,2019-05-17,-0.004851
47896,46625H10,JPM,20436,2019-05-20,0.005236
47896,46625H10,JPM,20436,2019-05-21,0.003413
47896,46625H10,JPM,20436,2019-05-22,-0.008145
47896,46625H10,JPM,20436,2019-05-23,-0.019672
47896,46625H10,JPM,20436,2019-05-24,0.009849
47896,46625H10,JPM,20436,2019-05-28,-0.010847
47896,46625H10,JPM,20436,2019-05-29,-0.002764
47896,46625H10,JPM,20436,2019-05-30,-0.010719
47896,46625H10,JPM,20436,2019-05-31,-0.010275
47896,46625H10,JPM,20436,2019-06-03,0.004719
47896,46625H10,JPM,20436,2019-06-04,0.030810
47896,46625H10,JPM,20436,2019-06-05,0.003554
47896,46625H10,JPM,20436,2019-06-06,0.002179
47896,46625H10,JPM,20436,2019-06-07,-0.010963
47896,46625H10,JPM,20436,2019-06-10,0.010810
47896,46625H10,JPM,20436,2019-06-11,0.003081
47896,46625H10,JPM,20436,2019-06-12,-0.012739
47896,46625H10,JPM,20436,2019-06-13,0.002471
47896,46625H10,JPM,20436,2019-06-14,0.002556
47896,46625H10,JPM,20436,2019-06-17,-0.005463
47896,46625H10,JPM,20436,2019-06-18,0.013642
47896,46625H10,JPM,20436,2019-06-19,-0.007226
47896,46625H10,JPM,20436,2019-06-20,0.002548
47896,46625H10,JPM,20436,2019-06-21,-0.006806
47896,46625H10,JPM,20436,2019-06-24,-0.007127
47896,46625H10,JPM,20436,2019-06-25,-0.008283
47896,46625H10,JPM,20436,2019-06-26,0.006682
47896,46625H10,JPM,20436,2019-06-27,0.003319
47896,46625H10,JPM,20436,2019-06-28,0.027196
47896,46625H10,JPM,20436,2019-07-01,0.016816
47896,46625H10,JPM,20436,2019-07-02,0.001056
47896,46625H10,JPM,20436,2019-07-03,-0.001582
47896,46625H10,JPM,20436,2019-07-05,0.005939
47896,46625H10,JPM,20436,2019-07-08,-0.005463
47896,46625H10,JPM,20436,2019-07-09,0.004253
47896,46625H10,JPM,20436,2019-07-10,-0.002911
47896,46625H10,JPM,20436,2019-07-11,0.009556
47896,46625H10,JPM,20436,2019-07-12,0.010517
47896,46625H10,JPM,20436,2019-07-15,-0.012142
47896,46625H10,JPM,20436,2019-07-16,0.010711
47896,46625H10,JPM,20436,2019-07-17,-0.009816
47896,46625H10,JPM,20436,2019-07-18,0.005965
47896,46625H10,JPM,20436,2019-07-19,-0.009854
47896,46625H10,JPM,20436,2019-07-22,0.006429
47896,46625H10,JPM,20436,2019-07-23,0.018290
47896,46625H10,JPM,20436,2019-07-24,0.004039
47896,46625H10,JPM,20436,2019-07-25,-0.009587
47896,46625H10,JPM,20436,2019-07-26,0.004408
47896,46625H10,JPM,20436,2019-07-29,-0.003184
47896,46625H10,JPM,20436,2019-07-30,-0.002244
47896,46625H10,JPM,20436,2019-07-31,0.003547
47896,46625H10,JPM,20436,2019-08-01,-0.026379
47896,46625H10,JPM,20436,2019-08-02,-0.000089
47896,46625H10,JPM,20436,2019-08-05,-0.029753
47896,46625H10,JPM,20436,2019-08-06,0.007849
47896,46625H10,JPM,20436,2019-08-07,-0.021733
47896,46625H10,JPM,20436,2019-08-08,0.016940
47896,46625H10,JPM,20436,2019-08-09,-0.001092
47896,46625H10,JPM,20436,2019-08-12,-0.018772
47896,46625H10,JPM,20436,2019-08-13,0.015416
47896,46625H10,JPM,20436,2019-08-14,-0.041522
47896,46625H10,JPM,20436,2019-08-15,0.003817
47896,46625H10,JPM,20436,2019-08-16,0.023954
47896,46625H10,JPM,20436,2019-08-19,0.009005
47896,46625H10,JPM,20436,2019-08-20,-0.012697
47896,46625H10,JPM,20436,2019-08-21,0.002796
47896,46625H10,JPM,20436,2019-08-22,0.010315
47896,46625H10,JPM,20436,2019-08-23,-0.024834
47896,46625H10,JPM,20436,2019-08-26,0.008017
47896,46625H10,JPM,20436,2019-08-27,-0.010574
47896,46625H10,JPM,20436,2019-08-28,0.010025
47896,46625H10,JPM,20436,2019-08-29,0.022659
47896,46625H10,JPM,20436,2019-08-30,0.005860
47896,46625H10,JPM,20436,2019-09-03,-0.011833
47896,46625H10,JPM,20436,2019-09-04,0.012067
47896,46625H10,JPM,20436,2019-09-05,0.022754
47896,46625H10,JPM,20436,2019-09-06,0.002136
47896,46625H10,JPM,20436,2019-09-09,0.024776
47896,46625H10,JPM,20436,2019-09-10,0.012738
47896,46625H10,JPM,20436,2019-09-11,0.002738
47896,46625H10,JPM,20436,2019-09-12,0.006144
47896,46625H10,JPM,20436,2019-09-13,0.019676
47896,46625H10,JPM,20436,2019-09-16,-0.008900
47896,46625H10,JPM,20436,2019-09-17,-0.004951
47896,46625H10,JPM,20436,2019-09-18,0.010036
47896,46625H10,JPM,20436,2019-09-19,-0.003173
47896,46625H10,JPM,20436,2019-09-20,-0.004021
47896,46625H10,JPM,20436,2019-09-23,-0.000168
47896,46625H10,JPM,20436,2019-09-24,-0.013038
47896,46625H10,JPM,20436,2019-09-25,0.005710
47896,46625H10,JPM,20436,2019-09-26,-0.008220
47896,46625H10,JPM,20436,2019-09-27,0.005896
47896,46625H10,JPM,20436,2019-09-30,-0.000255
47896,46625H10,JPM,20436,2019-10-01,-0.018183
47896,46625H10,JPM,20436,2019-10-02,-0.019905
47896,46625H10,JPM,20436,2019-10-03,-0.001413
47896,46625H10,JPM,20436,2019-10-04,0.021660
47896,46625H10,JPM,20436,2019-10-07,-0.002181
47896,46625H10,JPM,20436,2019-10-08,-0.022296
47896,46625H10,JPM,20436,2019-10-09,0.007244
47896,46625H10,JPM,20436,2019-10-10,0.014028
47896,46625H10,JPM,20436,2019-10-11,0.016899
47896,46625H10,JPM,20436,2019-10-14,0.002669
47896,46625H10,JPM,20436,2019-10-15,0.030142
47896,46625H10,JPM,20436,2019-10-16,-0.002334
47896,46625H10,JPM,20436,2019-10-17,0.005598
47896,46625H10,JPM,20436,2019-10-18,0.001745
47896,46625H10,JPM,20436,2019-10-21,0.024801
47896,46625H10,JPM,20436,2019-10-22,0.010036
47896,46625H10,JPM,20436,2019-10-23,0.002644
47896,46625H10,JPM,20436,2019-10-24,-0.000719
47896,46625H10,JPM,20436,2019-10-25,0.007998
47896,46625H10,JPM,20436,2019-10-28,0.003809
47896,46625H10,JPM,20436,2019-10-29,-0.000632
47896,46625H10,JPM,20436,2019-10-30,-0.005537
47896,46625H10,JPM,20436,2019-10-31,-0.006442
47896,46625H10,JPM,20436,2019-11-01,0.023055
47896,46625H10,JPM,20436,2019-11-04,0.007981
47896,46625H10,JPM,20436,2019-11-05,0.002174
47896,46625H10,JPM,20436,2019-11-06,0.001549
47896,46625H10,JPM,20436,2019-11-07,0.005414
47896,46625H10,JPM,20436,2019-11-08,0.002923
47896,46625H10,JPM,20436,2019-11-11,-0.003528
47896,46625H10,JPM,20436,2019-11-12,-0.005850
47896,46625H10,JPM,20436,2019-11-13,-0.005265
47896,46625H10,JPM,20436,2019-11-14,0.000934
47896,46625H10,JPM,20436,2019-11-15,0.007232
47896,46625H10,JPM,20436,2019-11-18,0.008415
47896,46625H10,JPM,20436,2019-11-19,-0.000306
47896,46625H10,JPM,20436,2019-11-20,-0.007275
47896,46625H10,JPM,20436,2019-11-21,0.002314
47896,46625H10,JPM,20436,2019-11-22,0.006619
47896,46625H10,JPM,20436,2019-11-25,0.005352
47896,46625H10,JPM,20436,2019-11-26,0.001369
47896,46625H10,JPM,20436,2019-11-27,0.002962
47896,46625H10,JPM,20436,2019-11-29,-0.002272
47896,46625H10,JPM,20436,2019-12-02,-0.002201
47896,46625H10,JPM,20436,2019-12-03,-0.012855
47896,46625H10,JPM,20436,2019-12-04,0.019726
47896,46625H10,JPM,20436,2019-12-05,0.005441
47896,46625H10,JPM,20436,2019-12-06,0.014881
47896,46625H10,JPM,20436,2019-12-09,-0.004665
47896,46625H10,JPM,20436,2019-12-10,0.000670
47896,46625H10,JPM,20436,2019-12-11,-0.002379
47896,46625H10,JPM,20436,2019-12-12,0.028618
47896,46625H10,JPM,20436,2019-12-13,-0.008767
47896,46625H10,JPM,20436,2019-12-16,0.003874
47896,46625H10,JPM,20436,2019-12-17,0.006116
47896,46625H10,JPM,20436,2019-12-18,-0.001013
47896,46625H10,JPM,20436,2019-12-19,-0.004999
47896,46625H10,JPM,20436,2019-12-20,-0.000801
47896,46625H10,JPM,20436,2019-12-23,-0.000291
47896,46625H10,JPM,20436,2019-12-24,0.002770
47896,46625H10,JPM,20436,2019-12-26,0.010612
47896,46625H10,JPM,20436,2019-12-27,0.000719
47896,46625H10,JPM,20436,2019-12-30,-0.003665
47896,46625H10,JPM,20436,2019-12-31,0.005554
47896,46625H10,JPM,20436,2020-01-02,0.012123
47896,46625H10,JPM,20436,2020-01-03,-0.013112
47896,46625H10,JPM,20436,2020-01-06,-0.000795
47896,46625H10,JPM,20436,2020-01-07,-0.017001
47896,46625H10,JPM,20436,2020-01-08,0.007801
47896,46625H10,JPM,20436,2020-01-09,0.003651
47896,46625H10,JPM,20436,2020-01-10,-0.009968
47896,46625H10,JPM,20436,2020-01-13,0.008305
47896,46625H10,JPM,20436,2020-01-14,0.011662
47896,46625H10,JPM,20436,2020-01-15,-0.014986
47896,46625H10,JPM,20436,2020-01-16,0.003877
47896,46625H10,JPM,20436,2020-01-17,0.006922
47896,46625H10,JPM,20436,2020-01-21,-0.009841
47896,46625H10,JPM,20436,2020-01-22,-0.001169
47896,46625H10,JPM,20436,2020-01-23,-0.001024
47896,46625H10,JPM,20436,2020-01-24,-0.024828
47896,46625H10,JPM,20436,2020-01-27,-0.008412
47896,46625H10,JPM,20436,2020-01-28,0.018178
47896,46625H10,JPM,20436,2020-01-29,-0.001488
47896,46625H10,JPM,20436,2020-01-30,0.012367
47896,46625H10,JPM,20436,2020-01-31,-0.025977
47896,46625H10,JPM,20436,2020-02-03,0.007631
47896,46625H10,JPM,20436,2020-02-04,0.014396
47896,46625H10,JPM,20436,2020-02-05,0.017001
47896,46625H10,JPM,20436,2020-02-06,0.000145
47896,46625H10,JPM,20436,2020-02-07,-0.003197
47896,46625H10,JPM,20436,2020-02-10,0.004155
47896,46625H10,JPM,20436,2020-02-11,0.001888
47896,46625H10,JPM,20436,2020-02-12,0.000000
47896,46625H10,JPM,20436,2020-02-13,-0.000870
47896,46625H10,JPM,20436,2020-02-14,-0.003046
47896,46625H10,JPM,20436,2020-02-18,-0.013240
47896,46625H10,JPM,20436,2020-02-19,0.013639
47896,46625H10,JPM,20436,2020-02-20,0.000000
47896,46625H10,JPM,20436,2020-02-21,-0.012219
47896,46625H10,JPM,20436,2020-02-24,-0.026876
47896,46625H10,JPM,20436,2020-02-25,-0.044643
47896,46625H10,JPM,20436,2020-02-26,0.003010
47896,46625H10,JPM,20436,2020-02-27,-0.041614
47896,46625H10,JPM,20436,2020-02-28,-0.043339
47896,46625H10,JPM,20436,2020-03-02,0.046594
47896,46625H10,JPM,20436,2020-03-03,-0.037525
47896,46625H10,JPM,20436,2020-03-04,0.024709
47896,46625H10,JPM,20436,2020-03-05,-0.049061
47896,46625H10,JPM,20436,2020-03-06,-0.051680
47896,46625H10,JPM,20436,2020-03-09,-0.135455
47896,46625H10,JPM,20436,2020-03-10,0.077697
47896,46625H10,JPM,20436,2020-03-11,-0.047071
47896,46625H10,JPM,20436,2020-03-12,-0.082430
47896,46625H10,JPM,20436,2020-03-13,0.180125
47896,46625H10,JPM,20436,2020-03-16,-0.149649
47896,46625H10,JPM,20436,2020-03-17,0.061114
47896,46625H10,JPM,20436,2020-03-18,-0.105269
47896,46625H10,JPM,20436,2020-03-19,0.016808
47896,46625H10,JPM,20436,2020-03-20,-0.021102
47896,46625H10,JPM,20436,2020-03-23,-0.053533
47896,46625H10,JPM,20436,2020-03-24,0.118942
47896,46625H10,JPM,20436,2020-03-25,0.037318
47896,46625H10,JPM,20436,2020-03-26,0.069661
47896,46625H10,JPM,20436,2020-03-27,-0.071239
47896,46625H10,JPM,20436,2020-03-30,0.026007
47896,46625H10,JPM,20436,2020-03-31,-0.037112
47896,46625H10,JPM,20436,2020-04-01,-0.062979
47896,46625H10,JPM,20436,2020-04-02,0.037340
47896,46625H10,JPM,20436,2020-04-03,-0.029254
47896,46625H10,JPM,20436,2020-04-06,0.064366
47896,46625H10,JPM,20436,2020-04-07,0.013190
47896,46625H10,JPM,20436,2020-04-08,0.040380
47896,46625H10,JPM,20436,2020-04-09,0.089714
47896,46625H10,JPM,20436,2020-04-13,-0.044473
47896,46625H10,JPM,20436,2020-04-14,-0.027396
47896,46625H10,JPM,20436,2020-04-15,-0.049319
47896,46625H10,JPM,20436,2020-04-16,-0.038110
47896,46625H10,JPM,20436,2020-04-17,0.089889
47896,46625H10,JPM,20436,2020-04-20,-0.036457
47896,46625H10,JPM,20436,2020-04-21,-0.029004
47896,46625H10,JPM,20436,2020-04-22,0.003257
47896,46625H10,JPM,20436,2020-04-23,0.000560
47896,46625H10,JPM,20436,2020-04-24,0.014767
47896,46625H10,JPM,20436,2020-04-27,0.043104
47896,46625H10,JPM,20436,2020-04-28,0.007081
47896,46625H10,JPM,20436,2020-04-29,0.026970
47896,46625H10,JPM,20436,2020-04-30,-0.021459
47896,46625H10,JPM,20436,2020-05-01,-0.026211
47896,46625H10,JPM,20436,2020-05-04,-0.011903
47896,46625H10,JPM,20436,2020-05-05,-0.001519
47896,46625H10,JPM,20436,2020-05-06,-0.018804
47896,46625H10,JPM,20436,2020-05-07,0.010413
47896,46625H10,JPM,20436,2020-05-08,0.016336
47896,46625H10,JPM,20436,2020-05-11,-0.029450
47896,46625H10,JPM,20436,2020-05-12,-0.032678
47896,46625H10,JPM,20436,2020-05-13,-0.034471
47896,46625H10,JPM,20436,2020-05-14,0.041533
47896,46625H10,JPM,20436,2020-05-15,-0.018510
47896,46625H10,JPM,20436,2020-05-18,0.052969
47896,46625H10,JPM,20436,2020-05-19,-0.019679
47896,46625H10,JPM,20436,2020-05-20,0.029999
47896,46625H10,JPM,20436,2020-05-21,-0.012701
47896,46625H10,JPM,20436,2020-05-22,-0.007763
47896,46625H10,JPM,20436,2020-05-26,0.070974
47896,46625H10,JPM,20436,2020-05-27,0.057921
47896,46625H10,JPM,20436,2020-05-28,-0.014896
47896,46625H10,JPM,20436,2020-05-29,-0.025536
47896,46625H10,JPM,20436,2020-06-01,0.013257
47896,46625H10,JPM,20436,2020-06-02,0.003347
47896,46625H10,JPM,20436,2020-06-03,0.053978
47896,46625H10,JPM,20436,2020-06-04,0.020811
47896,46625H10,JPM,20436,2020-06-05,0.045002
47896,46625H10,JPM,20436,2020-06-08,0.019959
47896,46625H10,JPM,20436,2020-06-09,-0.025650
47896,46625H10,JPM,20436,2020-06-10,-0.040528
47896,46625H10,JPM,20436,2020-06-11,-0.083443
47896,46625H10,JPM,20436,2020-06-12,0.027363
47896,46625H10,JPM,20436,2020-06-15,0.013818
47896,46625H10,JPM,20436,2020-06-16,0.008000
47896,46625H10,JPM,20436,2020-06-17,-0.025279
47896,46625H10,JPM,20436,2020-06-18,-0.005428
47896,46625H10,JPM,20436,2020-06-19,-0.011421
47896,46625H10,JPM,20436,2020-06-22,-0.010837
47896,46625H10,JPM,20436,2020-06-23,0.012196
47896,46625H10,JPM,20436,2020-06-24,-0.033391
47896,46625H10,JPM,20436,2020-06-25,0.034862
47896,46625H10,JPM,20436,2020-06-26,-0.054818
47896,46625H10,JPM,20436,2020-06-29,0.004428
47896,46625H10,JPM,20436,2020-06-30,0.011398
47896,46625H10,JPM,20436,2020-07-01,-0.008505
47896,46625H10,JPM,20436,2020-07-02,0.003217
47896,46625H10,JPM,20436,2020-07-06,0.025254
47896,46625H10,JPM,20436,2020-07-07,-0.028211
47896,46625H10,JPM,20436,2020-07-08,0.010615
47896,46625H10,JPM,20436,2020-07-09,-0.021651
47896,46625H10,JPM,20436,2020-07-10,0.054667
47896,46625H10,JPM,20436,2020-07-13,0.014335
47896,46625H10,JPM,20436,2020-07-14,0.005735
47896,46625H10,JPM,20436,2020-07-15,0.015477
47896,46625H10,JPM,20436,2020-07-16,0.002808
47896,46625H10,JPM,20436,2020-07-17,-0.018498
47896,46625H10,JPM,20436,2020-07-20,-0.008761
47896,46625H10,JPM,20436,2020-07-21,0.021686
47896,46625H10,JPM,20436,2020-07-22,-0.007243
47896,46625H10,JPM,20436,2020-07-23,0.002938
47896,46625H10,JPM,20436,2020-07-24,-0.007072
47896,46625H10,JPM,20436,2020-07-27,-0.014042
47896,46625H10,JPM,20436,2020-07-28,0.004334
47896,46625H10,JPM,20436,2020-07-29,0.024250
47896,46625H10,JPM,20436,2020-07-30,-0.026685
47896,46625H10,JPM,20436,2020-07-31,-0.003917
47896,46625H10,JPM,20436,2020-08-03,-0.005588
47896,46625H10,JPM,20436,2020-08-04,-0.005723
47896,46625H10,JPM,20436,2020-08-05,0.017373
47896,46625H10,JPM,20436,2020-08-06,0.000309
47896,46625H10,JPM,20436,2020-08-07,0.022007
47896,46625H10,JPM,20436,2020-08-10,0.012679
47896,46625H10,JPM,20436,2020-08-11,0.031598
47896,46625H10,JPM,20436,2020-08-12,-0.008476
47896,46625H10,JPM,20436,2020-08-13,-0.005537
47896,46625H10,JPM,20436,2020-08-14,0.000391
47896,46625H10,JPM,20436,2020-08-17,-0.026365
47896,46625H10,JPM,20436,2020-08-18,-0.013940
47896,46625H10,JPM,20436,2020-08-19,0.002339
47896,46625H10,JPM,20436,2020-08-20,-0.011974
47896,46625H10,JPM,20436,2020-08-21,-0.000514
47896,46625H10,JPM,20436,2020-08-24,0.028155
47896,46625H10,JPM,20436,2020-08-25,0.004397
47896,46625H10,JPM,20436,2020-08-26,-0.014030
47896,46625H10,JPM,20436,2020-08-27,0.032899
47896,46625H10,JPM,20436,2020-08-28,0.004104
47896,46625H10,JPM,20436,2020-08-31,-0.025105
47896,46625H10,JPM,20436,2020-09-01,-0.000499
47896,46625H10,JPM,20436,2020-09-02,0.015079
47896,46625H10,JPM,20436,2020-09-03,-0.003148
47896,46625H10,JPM,20436,2020-09-04,0.021613
47896,46625H10,JPM,20436,2020-09-08,-0.034776
47896,46625H10,JPM,20436,2020-09-09,0.009508
47896,46625H10,JPM,20436,2020-09-10,-0.010310
47896,46625H10,JPM,20436,2020-09-11,0.012421
47896,46625H10,JPM,20436,2020-09-14,0.013852
47896,46625H10,JPM,20436,2020-09-15,-0.031131
47896,46625H10,JPM,20436,2020-09-16,0.004230
47896,46625H10,JPM,20436,2020-09-17,-0.011434
47896,46625H10,JPM,20436,2020-09-18,-0.002131
47896,46625H10,JPM,20436,2020-09-21,-0.030910
47896,46625H10,JPM,20436,2020-09-22,-0.010912
47896,46625H10,JPM,20436,2020-09-23,-0.016230
47896,46625H10,JPM,20436,2020-09-24,-0.000863
47896,46625H10,JPM,20436,2020-09-25,0.008742
47896,46625H10,JPM,20436,2020-09-28,0.028779
47896,46625H10,JPM,20436,2020-09-29,-0.008423
47896,46625H10,JPM,20436,2020-09-30,0.009649
47896,46625H10,JPM,20436,2020-10-01,0.007271
47896,46625H10,JPM,20436,2020-10-02,0.009487
47896,46625H10,JPM,20436,2020-10-05,0.020942
47896,46625H10,JPM,20436,2020-10-06,-0.010299
47896,46625H10,JPM,20436,2020-10-07,0.017445
47896,46625H10,JPM,20436,2020-10-08,0.020555
47896,46625H10,JPM,20436,2020-10-09,-0.005699
47896,46625H10,JPM,20436,2020-10-12,0.012253
47896,46625H10,JPM,20436,2020-10-13,-0.016205
47896,46625H10,JPM,20436,2020-10-14,-0.005557
47896,46625H10,JPM,20436,2020-10-15,0.014967
47896,46625H10,JPM,20436,2020-10-16,-0.002064
47896,46625H10,JPM,20436,2020-10-19,-0.016846
47896,46625H10,JPM,20436,2020-10-20,0.005711
47896,46625H10,JPM,20436,2020-10-21,-0.009963
47896,46625H10,JPM,20436,2020-10-22,0.035323
47896,46625H10,JPM,20436,2020-10-23,0.009040
47896,46625H10,JPM,20436,2020-10-26,-0.024757
47896,46625H10,JPM,20436,2020-10-27,-0.018866
47896,46625H10,JPM,20436,2020-10-28,-0.028088
47896,46625H10,JPM,20436,2020-10-29,0.006526
47896,46625H10,JPM,20436,2020-10-30,0.008953
47896,46625H10,JPM,20436,2020-11-02,0.022542
47896,46625H10,JPM,20436,2020-11-03,0.031521
47896,46625H10,JPM,20436,2020-11-04,-0.030558
47896,46625H10,JPM,20436,2020-11-05,0.040898
47896,46625H10,JPM,20436,2020-11-06,-0.013321
47896,46625H10,JPM,20436,2020-11-09,0.135392
47896,46625H10,JPM,20436,2020-11-10,-0.003251
47896,46625H10,JPM,20436,2020-11-11,-0.014933
47896,46625H10,JPM,20436,2020-11-12,-0.012284
47896,46625H10,JPM,20436,2020-11-13,0.006263
47896,46625H10,JPM,20436,2020-11-16,0.028226
47896,46625H10,JPM,20436,2020-11-17,-0.010145
47896,46625H10,JPM,20436,2020-11-18,-0.007407
47896,46625H10,JPM,20436,2020-11-19,0.002690
47896,46625H10,JPM,20436,2020-11-20,-0.008567
47896,46625H10,JPM,20436,2020-11-23,0.028803
47896,46625H10,JPM,20436,2020-11-24,0.046237
47896,46625H10,JPM,20436,2020-11-25,-0.010461
47896,46625H10,JPM,20436,2020-11-27,-0.006638
47896,46625H10,JPM,20436,2020-11-30,-0.027553
47896,46625H10,JPM,20436,2020-12-01,0.015779
47896,46625H10,JPM,20436,2020-12-02,0.019208
47896,46625H10,JPM,20436,2020-12-03,-0.006555
47896,46625H10,JPM,20436,2020-12-04,0.009073
47896,46625H10,JPM,20436,2020-12-07,-0.003760
47896,46625H10,JPM,20436,2020-12-08,0.000985
47896,46625H10,JPM,20436,2020-12-09,-0.007787
47896,46625H10,JPM,20436,2020-12-10,-0.006444
47896,46625H10,JPM,20436,2020-12-11,-0.005903
47896,46625H10,JPM,20436,2020-12-14,-0.010539
47896,46625H10,JPM,20436,2020-12-15,0.017075
47896,46625H10,JPM,20436,2020-12-16,0.002909
47896,46625H10,JPM,20436,2020-12-17,-0.008287
47896,46625H10,JPM,20436,2020-12-18,-0.004930
47896,46625H10,JPM,20436,2020-12-21,0.037538
47896,46625H10,JPM,20436,2020-12-22,-0.015217
47896,46625H10,JPM,20436,2020-12-23,0.027944
47896,46625H10,JPM,20436,2020-12-24,-0.004398
47896,46625H10,JPM,20436,2020-12-28,0.006585
47896,46625H10,JPM,20436,2020-12-29,-0.002633
47896,46625H10,JPM,20436,2020-12-30,0.002800
47896,46625H10,JPM,20436,2020-12-31,0.013641
47896,46625H10,JPM,20436,2021-01-04,-0.009444
47896,46625H10,JPM,20436,2021-01-05,0.005402
47896,46625H10,JPM,20436,2021-01-06,0.046956
47896,46625H10,JPM,20436,2021-01-07,0.032839
47896,46625H10,JPM,20436,2021-01-08,0.001104
47896,46625H10,JPM,20436,2021-01-11,0.014924
47896,46625H10,JPM,20436,2021-01-12,0.015719
47896,46625H10,JPM,20436,2021-01-13,0.000927
47896,46625H10,JPM,20436,2021-01-14,0.005843
47896,46625H10,JPM,20436,2021-01-15,-0.017922
47896,46625H10,JPM,20436,2021-01-19,-0.004328
47896,46625H10,JPM,20436,2021-01-20,-0.014996
47896,46625H10,JPM,20436,2021-01-21,-0.008384
47896,46625H10,JPM,20436,2021-01-22,-0.007713
47896,46625H10,JPM,20436,2021-01-25,-0.012482
47896,46625H10,JPM,20436,2021-01-26,-0.004087
47896,46625H10,JPM,20436,2021-01-27,-0.028272
47896,46625H10,JPM,20436,2021-01-28,0.017597
47896,46625H10,JPM,20436,2021-01-29,-0.011068
47896,46625H10,JPM,20436,2021-02-01,0.007383
47896,46625H10,JPM,20436,2021-02-02,0.030782
47896,46625H10,JPM,20436,2021-02-03,0.011451
47896,46625H10,JPM,20436,2021-02-04,0.023013
47896,46625H10,JPM,20436,2021-02-05,-0.001953
47896,46625H10,JPM,20436,2021-02-08,0.015654
47896,46625H10,JPM,20436,2021-02-09,-0.003996
47896,46625H10,JPM,20436,2021-02-10,0.000573
47896,46625H10,JPM,20436,2021-02-11,-0.002792
47896,46625H10,JPM,20436,2021-02-12,0.014217
47896,46625H10,JPM,20436,2021-02-16,0.024071
47896,46625H10,JPM,20436,2021-02-17,0.003111
47896,46625H10,JPM,20436,2021-02-18,0.003377
47896,46625H10,JPM,20436,2021-02-19,0.016691
47896,46625H10,JPM,20436,2021-02-22,0.009391
47896,46625H10,JPM,20436,2021-02-23,0.008032
47896,46625H10,JPM,20436,2021-02-24,0.017595
47896,46625H10,JPM,20436,2021-02-25,-0.013572
47896,46625H10,JPM,20436,2021-02-26,-0.026525
47896,46625H10,JPM,20436,2021-03-01,0.022627
47896,46625H10,JPM,20436,2021-03-02,-0.003256
47896,46625H10,JPM,20436,2021-03-03,0.019332
47896,46625H10,JPM,20436,2021-03-04,-0.015369
47896,46625H10,JPM,20436,2021-03-05,0.002325
47896,46625H10,JPM,20436,2021-03-08,0.013253
47896,46625H10,JPM,20436,2021-03-09,-0.007063
47896,46625H10,JPM,20436,2021-03-10,0.021735
47896,46625H10,JPM,20436,2021-03-11,-0.005221
47896,46625H10,JPM,20436,2021-03-12,0.011858
47896,46625H10,JPM,20436,2021-03-15,-0.004995
47896,46625H10,JPM,20436,2021-03-16,-0.011971
47896,46625H10,JPM,20436,2021-03-17,0.010292
47896,46625H10,JPM,20436,2021-03-18,0.016507
47896,46625H10,JPM,20436,2021-03-19,-0.015921
47896,46625H10,JPM,20436,2021-03-22,-0.026879
47896,46625H10,JPM,20436,2021-03-23,-0.010002
47896,46625H10,JPM,20436,2021-03-24,0.007761
47896,46625H10,JPM,20436,2021-03-25,0.012814
47896,46625H10,JPM,20436,2021-03-26,0.016650
47896,46625H10,JPM,20436,2021-03-29,-0.015539
47896,46625H10,JPM,20436,2021-03-30,0.011789
47896,46625H10,JPM,20436,2021-03-31,-0.014565
47896,46625H10,JPM,20436,2021-04-01,0.009722
47896,46625H10,JPM,20436,2021-04-05,0.005270
47896,46625H10,JPM,20436,2021-04-06,-0.007030
47896,46625H10,JPM,20436,2021-04-07,0.015668
47896,46625H10,JPM,20436,2021-04-08,0.001226
47896,46625H10,JPM,20436,2021-04-09,0.007478
47896,46625H10,JPM,20436,2021-04-12,-0.002112
47896,46625H10,JPM,20436,2021-04-13,-0.011927
47896,46625H10,JPM,20436,2021-04-14,-0.018690
47896,46625H10,JPM,20436,2021-04-15,0.006349
47896,46625H10,JPM,20436,2021-04-16,0.007426
47896,46625H10,JPM,20436,2021-04-19,-0.004240
47896,46625H10,JPM,20436,2021-04-20,-0.022142
47896,46625H10,JPM,20436,2021-04-21,0.008508
47896,46625H10,JPM,20436,2021-04-22,-0.021058
47896,46625H10,JPM,20436,2021-04-23,0.019136
47896,46625H10,JPM,20436,2021-04-26,0.002464
47896,46625H10,JPM,20436,2021-04-27,0.004583
47896,46625H10,JPM,20436,2021-04-28,0.006479
47896,46625H10,JPM,20436,2021-04-29,0.019444
47896,46625H10,JPM,20436,2021-04-30,-0.008892
47896,46625H10,JPM,20436,2021-05-03,-0.002926
47896,46625H10,JPM,20436,2021-05-04,0.013824
47896,46625H10,JPM,20436,2021-05-05,0.013121
47896,46625H10,JPM,20436,2021-05-06,0.020124
47896,46625H10,JPM,20436,2021-05-07,0.003423
47896,46625H10,JPM,20436,2021-05-10,-0.000124
47896,46625H10,JPM,20436,2021-05-11,-0.016623
47896,46625H10,JPM,20436,2021-05-12,-0.006875
47896,46625H10,JPM,20436,2021-05-13,0.025722
47896,46625H10,JPM,20436,2021-05-14,0.015542
47896,46625H10,JPM,20436,2021-05-17,0.004024
47896,46625H10,JPM,20436,2021-05-18,-0.014089
47896,46625H10,JPM,20436,2021-05-19,-0.007638
47896,46625H10,JPM,20436,2021-05-20,-0.001738
47896,46625H10,JPM,20436,2021-05-21,0.011378
47896,46625H10,JPM,20436,2021-05-24,0.005410
47896,46625H10,JPM,20436,2021-05-25,-0.010334
47896,46625H10,JPM,20436,2021-05-26,-0.000124
47896,46625H10,JPM,20436,2021-05-27,0.015572
47896,46625H10,JPM,20436,2021-05-28,-0.000669
47896,46625H10,JPM,20436,2021-06-01,0.011020
47896,46625H10,JPM,20436,2021-06-02,0.000060
47896,46625H10,JPM,20436,2021-06-03,0.000662
47896,46625H10,JPM,20436,2021-06-04,0.001625
47896,46625H10,JPM,20436,2021-06-07,-0.004686
47896,46625H10,JPM,20436,2021-06-08,-0.003984
47896,46625H10,JPM,20436,2021-06-09,-0.012485
47896,46625H10,JPM,20436,2021-06-10,-0.015589
47896,46625H10,JPM,20436,2021-06-11,-0.000686
47896,46625H10,JPM,20436,2021-06-14,-0.016969
47896,46625H10,JPM,20436,2021-06-15,-0.015168
47896,46625H10,JPM,20436,2021-06-16,0.007024
47896,46625H10,JPM,20436,2021-06-17,-0.028860
47896,46625H10,JPM,20436,2021-06-18,-0.025303
47896,46625H10,JPM,20436,2021-06-21,0.016969
47896,46625H10,JPM,20436,2021-06-22,-0.001462
47896,46625H10,JPM,20436,2021-06-23,0.006058
47896,46625H10,JPM,20436,2021-06-24,0.009198
47896,46625H10,JPM,20436,2021-06-25,0.010098
47896,46625H10,JPM,20436,2021-06-28,0.001818
47896,46625H10,JPM,20436,2021-06-29,-0.001231
47896,46625H10,JPM,20436,2021-06-30,0.009083
47896,46625H10,JPM,20436,2021-07-01,0.009901
47896,46625H10,JPM,20436,2021-07-02,-0.000955
47896,46625H10,JPM,20436,2021-07-06,-0.016792
47896,46625H10,JPM,20436,2021-07-07,0.001173
47896,46625H10,JPM,20436,2021-07-08,-0.017254
47896,46625H10,JPM,20436,2021-07-09,0.031999
47896,46625H10,JPM,20436,2021-07-12,0.014316
47896,46625H10,JPM,20436,2021-07-13,-0.014873
47896,46625H10,JPM,20436,2021-07-14,-0.003405
47896,46625H10,JPM,20436,2021-07-15,0.002192
47896,46625H10,JPM,20436,2021-07-16,-0.022835
47896,46625H10,JPM,20436,2021-07-19,-0.032519
47896,46625H10,JPM,20436,2021-07-20,0.018643
47896,46625H10,JPM,20436,2021-07-21,0.021041
47896,46625H10,JPM,20436,2021-07-22,-0.012626
47896,46625H10,JPM,20436,2021-07-23,-0.001921
47896,46625H10,JPM,20436,2021-07-26,0.006705
47896,46625H10,JPM,20436,2021-07-27,-0.001319
47896,46625H10,JPM,20436,2021-07-28,0.001651
47896,46625H10,JPM,20436,2021-07-29,0.008570
47896,46625H10,JPM,20436,2021-07-30,-0.007974
47896,46625H10,JPM,20436,2021-08-02,-0.004019
47896,46625H10,JPM,20436,2021-08-03,0.011378
47896,46625H10,JPM,20436,2021-08-04,-0.010792
47896,46625H10,JPM,20436,2021-08-05,0.012629
47896,46625H10,JPM,20436,2021-08-06,0.028404
47896,46625H10,JPM,20436,2021-08-09,-0.001079
47896,46625H10,JPM,20436,2021-08-10,0.012267
47896,46625H10,JPM,20436,2021-08-11,0.011930
47896,46625H10,JPM,20436,2021-08-12,0.003909
47896,46625H10,JPM,20436,2021-08-13,-0.011187
47896,46625H10,JPM,20436,2021-08-16,-0.006563
47896,46625H10,JPM,20436,2021-08-17,-0.012081
47896,46625H10,JPM,20436,2021-08-18,-0.009108
47896,46625H10,JPM,20436,2021-08-19,-0.008356
47896,46625H10,JPM,20436,2021-08-20,0.002852
47896,46625H10,JPM,20436,2021-08-23,0.012797
47896,46625H10,JPM,20436,2021-08-24,0.006190
47896,46625H10,JPM,20436,2021-08-25,0.020613
47896,46625H10,JPM,20436,2021-08-26,0.005158
47896,46625H10,JPM,20436,2021-08-27,0.008037
47896,46625H10,JPM,20436,2021-08-30,-0.016007
47896,46625H10,JPM,20436,2021-08-31,-0.003054
47896,46625H10,JPM,20436,2021-09-01,-0.001438
47896,46625H10,JPM,20436,2021-09-02,0.004633
47896,46625H10,JPM,20436,2021-09-03,-0.006045
47896,46625H10,JPM,20436,2021-09-07,-0.001756
47896,46625H10,JPM,20436,2021-09-08,-0.004460
47896,46625H10,JPM,20436,2021-09-09,0.004353
47896,46625H10,JPM,20436,2021-09-10,-0.011496
47896,46625H10,JPM,20436,2021-09-13,0.015887
47896,46625H10,JPM,20436,2021-09-14,-0.017453
47896,46625H10,JPM,20436,2021-09-15,0.006940
47896,46625H10,JPM,20436,2021-09-16,-0.000443
47896,46625H10,JPM,20436,2021-09-17,-0.002593
47896,46625H10,JPM,20436,2021-09-20,-0.029934
47896,46625H10,JPM,20436,2021-09-21,0.000131
47896,46625H10,JPM,20436,2021-09-22,0.019153
47896,46625H10,JPM,20436,2021-09-23,0.033802
47896,46625H10,JPM,20436,2021-09-24,0.011540
47896,46625H10,JPM,20436,2021-09-27,0.024166
47896,46625H10,JPM,20436,2021-09-28,-0.005390
47896,46625H10,JPM,20436,2021-09-29,-0.000783
47896,46625H10,JPM,20436,2021-09-30,-0.013619
47896,46625H10,JPM,20436,2021-10-01,0.021015
47896,46625H10,JPM,20436,2021-10-04,-0.001077
47896,46625H10,JPM,20436,2021-10-05,0.016232
47896,46625H10,JPM,20436,2021-10-06,0.002134
47896,46625H10,JPM,20436,2021-10-07,0.006331
47896,46625H10,JPM,20436,2021-10-08,0.000764
47896,46625H10,JPM,20436,2021-10-11,-0.021032
47896,46625H10,JPM,20436,2021-10-12,-0.007681
47896,46625H10,JPM,20436,2021-10-13,-0.026367
47896,46625H10,JPM,20436,2021-10-14,0.015342
47896,46625H10,JPM,20436,2021-10-15,0.019208
47896,46625H10,JPM,20436,2021-10-18,-0.000360
47896,46625H10,JPM,20436,2021-10-19,0.012128
47896,46625H10,JPM,20436,2021-10-20,0.013466
47896,46625H10,JPM,20436,2021-10-21,-0.007844
47896,46625H10,JPM,20436,2021-10-22,0.013451
47896,46625H10,JPM,20436,2021-10-25,-0.004890
47896,46625H10,JPM,20436,2021-10-26,0.002691
47896,46625H10,JPM,20436,2021-10-27,-0.020828
47896,46625H10,JPM,20436,2021-10-28,0.015075
47896,46625H10,JPM,20436,2021-10-29,-0.002759
47896,46625H10,JPM,20436,2021-11-01,-0.000530
47896,46625H10,JPM,20436,2021-11-02,0.003946
47896,46625H10,JPM,20436,2021-11-03,0.000352
47896,46625H10,JPM,20436,2021-11-04,-0.013136
47896,46625H10,JPM,20436,2021-11-05,-0.001426
47896,46625H10,JPM,20436,2021-11-08,0.006010
47896,46625H10,JPM,20436,2021-11-09,-0.007571
47896,46625H10,JPM,20436,2021-11-10,-0.000954
47896,46625H10,JPM,20436,2021-11-11,-0.000060
47896,46625H10,JPM,20436,2021-11-12,-0.004475
47896,46625H10,JPM,20436,2021-11-15,-0.001798
47896,46625H10,JPM,20436,2021-11-16,-0.007205
47896,46625H10,JPM,20436,2021-11-17,-0.005382
47896,46625H10,JPM,20436,2021-11-18,-0.008634
47896,46625H10,JPM,20436,2021-11-19,-0.013063
47896,46625H10,JPM,20436,2021-11-22,0.021315
47896,46625H10,JPM,20436,2021-11-23,0.023912
47896,46625H10,JPM,20436,2021-11-24,-0.007844
47896,46625H10,JPM,20436,2021-11-26,-0.030127
47896,46625H10,JPM,20436,2021-11-29,-0.004323
47896,46625H10,JPM,20436,2021-11-30,-0.014886
47896,46625H10,JPM,20436,2021-12-01,-0.005918
47896,46625H10,JPM,20436,2021-12-02,0.021027
47896,46625H10,JPM,20436,2021-12-03,-0.018113
47896,46625H10,JPM,20436,2021-12-06,0.011814
47896,46625H10,JPM,20436,2021-12-07,0.015047
47896,46625H10,JPM,20436,2021-12-08,-0.011441
47896,46625H10,JPM,20436,2021-12-09,-0.001556
47896,46625H10,JPM,20436,2021-12-10,-0.003989
47896,46625H10,JPM,20436,2021-12-13,-0.011888
47896,46625H10,JPM,20436,2021-12-14,0.007662
47896,46625H10,JPM,20436,2021-12-15,-0.007478
47896,46625H10,JPM,20436,2021-12-16,0.015639
47896,46625H10,JPM,20436,2021-12-17,-0.022754
47896,46625H10,JPM,20436,2021-12-20,-0.017989
47896,46625H10,JPM,20436,2021-12-21,0.013966
47896,46625H10,JPM,20436,2021-12-22,0.003908
47896,46625H10,JPM,20436,2021-12-23,0.003574
47896,46625H10,JPM,20436,2021-12-27,0.005723
47896,46625H10,JPM,20436,2021-12-28,0.003035
47896,46625H10,JPM,20436,2021-12-29,-0.000504
47896,46625H10,JPM,20436,2021-12-30,-0.000505
47896,46625H10,JPM,20436,2021-12-31,-0.000820
47896,46625H10,JPM,20436,2022-01-03,0.021156
47896,46625H10,JPM,20436,2022-01-04,0.037910
47896,46625H10,JPM,20436,2022-01-05,-0.018173
47896,46625H10,JPM,20436,2022-01-06,0.010624
47896,46625H10,JPM,20436,2022-01-07,0.009908
47896,46625H10,JPM,20436,2022-01-10,0.000957
47896,46625H10,JPM,20436,2022-01-11,0.001016
47896,46625H10,JPM,20436,2022-01-12,0.005672
47896,46625H10,JPM,20436,2022-01-13,-0.001247
47896,46625H10,JPM,20436,2022-01-14,-0.061463
47896,46625H10,JPM,20436,2022-01-18,-0.041928
47896,46625H10,JPM,20436,2022-01-19,-0.015469
47896,46625H10,JPM,20436,2022-01-20,-0.008527
47896,46625H10,JPM,20436,2022-01-21,-0.017473
47896,46625H10,JPM,20436,2022-01-24,-0.000896
47896,46625H10,JPM,20436,2022-01-25,0.010900
47896,46625H10,JPM,20436,2022-01-26,0.009486
47896,46625H10,JPM,20436,2022-01-27,-0.017645
47896,46625H10,JPM,20436,2022-01-28,0.008946
47896,46625H10,JPM,20436,2022-01-31,0.013573
47896,46625H10,JPM,20436,2022-02-01,0.017160
47896,46625H10,JPM,20436,2022-02-02,-0.008005
47896,46625H10,JPM,20436,2022-02-03,-0.008270
47896,46625H10,JPM,20436,2022-02-04,0.025958
47896,46625H10,JPM,20436,2022-02-07,0.003343
47896,46625H10,JPM,20436,2022-02-08,0.018815
47896,46625H10,JPM,20436,2022-02-09,0.004168
47896,46625H10,JPM,20436,2022-02-10,-0.004151
47896,46625H10,JPM,20436,2022-02-11,-0.013017
47896,46625H10,JPM,20436,2022-02-14,-0.009291
47896,46625H10,JPM,20436,2022-02-15,0.014624
47896,46625H10,JPM,20436,2022-02-16,0.001810
47896,46625H10,JPM,20436,2022-02-17,-0.023032
47896,46625H10,JPM,20436,2022-02-18,0.004689
47896,46625H10,JPM,20436,2022-02-22,-0.001775
47896,46625H10,JPM,20436,2022-02-23,-0.020939
47896,46625H10,JPM,20436,2022-02-24,-0.027843
47896,46625H10,JPM,20436,2022-02-25,0.023660
47896,46625H10,JPM,20436,2022-02-28,-0.041698
47896,46625H10,JPM,20436,2022-03-01,-0.037729
47896,46625H10,JPM,20436,2022-03-02,0.020740
47896,46625H10,JPM,20436,2022-03-03,-0.007108
47896,46625H10,JPM,20436,2022-03-04,-0.028129
47896,46625H10,JPM,20436,2022-03-07,-0.038616
47896,46625H10,JPM,20436,2022-03-08,-0.007043
47896,46625H10,JPM,20436,2022-03-09,0.040062
47896,46625H10,JPM,20436,2022-03-10,-0.011841
47896,46625H10,JPM,20436,2022-03-11,-0.022524
47896,46625H10,JPM,20436,2022-03-14,0.009931
47896,46625H10,JPM,20436,2022-03-15,0.017746
47896,46625H10,JPM,20436,2022-03-16,0.044686
47896,46625H10,JPM,20436,2022-03-17,0.012645
47896,46625H10,JPM,20436,2022-03-18,-0.000357
47896,46625H10,JPM,20436,2022-03-21,-0.003212
47896,46625H10,JPM,20436,2022-03-22,0.021267
47896,46625H10,JPM,20436,2022-03-23,-0.019913
47896,46625H10,JPM,20436,2022-03-24,0.006510
47896,46625H10,JPM,20436,2022-03-25,0.008743
47896,46625H10,JPM,20436,2022-03-28,-0.007399
47896,46625H10,JPM,20436,2022-03-29,0.002201
47896,46625H10,JPM,20436,2022-03-30,-0.004533
47896,46625H10,JPM,20436,2022-03-31,-0.030027
47896,46625H10,JPM,20436,2022-04-01,-0.007409
47896,46625H10,JPM,20436,2022-04-04,0.004434
47896,46625H10,JPM,20436,2022-04-05,-0.011552
47896,46625H10,JPM,20436,2022-04-06,-0.013874
47896,46625H10,JPM,20436,2022-04-07,-0.003042
47896,46625H10,JPM,20436,2022-04-08,0.018308
47896,46625H10,JPM,20436,2022-04-11,-0.003671
47896,46625H10,JPM,20436,2022-04-12,-0.010977
47896,46625H10,JPM,20436,2022-04-13,-0.032234
47896,46625H10,JPM,20436,2022-04-14,-0.009269
47896,46625H10,JPM,20436,2022-04-18,0.018554
47896,46625H10,JPM,20436,2022-04-19,0.020707
47896,46625H10,JPM,20436,2022-04-20,0.003508
47896,46625H10,JPM,20436,2022-04-21,-0.007752
47896,46625H10,JPM,20436,2022-04-22,-0.028722
47896,46625H10,JPM,20436,2022-04-25,-0.000315
47896,46625H10,JPM,20436,2022-04-26,-0.029581
47896,46625H10,JPM,20436,2022-04-27,-0.013006
47896,46625H10,JPM,20436,2022-04-28,0.015813
47896,46625H10,JPM,20436,2022-04-29,-0.032269
47896,46625H10,JPM,20436,2022-05-02,0.009132
47896,46625H10,JPM,20436,2022-05-03,0.021420
47896,46625H10,JPM,20436,2022-05-04,0.033081
47896,46625H10,JPM,20436,2022-05-05,-0.025020
47896,46625H10,JPM,20436,2022-05-06,-0.001614
47896,46625H10,JPM,20436,2022-05-09,-0.015034
47896,46625H10,JPM,20436,2022-05-10,-0.024372
47896,46625H10,JPM,20436,2022-05-11,-0.006308
47896,46625H10,JPM,20436,2022-05-12,-0.000846
47896,46625H10,JPM,20436,2022-05-13,0.008895
47896,46625H10,JPM,20436,2022-05-16,-0.006970
47896,46625H10,JPM,20436,2022-05-17,0.033147
47896,46625H10,JPM,20436,2022-05-18,-0.017106
47896,46625H10,JPM,20436,2022-05-19,-0.014822
47896,46625H10,JPM,20436,2022-05-20,-0.008199
47896,46625H10,JPM,20436,2022-05-23,0.061871
47896,46625H10,JPM,20436,2022-05-24,0.014125
47896,46625H10,JPM,20436,2022-05-25,0.006964
47896,46625H10,JPM,20436,2022-05-26,0.017290
47896,46625H10,JPM,20436,2022-05-27,0.014138
47896,46625H10,JPM,20436,2022-05-31,0.007313
47896,46625H10,JPM,20436,2022-06-01,-0.017545
47896,46625H10,JPM,20436,2022-06-02,0.016088
47896,46625H10,JPM,20436,2022-06-03,-0.013939
47896,46625H10,JPM,20436,2022-06-06,-0.003304
47896,46625H10,JPM,20436,2022-06-07,0.002621
47896,46625H10,JPM,20436,2022-06-08,-0.015915
47896,46625H10,JPM,20436,2022-06-09,-0.021016
47896,46625H10,JPM,20436,2022-06-10,-0.045966
47896,46625H10,JPM,20436,2022-06-13,-0.029778
47896,46625H10,JPM,20436,2022-06-14,-0.016639
47896,46625H10,JPM,20436,2022-06-15,0.011836
47896,46625H10,JPM,20436,2022-06-16,-0.017156
47896,46625H10,JPM,20436,2022-06-17,-0.003526
47896,46625H10,JPM,20436,2022-06-21,0.024772
47896,46625H10,JPM,20436,2022-06-22,-0.005612
47896,46625H10,JPM,20436,2022-06-23,-0.010939
47896,46625H10,JPM,20436,2022-06-24,0.029846
47896,46625H10,JPM,20436,2022-06-27,-0.008012
47896,46625H10,JPM,20436,2022-06-28,-0.004812
47896,46625H10,JPM,20436,2022-06-29,-0.004490
47896,46625H10,JPM,20436,2022-06-30,-0.023330
47896,46625H10,JPM,20436,2022-07-01,0.012787
47896,46625H10,JPM,20436,2022-07-05,-0.003770
47896,46625H10,JPM,20436,2022-07-06,-0.006482
47896,46625H10,JPM,20436,2022-07-07,0.025293
47896,46625H10,JPM,20436,2022-07-08,-0.003138
47896,46625H10,JPM,20436,2022-07-11,-0.013116
47896,46625H10,JPM,20436,2022-07-12,0.000975
47896,46625H10,JPM,20436,2022-07-13,-0.009383
47896,46625H10,JPM,20436,2022-07-14,-0.034939
47896,46625H10,JPM,20436,2022-07-15,0.045833
47896,46625H10,JPM,20436,2022-07-18,-0.010270
47896,46625H10,JPM,20436,2022-07-19,0.024779
47896,46625H10,JPM,20436,2022-07-20,-0.000175
47896,46625H10,JPM,20436,2022-07-21,0.006810
47896,46625H10,JPM,20436,2022-07-22,-0.004856
47896,46625H10,JPM,20436,2022-07-25,0.004008
47896,46625H10,JPM,20436,2022-07-26,-0.015622
47896,46625H10,JPM,20436,2022-07-27,0.016047
47896,46625H10,JPM,20436,2022-07-28,-0.003731
47896,46625H10,JPM,20436,2022-07-29,0.004791
47896,46625H10,JPM,20436,2022-08-01,-0.009969
47896,46625H10,JPM,20436,2022-08-02,-0.015585
47896,46625H10,JPM,20436,2022-08-03,0.010495
47896,46625H10,JPM,20436,2022-08-04,-0.011003
47896,46625H10,JPM,20436,2022-08-05,0.030260
47896,46625H10,JPM,20436,2022-08-08,-0.012180
47896,46625H10,JPM,20436,2022-08-09,0.009007
47896,46625H10,JPM,20436,2022-08-10,0.026088
47896,46625H10,JPM,20436,2022-08-11,0.014782
47896,46625H10,JPM,20436,2022-08-12,0.016564
47896,46625H10,JPM,20436,2022-08-15,0.002702
47896,46625H10,JPM,20436,2022-08-16,0.009554
47896,46625H10,JPM,20436,2022-08-17,-0.008412
47896,46625H10,JPM,20436,2022-08-18,-0.007749
47896,46625H10,JPM,20436,2022-08-19,-0.024745
47896,46625H10,JPM,20436,2022-08-22,-0.016522
47896,46625H10,JPM,20436,2022-08-23,-0.009857
47896,46625H10,JPM,20436,2022-08-24,0.002424
47896,46625H10,JPM,20436,2022-08-25,0.023748
47896,46625H10,JPM,20436,2022-08-26,-0.032729
47896,46625H10,JPM,20436,2022-08-29,-0.002442
47896,46625H10,JPM,20436,2022-08-30,0.000175
47896,46625H10,JPM,20436,2022-08-31,-0.005944
47896,46625H10,JPM,20436,2022-09-01,0.006858
47896,46625H10,JPM,20436,2022-09-02,-0.006986
47896,46625H10,JPM,20436,2022-09-06,0.000264
47896,46625H10,JPM,20436,2022-09-07,0.018991
47896,46625H10,JPM,20436,2022-09-08,0.023296
47896,46625H10,JPM,20436,2022-09-09,0.004806
47896,46625H10,JPM,20436,2022-09-12,0.011832
47896,46625H10,JPM,20436,2022-09-13,-0.034749
47896,46625H10,JPM,20436,2022-09-14,-0.002320
47896,46625H10,JPM,20436,2022-09-15,0.015071
47896,46625H10,JPM,20436,2022-09-16,-0.006702
47896,46625H10,JPM,20436,2022-09-19,0.009224
47896,46625H10,JPM,20436,2022-09-20,-0.019719
47896,46625H10,JPM,20436,2022-09-21,-0.028835
47896,46625H10,JPM,20436,2022-09-22,-0.011379
47896,46625H10,JPM,20436,2022-09-23,-0.018613
47896,46625H10,JPM,20436,2022-09-26,-0.021532
47896,46625H10,JPM,20436,2022-09-27,-0.008802
47896,46625H10,JPM,20436,2022-09-28,0.020217
47896,46625H10,JPM,20436,2022-09-29,-0.016946
47896,46625H10,JPM,20436,2022-09-30,-0.015637
47896,46625H10,JPM,20436,2022-10-03,0.030909
47896,46625H10,JPM,20436,2022-10-04,0.046784
47896,46625H10,JPM,20436,2022-10-05,-0.012237
47896,46625H10,JPM,20436,2022-10-06,-0.020382
47896,46625H10,JPM,20436,2022-10-07,-0.019974
47896,46625H10,JPM,20436,2022-10-10,-0.009341
47896,46625H10,JPM,20436,2022-10-11,-0.028860
47896,46625H10,JPM,20436,2022-10-12,0.016183
47896,46625H10,JPM,20436,2022-10-13,0.055593
47896,46625H10,JPM,20436,2022-10-14,0.016641
47896,46625H10,JPM,20436,2022-10-17,0.042000
47896,46625H10,JPM,20436,2022-10-18,0.025721
47896,46625H10,JPM,20436,2022-10-19,-0.019606
47896,46625H10,JPM,20436,2022-10-20,-0.003262
47896,46625H10,JPM,20436,2022-10-21,0.052527
47896,46625H10,JPM,20436,2022-10-24,0.001227
47896,46625H10,JPM,20436,2022-10-25,0.002615
47896,46625H10,JPM,20436,2022-10-26,0.011491
47896,46625H10,JPM,20436,2022-10-27,0.003948
47896,46625H10,JPM,20436,2022-10-28,0.011878
47896,46625H10,JPM,20436,2022-10-31,-0.001586
47896,46625H10,JPM,20436,2022-11-01,0.018033
47896,46625H10,JPM,20436,2022-11-02,-0.009208
47896,46625H10,JPM,20436,2022-11-03,0.001811
47896,46625H10,JPM,20436,2022-11-04,0.027358
47896,46625H10,JPM,20436,2022-11-07,0.005280
47896,46625H10,JPM,20436,2022-11-08,0.000609
47896,46625H10,JPM,20436,2022-11-09,-0.013009
47896,46625H10,JPM,20436,2022-11-10,0.041159
47896,46625H10,JPM,20436,2022-11-11,0.001629
47896,46625H10,JPM,20436,2022-11-14,-0.010273
47896,46625H10,JPM,20436,2022-11-15,-0.007244
47896,46625H10,JPM,20436,2022-11-16,0.001354
47896,46625H10,JPM,20436,2022-11-17,-0.004357
47896,46625H10,JPM,20436,2022-11-18,0.009808
47896,46625H10,JPM,20436,2022-11-21,-0.005903
47896,46625H10,JPM,20436,2022-11-22,0.014957
47896,46625H10,JPM,20436,2022-11-23,0.010664
47896,46625H10,JPM,20436,2022-11-25,0.001905
47896,46625H10,JPM,20436,2022-11-28,-0.017478
47896,46625H10,JPM,20436,2022-11-29,0.016450
47896,46625H10,JPM,20436,2022-11-30,0.011863
47896,46625H10,JPM,20436,2022-12-01,-0.014040
47896,46625H10,JPM,20436,2022-12-02,-0.007927
47896,46625H10,JPM,20436,2022-12-05,-0.028041
47896,46625H10,JPM,20436,2022-12-06,0.001675
47896,46625H10,JPM,20436,2022-12-07,-0.000684
47896,46625H10,JPM,20436,2022-12-08,0.010494
47896,46625H10,JPM,20436,2022-12-09,-0.005418
47896,46625H10,JPM,20436,2022-12-12,0.015512
47896,46625H10,JPM,20436,2022-12-13,-0.000969
47896,46625H10,JPM,20436,2022-12-14,-0.004997
47896,46625H10,JPM,20436,2022-12-15,-0.024811
47896,46625H10,JPM,20436,2022-12-16,-0.006226
47896,46625H10,JPM,20436,2022-12-19,0.005956
47896,46625H10,JPM,20436,2022-12-20,0.004844
47896,46625H10,JPM,20436,2022-12-21,0.011248
47896,46625H10,JPM,20436,2022-12-22,-0.011350
47896,46625H10,JPM,20436,2022-12-23,0.004745
47896,46625H10,JPM,20436,2022-12-27,0.003504
47896,46625H10,JPM,20436,2022-12-28,0.005465
47896,46625H10,JPM,20436,2022-12-29,0.005738
47896,46625H10,JPM,20436,2022-12-30,0.006606
55976,93114210,WMT,21880,2018-01-02,-0.001620
55976,93114210,WMT,21880,2018-01-03,0.008723
55976,93114210,WMT,21880,2018-01-04,0.000905
55976,93114210,WMT,21880,2018-01-05,0.005927
55976,93114210,WMT,21880,2018-01-08,0.014781
55976,93114210,WMT,21880,2018-01-09,-0.012007
55976,93114210,WMT,21880,2018-01-10,-0.007172
55976,93114210,WMT,21880,2018-01-11,0.003512
55976,93114210,WMT,21880,2018-01-12,0.008498
55976,93114210,WMT,21880,2018-01-16,-0.001784
55976,93114210,WMT,21880,2018-01-17,0.019962
55976,93114210,WMT,21880,2018-01-18,0.015579
55976,93114210,WMT,21880,2018-01-19,0.002780
55976,93114210,WMT,21880,2018-01-22,0.008223
55976,93114210,WMT,21880,2018-01-23,0.004267
55976,93114210,WMT,21880,2018-01-24,-0.001039
55976,93114210,WMT,21880,2018-01-25,0.007657
55976,93114210,WMT,21880,2018-01-26,0.016792
55976,93114210,WMT,21880,2018-01-29,0.010702
55976,93114210,WMT,21880,2018-01-30,-0.016613
55976,93114210,WMT,21880,2018-01-31,-0.010489
55976,93114210,WMT,21880,2018-02-01,-0.010131
55976,93114210,WMT,21880,2018-02-02,-0.009856
55976,93114210,WMT,21880,2018-02-05,-0.042018
55976,93114210,WMT,21880,2018-02-06,0.008093
55976,93114210,WMT,21880,2018-02-07,0.019326
55976,93114210,WMT,21880,2018-02-08,-0.027516
55976,93114210,WMT,21880,2018-02-09,-0.006499
55976,93114210,WMT,21880,2018-02-12,0.001811
55976,93114210,WMT,21880,2018-02-13,0.014365
55976,93114210,WMT,21880,2018-02-14,0.007130
55976,93114210,WMT,21880,2018-02-15,0.015044
55976,93114210,WMT,21880,2018-02-16,0.015015
55976,93114210,WMT,21880,2018-02-20,-0.101832
55976,93114210,WMT,21880,2018-02-21,-0.027521
55976,93114210,WMT,21880,2018-02-22,0.013658
55976,93114210,WMT,21880,2018-02-23,0.001294
55976,93114210,WMT,21880,2018-02-26,0.002476
55976,93114210,WMT,21880,2018-02-27,-0.017182
55976,93114210,WMT,21880,2018-02-28,-0.016499
55976,93114210,WMT,21880,2018-03-01,-0.010332
55976,93114210,WMT,21880,2018-03-02,-0.003480
55976,93114210,WMT,21880,2018-03-05,0.013631
55976,93114210,WMT,21880,2018-03-06,-0.010224
55976,93114210,WMT,21880,2018-03-07,-0.014821
55976,93114210,WMT,21880,2018-03-08,0.007978
55976,93114210,WMT,21880,2018-03-09,0.009099
55976,93114210,WMT,21880,2018-03-12,-0.007326
55976,93114210,WMT,21880,2018-03-13,0.002612
55976,93114210,WMT,21880,2018-03-14,-0.007135
55976,93114210,WMT,21880,2018-03-15,-0.001825
55976,93114210,WMT,21880,2018-03-16,0.018969
55976,93114210,WMT,21880,2018-03-19,-0.019289
55976,93114210,WMT,21880,2018-03-20,0.005718
55976,93114210,WMT,21880,2018-03-21,0.002615
55976,93114210,WMT,21880,2018-03-22,-0.011794
55976,93114210,WMT,21880,2018-03-23,-0.019738
55976,93114210,WMT,21880,2018-03-26,0.024350
55976,93114210,WMT,21880,2018-03-27,-0.016571
55976,93114210,WMT,21880,2018-03-28,0.019988
55976,93114210,WMT,21880,2018-03-29,0.013672
55976,93114210,WMT,21880,2018-04-02,-0.038440
55976,93114210,WMT,21880,2018-04-03,0.014611
55976,93114210,WMT,21880,2018-04-04,0.004839
55976,93114210,WMT,21880,2018-04-05,0.006765
55976,93114210,WMT,21880,2018-04-06,-0.012755
55976,93114210,WMT,21880,2018-04-09,-0.004729
55976,93114210,WMT,21880,2018-04-10,0.001970
55976,93114210,WMT,21880,2018-04-11,-0.006246
55976,93114210,WMT,21880,2018-04-12,-0.005587
55976,93114210,WMT,21880,2018-04-13,0.006906
55976,93114210,WMT,21880,2018-04-16,0.009533
55976,93114210,WMT,21880,2018-04-17,0.012206
55976,93114210,WMT,21880,2018-04-18,-0.003754
55976,93114210,WMT,21880,2018-04-19,0.003654
55976,93114210,WMT,21880,2018-04-20,-0.010354
55976,93114210,WMT,21880,2018-04-23,-0.010117
55976,93114210,WMT,21880,2018-04-24,0.004994
55976,93114210,WMT,21880,2018-04-25,0.007396
55976,93114210,WMT,21880,2018-04-26,0.008833
55976,93114210,WMT,21880,2018-04-27,-0.007391
55976,93114210,WMT,21880,2018-04-30,0.013404
55976,93114210,WMT,21880,2018-05-01,-0.011870
55976,93114210,WMT,21880,2018-05-02,-0.012241
55976,93114210,WMT,21880,2018-05-03,-0.001274
55976,93114210,WMT,21880,2018-05-04,0.015076
55976,93114210,WMT,21880,2018-05-07,-0.023535
55976,93114210,WMT,21880,2018-05-08,0.003159
55976,93114210,WMT,21880,2018-05-09,-0.031257
55976,93114210,WMT,21880,2018-05-10,0.001806
55976,93114210,WMT,21880,2018-05-11,0.008344
55976,93114210,WMT,21880,2018-05-14,0.012113
55976,93114210,WMT,21880,2018-05-15,0.001540
55976,93114210,WMT,21880,2018-05-16,0.019049
55976,93114210,WMT,21880,2018-05-17,-0.019041
55976,93114210,WMT,21880,2018-05-18,-0.010060
55976,93114210,WMT,21880,2018-05-21,0.010402
55976,93114210,WMT,21880,2018-05-22,-0.013490
55976,93114210,WMT,21880,2018-05-23,-0.004318
55976,93114210,WMT,21880,2018-05-24,-0.001927
55976,93114210,WMT,21880,2018-05-25,-0.004707
55976,93114210,WMT,21880,2018-05-29,-0.000728
55976,93114210,WMT,21880,2018-05-30,0.020874
55976,93114210,WMT,21880,2018-05-31,-0.018783
55976,93114210,WMT,21880,2018-06-01,0.005452
55976,93114210,WMT,21880,2018-06-04,0.029281
55976,93114210,WMT,21880,2018-06-05,-0.009365
55976,93114210,WMT,21880,2018-06-06,-0.000709
55976,93114210,WMT,21880,2018-06-07,0.004612
55976,93114210,WMT,21880,2018-06-08,-0.006945
55976,93114210,WMT,21880,2018-06-11,-0.000711
55976,93114210,WMT,21880,2018-06-12,-0.002372
55976,93114210,WMT,21880,2018-06-13,-0.000119
55976,93114210,WMT,21880,2018-06-14,-0.003568
55976,93114210,WMT,21880,2018-06-15,-0.001074
55976,93114210,WMT,21880,2018-06-18,-0.008363
55976,93114210,WMT,21880,2018-06-19,0.007349
55976,93114210,WMT,21880,2018-06-20,0.000000
55976,93114210,WMT,21880,2018-06-21,0.007176
55976,93114210,WMT,21880,2018-06-22,0.007244
55976,93114210,WMT,21880,2018-06-25,0.019453
55976,93114210,WMT,21880,2018-06-26,-0.005667
55976,93114210,WMT,21880,2018-06-27,0.010584
55976,93114210,WMT,21880,2018-06-28,-0.011854
55976,93114210,WMT,21880,2018-06-29,-0.002446
55976,93114210,WMT,21880,2018-07-02,-0.019264
55976,93114210,WMT,21880,2018-07-03,0.005238
55976,93114210,WMT,21880,2018-07-05,0.001540
55976,93114210,WMT,21880,2018-07-06,-0.000709
55976,93114210,WMT,21880,2018-07-09,0.016803
55976,93114210,WMT,21880,2018-07-10,0.014896
55976,93114210,WMT,21880,2018-07-11,-0.007797
55976,93114210,WMT,21880,2018-07-12,-0.000116
55976,93114210,WMT,21880,2018-07-13,0.013638
55976,93114210,WMT,21880,2018-07-16,-0.000684
55976,93114210,WMT,21880,2018-07-17,0.006276
55976,93114210,WMT,21880,2018-07-18,-0.001361
55976,93114210,WMT,21880,2018-07-19,-0.003974
55976,93114210,WMT,21880,2018-07-20,0.003876
55976,93114210,WMT,21880,2018-07-23,-0.004883
55976,93114210,WMT,21880,2018-07-24,0.003766
55976,93114210,WMT,21880,2018-07-25,-0.000682
55976,93114210,WMT,21880,2018-07-26,0.003754
55976,93114210,WMT,21880,2018-07-27,-0.001133
55976,93114210,WMT,21880,2018-07-30,0.008510
55976,93114210,WMT,21880,2018-07-31,0.003938
55976,93114210,WMT,21880,2018-08-01,-0.011095
55976,93114210,WMT,21880,2018-08-02,0.005893
55976,93114210,WMT,21880,2018-08-03,0.009464
55976,93114210,WMT,21880,2018-08-06,0.000781
55976,93114210,WMT,21880,2018-08-07,0.001115
55976,93114210,WMT,21880,2018-08-08,0.003119
55976,93114210,WMT,21880,2018-08-09,-0.005775
55976,93114210,WMT,21880,2018-08-10,0.013145
55976,93114210,WMT,21880,2018-08-13,-0.005988
55976,93114210,WMT,21880,2018-08-14,0.013498
55976,93114210,WMT,21880,2018-08-15,-0.006935
55976,93114210,WMT,21880,2018-08-16,0.093327
55976,93114210,WMT,21880,2018-08-17,-0.008009
55976,93114210,WMT,21880,2018-08-20,-0.018906
55976,93114210,WMT,21880,2018-08-21,0.000833
55976,93114210,WMT,21880,2018-08-22,-0.004267
55976,93114210,WMT,21880,2018-08-23,-0.005122
55976,93114210,WMT,21880,2018-08-24,-0.002416
55976,93114210,WMT,21880,2018-08-27,-0.004318
55976,93114210,WMT,21880,2018-08-28,0.016184
55976,93114210,WMT,21880,2018-08-29,-0.004476
55976,93114210,WMT,21880,2018-08-30,0.004810
55976,93114210,WMT,21880,2018-08-31,-0.002497
55976,93114210,WMT,21880,2018-09-04,-0.005216
55976,93114210,WMT,21880,2018-09-05,0.013213
55976,93114210,WMT,21880,2018-09-06,-0.001759
55976,93114210,WMT,21880,2018-09-07,-0.006428
55976,93114210,WMT,21880,2018-09-10,0.011166
55976,93114210,WMT,21880,2018-09-11,-0.002683
55976,93114210,WMT,21880,2018-09-12,-0.006933
55976,93114210,WMT,21880,2018-09-13,-0.008857
55976,93114210,WMT,21880,2018-09-14,-0.005572
55976,93114210,WMT,21880,2018-09-17,0.002432
55976,93114210,WMT,21880,2018-09-18,0.006433
55976,93114210,WMT,21880,2018-09-19,-0.001991
55976,93114210,WMT,21880,2018-09-20,0.005355
55976,93114210,WMT,21880,2018-09-21,0.001567
55976,93114210,WMT,21880,2018-09-24,-0.010219
55976,93114210,WMT,21880,2018-09-25,0.001896
55976,93114210,WMT,21880,2018-09-26,-0.005363
55976,93114210,WMT,21880,2018-09-27,-0.004863
55976,93114210,WMT,21880,2018-09-28,-0.002337
55976,93114210,WMT,21880,2018-10-01,0.005218
55976,93114210,WMT,21880,2018-10-02,0.007945
55976,93114210,WMT,21880,2018-10-03,-0.011350
55976,93114210,WMT,21880,2018-10-04,0.001488
55976,93114210,WMT,21880,2018-10-05,-0.009553
55976,93114210,WMT,21880,2018-10-08,0.014789
55976,93114210,WMT,21880,2018-10-09,0.025240
55976,93114210,WMT,21880,2018-10-10,-0.013597
55976,93114210,WMT,21880,2018-10-11,-0.019215
55976,93114210,WMT,21880,2018-10-12,0.009476
55976,93114210,WMT,21880,2018-10-15,-0.010442
55976,93114210,WMT,21880,2018-10-16,0.021211
55976,93114210,WMT,21880,2018-10-17,0.007828
55976,93114210,WMT,21880,2018-10-18,-0.004039
55976,93114210,WMT,21880,2018-10-19,0.010190
55976,93114210,WMT,21880,2018-10-22,-0.000103
55976,93114210,WMT,21880,2018-10-23,0.006794
55976,93114210,WMT,21880,2018-10-24,-0.002454
55976,93114210,WMT,21880,2018-10-25,0.016605
55976,93114210,WMT,21880,2018-10-26,-0.002420
55976,93114210,WMT,21880,2018-10-29,0.008692
55976,93114210,WMT,21880,2018-10-30,0.026253
55976,93114210,WMT,21880,2018-10-31,-0.020894
55976,93114210,WMT,21880,2018-11-01,0.002992
55976,93114210,WMT,21880,2018-11-02,0.007556
55976,93114210,WMT,21880,2018-11-05,0.015492
55976,93114210,WMT,21880,2018-11-06,0.004081
55976,93114210,WMT,21880,2018-11-07,0.009581
55976,93114210,WMT,21880,2018-11-08,0.005368
55976,93114210,WMT,21880,2018-11-09,0.006484
55976,93114210,WMT,21880,2018-11-12,-0.016010
55976,93114210,WMT,21880,2018-11-13,-0.008953
55976,93114210,WMT,21880,2018-11-14,-0.013697
55976,93114210,WMT,21880,2018-11-15,-0.019600
55976,93114210,WMT,21880,2018-11-16,-0.018585
55976,93114210,WMT,21880,2018-11-19,-0.009315
55976,93114210,WMT,21880,2018-11-20,-0.027072
55976,93114210,WMT,21880,2018-11-21,0.000106
55976,93114210,WMT,21880,2018-11-23,0.009876
55976,93114210,WMT,21880,2018-11-26,0.000526
55976,93114210,WMT,21880,2018-11-27,-0.001156
55976,93114210,WMT,21880,2018-11-28,0.025463
55976,93114210,WMT,21880,2018-11-29,-0.001744
55976,93114210,WMT,21880,2018-11-30,0.003700
55976,93114210,WMT,21880,2018-12-03,0.011265
55976,93114210,WMT,21880,2018-12-04,-0.029772
55976,93114210,WMT,21880,2018-12-06,-0.005427
55976,93114210,WMT,21880,2018-12-07,-0.016672
55976,93114210,WMT,21880,2018-12-10,0.008048
55976,93114210,WMT,21880,2018-12-11,-0.000958
55976,93114210,WMT,21880,2018-12-12,-0.007885
55976,93114210,WMT,21880,2018-12-13,-0.001611
55976,93114210,WMT,21880,2018-12-14,-0.011941
55976,93114210,WMT,21880,2018-12-17,-0.011758
55976,93114210,WMT,21880,2018-12-18,0.003415
55976,93114210,WMT,21880,2018-12-19,-0.005819
55976,93114210,WMT,21880,2018-12-20,-0.036113
55976,93114210,WMT,21880,2018-12-21,-0.001719
55976,93114210,WMT,21880,2018-12-24,-0.015035
55976,93114210,WMT,21880,2018-12-26,0.053484
55976,93114210,WMT,21880,2018-12-27,0.013052
55976,93114210,WMT,21880,2018-12-28,0.005896
55976,93114210,WMT,21880,2018-12-31,0.011071
55976,93114210,WMT,21880,2019-01-02,0.002040
55976,93114210,WMT,21880,2019-01-03,-0.005142
55976,93114210,WMT,21880,2019-01-04,0.006246
55976,93114210,WMT,21880,2019-01-07,0.011772
55976,93114210,WMT,21880,2019-01-08,0.006981
55976,93114210,WMT,21880,2019-01-09,-0.003256
55976,93114210,WMT,21880,2019-01-10,0.000738
55976,93114210,WMT,21880,2019-01-11,-0.001264
55976,93114210,WMT,21880,2019-01-14,0.001160
55976,93114210,WMT,21880,2019-01-15,0.013691
55976,93114210,WMT,21880,2019-01-16,0.001039
55976,93114210,WMT,21880,2019-01-17,0.004048
55976,93114210,WMT,21880,2019-01-18,0.010234
55976,93114210,WMT,21880,2019-01-22,-0.002456
55976,93114210,WMT,21880,2019-01-23,0.012514
55976,93114210,WMT,21880,2019-01-24,-0.003546
55976,93114210,WMT,21880,2019-01-25,-0.014437
55976,93114210,WMT,21880,2019-01-28,0.001238
55976,93114210,WMT,21880,2019-01-29,-0.003606
55976,93114210,WMT,21880,2019-01-30,-0.019750
55976,93114210,WMT,21880,2019-01-31,0.010865
55976,93114210,WMT,21880,2019-02-01,-0.020557
55976,93114210,WMT,21880,2019-02-04,0.009695
55976,93114210,WMT,21880,2019-02-05,0.008758
55976,93114210,WMT,21880,2019-02-06,0.000418
55976,93114210,WMT,21880,2019-02-07,0.011397
55976,93114210,WMT,21880,2019-02-08,-0.011889
55976,93114210,WMT,21880,2019-02-11,0.006487
55976,93114210,WMT,21880,2019-02-12,0.008004
55976,93114210,WMT,21880,2019-02-13,0.010003
55976,93114210,WMT,21880,2019-02-14,0.005922
55976,93114210,WMT,21880,2019-02-15,0.014921
55976,93114210,WMT,21880,2019-02-19,0.022102
55976,93114210,WMT,21880,2019-02-20,-0.022701
55976,93114210,WMT,21880,2019-02-21,-0.004906
55976,93114210,WMT,21880,2019-02-22,0.001610
55976,93114210,WMT,21880,2019-02-25,-0.004319
55976,93114210,WMT,21880,2019-02-26,-0.004338
55976,93114210,WMT,21880,2019-02-27,-0.005877
55976,93114210,WMT,21880,2019-02-28,0.008970
55976,93114210,WMT,21880,2019-03-01,-0.010708
55976,93114210,WMT,21880,2019-03-04,-0.000817
55976,93114210,WMT,21880,2019-03-05,0.005008
55976,93114210,WMT,21880,2019-03-06,-0.000814
55976,93114210,WMT,21880,2019-03-07,-0.008243
55976,93114210,WMT,21880,2019-03-08,0.001437
55976,93114210,WMT,21880,2019-03-11,0.009120
55976,93114210,WMT,21880,2019-03-12,-0.001117
55976,93114210,WMT,21880,2019-03-13,0.006709
55976,93114210,WMT,21880,2019-03-14,-0.002827
55976,93114210,WMT,21880,2019-03-15,0.002036
55976,93114210,WMT,21880,2019-03-18,0.012599
55976,93114210,WMT,21880,2019-03-19,0.001906
55976,93114210,WMT,21880,2019-03-20,-0.012118
55976,93114210,WMT,21880,2019-03-21,0.004258
55976,93114210,WMT,21880,2019-03-22,-0.007874
55976,93114210,WMT,21880,2019-03-25,-0.001119
55976,93114210,WMT,21880,2019-03-26,0.001528
55976,93114210,WMT,21880,2019-03-27,-0.011290
55976,93114210,WMT,21880,2019-03-28,-0.000823
55976,93114210,WMT,21880,2019-03-29,0.004118
55976,93114210,WMT,21880,2019-04-01,0.002973
55976,93114210,WMT,21880,2019-04-02,-0.008996
55976,93114210,WMT,21880,2019-04-03,0.002579
55976,93114210,WMT,21880,2019-04-04,0.009466
55976,93114210,WMT,21880,2019-04-05,0.007339
55976,93114210,WMT,21880,2019-04-08,0.004047
55976,93114210,WMT,21880,2019-04-09,-0.005442
55976,93114210,WMT,21880,2019-04-10,0.009221
55976,93114210,WMT,21880,2019-04-11,0.012048
55976,93114210,WMT,21880,2019-04-12,0.007540
55976,93114210,WMT,21880,2019-04-15,0.008566
55976,93114210,WMT,21880,2019-04-16,0.004881
55976,93114210,WMT,21880,2019-04-17,0.002235
55976,93114210,WMT,21880,2019-04-18,0.000194
55976,93114210,WMT,21880,2019-04-22,-0.007850
55976,93114210,WMT,21880,2019-04-23,0.006838
55976,93114210,WMT,21880,2019-04-24,0.004463
55976,93114210,WMT,21880,2019-04-25,-0.000097
55976,93114210,WMT,21880,2019-04-26,-0.019223
55976,93114210,WMT,21880,2019-04-29,0.000295
55976,93114210,WMT,21880,2019-04-30,0.012603
55976,93114210,WMT,21880,2019-05-01,-0.014391
55976,93114210,WMT,21880,2019-05-02,-0.002072
55976,93114210,WMT,21880,2019-05-03,0.009194
55976,93114210,WMT,21880,2019-05-06,0.003723
55976,93114210,WMT,21880,2019-05-07,-0.011321
55976,93114210,WMT,21880,2019-05-08,-0.009872
55976,93114210,WMT,21880,2019-05-09,-0.002293
55976,93114210,WMT,21880,2019-05-10,0.023810
55976,93114210,WMT,21880,2019-05-13,-0.019821
55976,93114210,WMT,21880,2019-05-14,0.004004
55976,93114210,WMT,21880,2019-05-15,-0.004088
55976,93114210,WMT,21880,2019-05-16,0.014317
55976,93114210,WMT,21880,2019-05-17,-0.004442
55976,93114210,WMT,21880,2019-05-20,0.006544
55976,93114210,WMT,21880,2019-05-21,-0.003940
55976,93114210,WMT,21880,2019-05-22,0.010977
55976,93114210,WMT,21880,2019-05-23,-0.003619
55976,93114210,WMT,21880,2019-05-24,0.007952
55976,93114210,WMT,21880,2019-05-28,-0.002435
55976,93114210,WMT,21880,2019-05-29,-0.002929
55976,93114210,WMT,21880,2019-05-30,0.000685
55976,93114210,WMT,21880,2019-05-31,-0.007339
55976,93114210,WMT,21880,2019-06-03,0.005126
55976,93114210,WMT,21880,2019-06-04,0.005885
55976,93114210,WMT,21880,2019-06-05,0.018136
55976,93114210,WMT,21880,2019-06-06,0.006608
55976,93114210,WMT,21880,2019-06-07,0.009038
55976,93114210,WMT,21880,2019-06-10,0.013766
55976,93114210,WMT,21880,2019-06-11,0.003906
55976,93114210,WMT,21880,2019-06-12,0.008153
55976,93114210,WMT,21880,2019-06-13,-0.001562
55976,93114210,WMT,21880,2019-06-14,0.003866
55976,93114210,WMT,21880,2019-06-17,0.000825
55976,93114210,WMT,21880,2019-06-18,0.004489
55976,93114210,WMT,21880,2019-06-19,-0.000274
55976,93114210,WMT,21880,2019-06-20,0.006386
55976,93114210,WMT,21880,2019-06-21,0.007342
55976,93114210,WMT,21880,2019-06-24,0.000990
55976,93114210,WMT,21880,2019-06-25,-0.004675
55976,93114210,WMT,21880,2019-06-26,-0.005058
55976,93114210,WMT,21880,2019-06-27,-0.000545
55976,93114210,WMT,21880,2019-06-28,0.003542
55976,93114210,WMT,21880,2019-07-01,0.001177
55976,93114210,WMT,21880,2019-07-02,0.008859
55976,93114210,WMT,21880,2019-07-03,0.006452
55976,93114210,WMT,21880,2019-07-05,-0.003027
55976,93114210,WMT,21880,2019-07-08,0.006608
55976,93114210,WMT,21880,2019-07-09,0.001419
55976,93114210,WMT,21880,2019-07-10,0.000886
55976,93114210,WMT,21880,2019-07-11,0.008320
55976,93114210,WMT,21880,2019-07-12,0.005969
55976,93114210,WMT,21880,2019-07-15,0.003316
55976,93114210,WMT,21880,2019-07-16,-0.001913
55976,93114210,WMT,21880,2019-07-17,-0.001394
55976,93114210,WMT,21880,2019-07-18,0.001047
55976,93114210,WMT,21880,2019-07-19,-0.007148
55976,93114210,WMT,21880,2019-07-22,-0.009482
55976,93114210,WMT,21880,2019-07-23,-0.006470
55976,93114210,WMT,21880,2019-07-24,-0.000803
55976,93114210,WMT,21880,2019-07-25,0.001964
55976,93114210,WMT,21880,2019-07-26,0.007129
55976,93114210,WMT,21880,2019-07-29,-0.006636
55976,93114210,WMT,21880,2019-07-30,-0.001870
55976,93114210,WMT,21880,2019-07-31,-0.014992
55976,93114210,WMT,21880,2019-08-01,-0.009060
55976,93114210,WMT,21880,2019-08-02,0.000183
55976,93114210,WMT,21880,2019-08-05,-0.032724
55976,93114210,WMT,21880,2019-08-06,0.013703
55976,93114210,WMT,21880,2019-08-07,0.008670
55976,93114210,WMT,21880,2019-08-08,0.007856
55976,93114210,WMT,21880,2019-08-09,-0.011426
55976,93114210,WMT,21880,2019-08-12,-0.020134
55976,93114210,WMT,21880,2019-08-13,0.021785
55976,93114210,WMT,21880,2019-08-14,-0.011265
55976,93114210,WMT,21880,2019-08-15,0.061111
55976,93114210,WMT,21880,2019-08-16,0.002662
55976,93114210,WMT,21880,2019-08-19,0.007257
55976,93114210,WMT,21880,2019-08-20,-0.015464
55976,93114210,WMT,21880,2019-08-21,-0.000268
55976,93114210,WMT,21880,2019-08-22,-0.000982
55976,93114210,WMT,21880,2019-08-23,-0.009651
55976,93114210,WMT,21880,2019-08-26,0.010466
55976,93114210,WMT,21880,2019-08-27,0.003840
55976,93114210,WMT,21880,2019-08-28,0.002669
55976,93114210,WMT,21880,2019-08-29,0.012065
55976,93114210,WMT,21880,2019-08-30,0.001578
55976,93114210,WMT,21880,2019-09-03,0.003326
55976,93114210,WMT,21880,2019-09-04,0.011078
55976,93114210,WMT,21880,2019-09-05,-0.004055
55976,93114210,WMT,21880,2019-09-06,-0.006150
55976,93114210,WMT,21880,2019-09-09,0.013946
55976,93114210,WMT,21880,2019-09-10,-0.002407
55976,93114210,WMT,21880,2019-09-11,-0.000259
55976,93114210,WMT,21880,2019-09-12,0.007757
55976,93114210,WMT,21880,2019-09-13,0.004362
55976,93114210,WMT,21880,2019-09-16,-0.015839
55976,93114210,WMT,21880,2019-09-17,0.008134
55976,93114210,WMT,21880,2019-09-18,0.005579
55976,93114210,WMT,21880,2019-09-19,-0.000427
55976,93114210,WMT,21880,2019-09-20,-0.001110
55976,93114210,WMT,21880,2019-09-23,0.005471
55976,93114210,WMT,21880,2019-09-24,0.006632
55976,93114210,WMT,21880,2019-09-25,0.000591
55976,93114210,WMT,21880,2019-09-26,-0.001435
55976,93114210,WMT,21880,2019-09-27,0.001268
55976,93114210,WMT,21880,2019-09-30,0.001942
55976,93114210,WMT,21880,2019-10-01,-0.006994
55976,93114210,WMT,21880,2019-10-02,-0.014680
55976,93114210,WMT,21880,2019-10-03,0.001636
55976,93114210,WMT,21880,2019-10-04,0.015906
55976,93114210,WMT,21880,2019-10-07,-0.007871
55976,93114210,WMT,21880,2019-10-08,0.002986
55976,93114210,WMT,21880,2019-10-09,0.011482
55976,93114210,WMT,21880,2019-10-10,0.005718
55976,93114210,WMT,21880,2019-10-11,0.005267
55976,93114210,WMT,21880,2019-10-14,-0.008899
55976,93114210,WMT,21880,2019-10-15,0.003021
55976,93114210,WMT,21880,2019-10-16,-0.000920
55976,93114210,WMT,21880,2019-10-17,0.003517
55976,93114210,WMT,21880,2019-10-18,-0.005841
55976,93114210,WMT,21880,2019-10-21,0.005036
55976,93114210,WMT,21880,2019-10-22,-0.001336
55976,93114210,WMT,21880,2019-10-23,-0.001923
55976,93114210,WMT,21880,2019-10-24,-0.002095
55976,93114210,WMT,21880,2019-10-25,-0.000504
55976,93114210,WMT,21880,2019-10-28,0.001512
55976,93114210,WMT,21880,2019-10-29,-0.017363
55976,93114210,WMT,21880,2019-10-30,0.008109
55976,93114210,WMT,21880,2019-10-31,-0.007113
55976,93114210,WMT,21880,2019-11-01,0.003070
55976,93114210,WMT,21880,2019-11-04,-0.000425
55976,93114210,WMT,21880,2019-11-05,0.010972
55976,93114210,WMT,21880,2019-11-06,0.005384
55976,93114210,WMT,21880,2019-11-07,0.006109
55976,93114210,WMT,21880,2019-11-08,-0.006571
55976,93114210,WMT,21880,2019-11-11,-0.003349
55976,93114210,WMT,21880,2019-11-12,0.000672
55976,93114210,WMT,21880,2019-11-13,0.015615
55976,93114210,WMT,21880,2019-11-14,-0.002728
55976,93114210,WMT,21880,2019-11-15,-0.014753
55976,93114210,WMT,21880,2019-11-18,0.011609
55976,93114210,WMT,21880,2019-11-19,-0.002994
55976,93114210,WMT,21880,2019-11-20,-0.006339
55976,93114210,WMT,21880,2019-11-21,0.006128
55976,93114210,WMT,21880,2019-11-22,-0.004172
55976,93114210,WMT,21880,2019-11-25,-0.003686
55976,93114210,WMT,21880,2019-11-26,0.002270
55976,93114210,WMT,21880,2019-11-27,-0.003608
55976,93114210,WMT,21880,2019-11-29,0.002779
55976,93114210,WMT,21880,2019-12-02,0.001595
55976,93114210,WMT,21880,2019-12-03,-0.005114
55976,93114210,WMT,21880,2019-12-04,0.000169
55976,93114210,WMT,21880,2019-12-05,0.004213
55976,93114210,WMT,21880,2019-12-06,0.009439
55976,93114210,WMT,21880,2019-12-09,-0.003506
55976,93114210,WMT,21880,2019-12-10,-0.001843
55976,93114210,WMT,21880,2019-12-11,-0.001175
55976,93114210,WMT,21880,2019-12-12,0.006387
55976,93114210,WMT,21880,2019-12-13,0.004426
55976,93114210,WMT,21880,2019-12-16,0.002078
55976,93114210,WMT,21880,2019-12-17,0.006139
55976,93114210,WMT,21880,2019-12-18,-0.011708
55976,93114210,WMT,21880,2019-12-19,0.001835
55976,93114210,WMT,21880,2019-12-20,0.001749
55976,93114210,WMT,21880,2019-12-23,-0.010475
55976,93114210,WMT,21880,2019-12-24,0.004033
55976,93114210,WMT,21880,2019-12-26,0.000084
55976,93114210,WMT,21880,2019-12-27,0.000586
55976,93114210,WMT,21880,2019-12-30,-0.001589
55976,93114210,WMT,21880,2019-12-31,-0.004690
55976,93114210,WMT,21880,2020-01-02,0.000841
55976,93114210,WMT,21880,2020-01-03,-0.008828
55976,93114210,WMT,21880,2020-01-06,-0.002036
55976,93114210,WMT,21880,2020-01-07,-0.009265
55976,93114210,WMT,21880,2020-01-08,-0.003432
55976,93114210,WMT,21880,2020-01-09,0.010331
55976,93114210,WMT,21880,2020-01-10,-0.008350
55976,93114210,WMT,21880,2020-01-13,-0.004296
55976,93114210,WMT,21880,2020-01-14,0.002589
55976,93114210,WMT,21880,2020-01-15,-0.007747
55976,93114210,WMT,21880,2020-01-16,0.005378
55976,93114210,WMT,21880,2020-01-17,-0.008110
55976,93114210,WMT,21880,2020-01-21,0.005480
55976,93114210,WMT,21880,2020-01-22,0.004412
55976,93114210,WMT,21880,2020-01-23,-0.002498
55976,93114210,WMT,21880,2020-01-24,-0.012434
55976,93114210,WMT,21880,2020-01-27,0.013028
55976,93114210,WMT,21880,2020-01-28,0.006387
55976,93114210,WMT,21880,2020-01-29,-0.006089
55976,93114210,WMT,21880,2020-01-30,0.005954
55976,93114210,WMT,21880,2020-01-31,-0.017928
55976,93114210,WMT,21880,2020-02-03,-0.001922
55976,93114210,WMT,21880,2020-02-04,0.008751
55976,93114210,WMT,21880,2020-02-05,0.013360
55976,93114210,WMT,21880,2020-02-06,-0.004280
55976,93114210,WMT,21880,2020-02-07,0.001204
55976,93114210,WMT,21880,2020-02-10,-0.010305
55976,93114210,WMT,21880,2020-02-11,0.001302
55976,93114210,WMT,21880,2020-02-12,0.003899
55976,93114210,WMT,21880,2020-02-13,0.013725
55976,93114210,WMT,21880,2020-02-14,0.003832
55976,93114210,WMT,21880,2020-02-18,0.014760
55976,93114210,WMT,21880,2020-02-19,-0.016300
55976,93114210,WMT,21880,2020-02-20,0.000085
55976,93114210,WMT,21880,2020-02-21,0.007562
55976,93114210,WMT,21880,2020-02-24,-0.019059
55976,93114210,WMT,21880,2020-02-25,-0.016592
55976,93114210,WMT,21880,2020-02-26,-0.005333
55976,93114210,WMT,21880,2020-02-27,-0.029706
55976,93114210,WMT,21880,2020-02-28,-0.024638
55976,93114210,WMT,21880,2020-03-02,0.076152
55976,93114210,WMT,21880,2020-03-03,-0.025630
55976,93114210,WMT,21880,2020-03-04,0.034187
55976,93114210,WMT,21880,2020-03-05,-0.007279
55976,93114210,WMT,21880,2020-03-06,0.011301
55976,93114210,WMT,21880,2020-03-09,-0.000597
55976,93114210,WMT,21880,2020-03-10,0.022448
55976,93114210,WMT,21880,2020-03-11,-0.044745
55976,93114210,WMT,21880,2020-03-12,-0.090710
55976,93114210,WMT,21880,2020-03-13,0.096588
55976,93114210,WMT,21880,2020-03-16,-0.064330
55976,93114210,WMT,21880,2020-03-17,0.117085
55976,93114210,WMT,21880,2020-03-18,0.027838
55976,93114210,WMT,21880,2020-03-19,-0.021129
55976,93114210,WMT,21880,2020-03-20,-0.045877
55976,93114210,WMT,21880,2020-03-23,0.002720
55976,93114210,WMT,21880,2020-03-24,0.006563
55976,93114210,WMT,21880,2020-03-25,-0.048944
55976,93114210,WMT,21880,2020-03-26,0.003839
55976,93114210,WMT,21880,2020-03-27,-0.002185
55976,93114210,WMT,21880,2020-03-30,0.051195
55976,93114210,WMT,21880,2020-03-31,-0.013630
55976,93114210,WMT,21880,2020-04-01,0.004577
55976,93114210,WMT,21880,2020-04-02,0.039513
55976,93114210,WMT,21880,2020-04-03,0.006995
55976,93114210,WMT,21880,2020-04-06,0.055156
55976,93114210,WMT,21880,2020-04-07,-0.032363
55976,93114210,WMT,21880,2020-04-08,-0.001230
55976,93114210,WMT,21880,2020-04-09,-0.000328
55976,93114210,WMT,21880,2020-04-13,0.028736
55976,93114210,WMT,21880,2020-04-14,0.029529
55976,93114210,WMT,21880,2020-04-15,-0.001860
55976,93114210,WMT,21880,2020-04-16,0.027726
55976,93114210,WMT,21880,2020-04-17,-0.001587
55976,93114210,WMT,21880,2020-04-20,-0.017181
55976,93114210,WMT,21880,2020-04-21,-0.004929
55976,93114210,WMT,21880,2020-04-22,0.018420
55976,93114210,WMT,21880,2020-04-23,-0.023254
55976,93114210,WMT,21880,2020-04-24,0.007080
55976,93114210,WMT,21880,2020-04-27,-0.008807
55976,93114210,WMT,21880,2020-04-28,-0.002338
55976,93114210,WMT,21880,2020-04-29,-0.034375
55976,93114210,WMT,21880,2020-04-30,-0.016586
55976,93114210,WMT,21880,2020-05-01,0.011271
55976,93114210,WMT,21880,2020-05-04,0.006346
55976,93114210,WMT,21880,2020-05-05,0.008327
55976,93114210,WMT,21880,2020-05-06,-0.011465
55976,93114210,WMT,21880,2020-05-07,-0.007056
55976,93114210,WMT,21880,2020-05-08,0.008614
55976,93114210,WMT,21880,2020-05-11,0.005938
55976,93114210,WMT,21880,2020-05-12,0.000889
55976,93114210,WMT,21880,2020-05-13,-0.000566
55976,93114210,WMT,21880,2020-05-14,-0.002344
55976,93114210,WMT,21880,2020-05-15,0.020418
55976,93114210,WMT,21880,2020-05-18,0.013657
55976,93114210,WMT,21880,2020-05-19,-0.021228
55976,93114210,WMT,21880,2020-05-20,0.004002
55976,93114210,WMT,21880,2020-05-21,-0.003667
55976,93114210,WMT,21880,2020-05-22,-0.005280
55976,93114210,WMT,21880,2020-05-26,-0.003780
55976,93114210,WMT,21880,2020-05-27,-0.011142
55976,93114210,WMT,21880,2020-05-28,0.009879
55976,93114210,WMT,21880,2020-05-29,0.002991
55976,93114210,WMT,21880,2020-06-01,-0.000806
55976,93114210,WMT,21880,2020-06-02,-0.000161
55976,93114210,WMT,21880,2020-06-03,-0.003792
55976,93114210,WMT,21880,2020-06-04,-0.011015
55976,93114210,WMT,21880,2020-06-05,-0.004504
55976,93114210,WMT,21880,2020-06-08,-0.002632
55976,93114210,WMT,21880,2020-06-09,0.000907
55976,93114210,WMT,21880,2020-06-10,-0.001566
55976,93114210,WMT,21880,2020-06-11,-0.008831
55976,93114210,WMT,21880,2020-06-12,-0.019569
55976,93114210,WMT,21880,2020-06-15,0.002888
55976,93114210,WMT,21880,2020-06-16,0.013296
55976,93114210,WMT,21880,2020-06-17,-0.005182
55976,93114210,WMT,21880,2020-06-18,-0.008737
55976,93114210,WMT,21880,2020-06-19,0.015764
55976,93114210,WMT,21880,2020-06-22,0.015269
55976,93114210,WMT,21880,2020-06-23,-0.005013
55976,93114210,WMT,21880,2020-06-24,-0.006360
55976,93114210,WMT,21880,2020-06-25,-0.004904
55976,93114210,WMT,21880,2020-06-26,-0.011611
55976,93114210,WMT,21880,2020-06-29,0.006254
55976,93114210,WMT,21880,2020-06-30,0.006047
55976,93114210,WMT,21880,2020-07-01,-0.000751
55976,93114210,WMT,21880,2020-07-02,-0.004010
55976,93114210,WMT,21880,2020-07-06,-0.002684
55976,93114210,WMT,21880,2020-07-07,0.067794
55976,93114210,WMT,21880,2020-07-08,-0.019772
55976,93114210,WMT,21880,2020-07-09,0.026599
55976,93114210,WMT,21880,2020-07-10,0.022935
55976,93114210,WMT,21880,2020-07-13,-0.008877
55976,93114210,WMT,21880,2020-07-14,0.019225
55976,93114210,WMT,21880,2020-07-15,-0.000076
55976,93114210,WMT,21880,2020-07-16,0.001515
55976,93114210,WMT,21880,2020-07-17,-0.003480
55976,93114210,WMT,21880,2020-07-20,-0.002049
55976,93114210,WMT,21880,2020-07-21,0.006541
55976,93114210,WMT,21880,2020-07-22,0.002494
55976,93114210,WMT,21880,2020-07-23,-0.007689
55976,93114210,WMT,21880,2020-07-24,-0.003039
55976,93114210,WMT,21880,2020-07-27,-0.000229
55976,93114210,WMT,21880,2020-07-28,0.004192
55976,93114210,WMT,21880,2020-07-29,-0.008121
55976,93114210,WMT,21880,2020-07-30,-0.004361
55976,93114210,WMT,21880,2020-07-31,-0.005533
55976,93114210,WMT,21880,2020-08-03,-0.000773
55976,93114210,WMT,21880,2020-08-04,0.018097
55976,93114210,WMT,21880,2020-08-05,-0.013902
55976,93114210,WMT,21880,2020-08-06,-0.003544
55976,93114210,WMT,21880,2020-08-07,0.004793
55976,93114210,WMT,21880,2020-08-10,0.014696
55976,93114210,WMT,21880,2020-08-11,-0.012739
55976,93114210,WMT,21880,2020-08-12,0.012980
55976,93114210,WMT,21880,2020-08-13,0.003791
55976,93114210,WMT,21880,2020-08-14,0.005688
55976,93114210,WMT,21880,2020-08-17,0.022624
55976,93114210,WMT,21880,2020-08-18,-0.006563
55976,93114210,WMT,21880,2020-08-19,-0.017074
55976,93114210,WMT,21880,2020-08-20,-0.013896
55976,93114210,WMT,21880,2020-08-21,0.008118
55976,93114210,WMT,21880,2020-08-24,-0.002279
55976,93114210,WMT,21880,2020-08-25,-0.005330
55976,93114210,WMT,21880,2020-08-26,0.000536
55976,93114210,WMT,21880,2020-08-27,0.045371
55976,93114210,WMT,21880,2020-08-28,0.026861
55976,93114210,WMT,21880,2020-08-31,-0.010335
55976,93114210,WMT,21880,2020-09-01,0.062946
55976,93114210,WMT,21880,2020-09-02,0.000610
55976,93114210,WMT,21880,2020-09-03,-0.021262
55976,93114210,WMT,21880,2020-09-04,-0.011831
55976,93114210,WMT,21880,2020-09-08,-0.030666
55976,93114210,WMT,21880,2020-09-09,0.010401
55976,93114210,WMT,21880,2020-09-10,-0.022017
55976,93114210,WMT,21880,2020-09-11,-0.000804
55976,93114210,WMT,21880,2020-09-14,0.004535
55976,93114210,WMT,21880,2020-09-15,0.000291
55976,93114210,WMT,21880,2020-09-16,-0.008008
55976,93114210,WMT,21880,2020-09-17,0.003156
55976,93114210,WMT,21880,2020-09-18,-0.010242
55976,93114210,WMT,21880,2020-09-21,0.013157
55976,93114210,WMT,21880,2020-09-22,0.009046
55976,93114210,WMT,21880,2020-09-23,-0.016774
55976,93114210,WMT,21880,2020-09-24,0.005221
55976,93114210,WMT,21880,2020-09-25,0.004170
55976,93114210,WMT,21880,2020-09-28,-0.000146
55976,93114210,WMT,21880,2020-09-29,-0.000801
55976,93114210,WMT,21880,2020-09-30,0.020198
55976,93114210,WMT,21880,2020-10-01,0.022657
55976,93114210,WMT,21880,2020-10-02,-0.018032
55976,93114210,WMT,21880,2020-10-05,0.009253
55976,93114210,WMT,21880,2020-10-06,-0.008251
55976,93114210,WMT,21880,2020-10-07,0.001849
55976,93114210,WMT,21880,2020-10-08,0.003336
55976,93114210,WMT,21880,2020-10-09,0.010045
55976,93114210,WMT,21880,2020-10-12,0.010296
55976,93114210,WMT,21880,2020-10-13,0.013726
55976,93114210,WMT,21880,2020-10-14,-0.015660
55976,93114210,WMT,21880,2020-10-15,0.004099
55976,93114210,WMT,21880,2020-10-16,0.001245
55976,93114210,WMT,21880,2020-10-19,-0.012162
55976,93114210,WMT,21880,2020-10-20,0.006646
55976,93114210,WMT,21880,2020-10-21,0.003475
55976,93114210,WMT,21880,2020-10-22,-0.005886
55976,93114210,WMT,21880,2020-10-23,0.002090
55976,93114210,WMT,21880,2020-10-26,-0.011748
55976,93114210,WMT,21880,2020-10-27,0.004994
55976,93114210,WMT,21880,2020-10-28,-0.019808
55976,93114210,WMT,21880,2020-10-29,-0.000857
55976,93114210,WMT,21880,2020-10-30,-0.008362
55976,93114210,WMT,21880,2020-11-02,0.011892
55976,93114210,WMT,21880,2020-11-03,0.016952
55976,93114210,WMT,21880,2020-11-04,-0.005743
55976,93114210,WMT,21880,2020-11-05,0.010637
55976,93114210,WMT,21880,2020-11-06,0.016031
55976,93114210,WMT,21880,2020-11-09,-0.015298
55976,93114210,WMT,21880,2020-11-10,0.014073
55976,93114210,WMT,21880,2020-11-11,0.016625
55976,93114210,WMT,21880,2020-11-12,0.001689
55976,93114210,WMT,21880,2020-11-13,0.015584
55976,93114210,WMT,21880,2020-11-16,0.012621
55976,93114210,WMT,21880,2020-11-17,-0.020139
55976,93114210,WMT,21880,2020-11-18,-0.001875
55976,93114210,WMT,21880,2020-11-19,0.020323
55976,93114210,WMT,21880,2020-11-20,-0.012359
55976,93114210,WMT,21880,2020-11-23,0.004593
55976,93114210,WMT,21880,2020-11-24,0.002849
55976,93114210,WMT,21880,2020-11-25,0.003105
55976,93114210,WMT,21880,2020-11-27,-0.001515
55976,93114210,WMT,21880,2020-11-30,0.007850
55976,93114210,WMT,21880,2020-12-01,-0.000982
55976,93114210,WMT,21880,2020-12-02,-0.013889
55976,93114210,WMT,21880,2020-12-03,-0.008105
55976,93114210,WMT,21880,2020-12-04,-0.002612
55976,93114210,WMT,21880,2020-12-07,-0.005372
55976,93114210,WMT,21880,2020-12-08,0.009047
55976,93114210,WMT,21880,2020-12-09,-0.007896
55976,93114210,WMT,21880,2020-12-10,-0.004654
55976,93114210,WMT,21880,2020-12-11,-0.000272
55976,93114210,WMT,21880,2020-12-14,-0.009184
55976,93114210,WMT,21880,2020-12-15,-0.000481
55976,93114210,WMT,21880,2020-12-16,-0.001030
55976,93114210,WMT,21880,2020-12-17,0.004607
55976,93114210,WMT,21880,2020-12-18,-0.001027
55976,93114210,WMT,21880,2020-12-21,0.000137
55976,93114210,WMT,21880,2020-12-22,-0.012126
55976,93114210,WMT,21880,2020-12-23,-0.006796
55976,93114210,WMT,21880,2020-12-24,0.001955
55976,93114210,WMT,21880,2020-12-28,0.011986
55976,93114210,WMT,21880,2020-12-29,-0.006335
55976,93114210,WMT,21880,2020-12-30,-0.000832
55976,93114210,WMT,21880,2020-12-31,-0.000208
55976,93114210,WMT,21880,2021-01-04,0.016511
55976,93114210,WMT,21880,2021-01-05,-0.005323
55976,93114210,WMT,21880,2021-01-06,0.006244
55976,93114210,WMT,21880,2021-01-07,-0.000068
55976,93114210,WMT,21880,2021-01-08,-0.000136
55976,93114210,WMT,21880,2021-01-11,0.004501
55976,93114210,WMT,21880,2021-01-12,0.011406
55976,93114210,WMT,21880,2021-01-13,-0.010203
55976,93114210,WMT,21880,2021-01-14,-0.003255
55976,93114210,WMT,21880,2021-01-15,-0.015854
55976,93114210,WMT,21880,2021-01-19,-0.008642
55976,93114210,WMT,21880,2021-01-20,0.014785
55976,93114210,WMT,21880,2021-01-21,-0.004536
55976,93114210,WMT,21880,2021-01-22,0.010217
55976,93114210,WMT,21880,2021-01-25,-0.000888
55976,93114210,WMT,21880,2021-01-26,0.008960
55976,93114210,WMT,21880,2021-01-27,-0.024880
55976,93114210,WMT,21880,2021-01-28,-0.000626
55976,93114210,WMT,21880,2021-01-29,-0.022678
55976,93114210,WMT,21880,2021-02-01,-0.008684
55976,93114210,WMT,21880,2021-02-02,0.010770
55976,93114210,WMT,21880,2021-02-03,0.003055
55976,93114210,WMT,21880,2021-02-04,0.009419
55976,93114210,WMT,21880,2021-02-05,0.012839
55976,93114210,WMT,21880,2021-02-08,0.004641
55976,93114210,WMT,21880,2021-02-09,0.005516
55976,93114210,WMT,21880,2021-02-10,-0.011657
55976,93114210,WMT,21880,2021-02-11,-0.000763
55976,93114210,WMT,21880,2021-02-12,0.003125
55976,93114210,WMT,21880,2021-02-16,0.008237
55976,93114210,WMT,21880,2021-02-17,0.010573
55976,93114210,WMT,21880,2021-02-18,-0.064810
55976,93114210,WMT,21880,2021-02-19,0.004940
55976,93114210,WMT,21880,2021-02-22,-0.004699
55976,93114210,WMT,21880,2021-02-23,-0.016123
55976,93114210,WMT,21880,2021-02-24,-0.016683
55976,93114210,WMT,21880,2021-02-25,-0.009459
55976,93114210,WMT,21880,2021-02-26,-0.015385
55976,93114210,WMT,21880,2021-03-01,0.011161
55976,93114210,WMT,21880,2021-03-02,-0.009591
55976,93114210,WMT,21880,2021-03-03,-0.019368
55976,93114210,WMT,21880,2021-03-04,-0.000470
55976,93114210,WMT,21880,2021-03-05,0.012468
55976,93114210,WMT,21880,2021-03-08,-0.009603
55976,93114210,WMT,21880,2021-03-09,0.007898
55976,93114210,WMT,21880,2021-03-10,0.025526
55976,93114210,WMT,21880,2021-03-11,-0.000378
55976,93114210,WMT,21880,2021-03-12,0.015061
55976,93114210,WMT,21880,2021-03-15,-0.005145
55976,93114210,WMT,21880,2021-03-16,-0.000300
55976,93114210,WMT,21880,2021-03-17,-0.008321
55976,93114210,WMT,21880,2021-03-18,-0.013003
55976,93114210,WMT,21880,2021-03-19,0.013307
55976,93114210,WMT,21880,2021-03-22,0.004782
55976,93114210,WMT,21880,2021-03-23,0.011861
55976,93114210,WMT,21880,2021-03-24,-0.006197
55976,93114210,WMT,21880,2021-03-25,0.006761
55976,93114210,WMT,21880,2021-03-26,0.008358
55976,93114210,WMT,21880,2021-03-29,0.011396
55976,93114210,WMT,21880,2021-03-30,-0.006805
55976,93114210,WMT,21880,2021-03-31,0.000663
55976,93114210,WMT,21880,2021-04-01,-0.001546
55976,93114210,WMT,21880,2021-04-05,0.028093
55976,93114210,WMT,21880,2021-04-06,0.004805
55976,93114210,WMT,21880,2021-04-07,-0.002141
55976,93114210,WMT,21880,2021-04-08,-0.000644
55976,93114210,WMT,21880,2021-04-09,0.000501
55976,93114210,WMT,21880,2021-04-12,0.000143
55976,93114210,WMT,21880,2021-04-13,-0.003076
55976,93114210,WMT,21880,2021-04-14,-0.000359
55976,93114210,WMT,21880,2021-04-15,0.006029
55976,93114210,WMT,21880,2021-04-16,0.003211
55976,93114210,WMT,21880,2021-04-19,-0.006401
55976,93114210,WMT,21880,2021-04-20,0.007730
55976,93114210,WMT,21880,2021-04-21,0.002912
55976,93114210,WMT,21880,2021-04-22,-0.010836
55976,93114210,WMT,21880,2021-04-23,0.001647
55976,93114210,WMT,21880,2021-04-26,-0.014224
55976,93114210,WMT,21880,2021-04-27,0.003408
55976,93114210,WMT,21880,2021-04-28,-0.003541
55976,93114210,WMT,21880,2021-04-29,0.012619
55976,93114210,WMT,21880,2021-04-30,0.002005
55976,93114210,WMT,21880,2021-05-03,0.015796
55976,93114210,WMT,21880,2021-05-04,-0.009851
55976,93114210,WMT,21880,2021-05-05,-0.000853
55976,93114210,WMT,21880,2021-05-06,0.007112
55976,93114210,WMT,21880,2021-05-07,-0.006026
55976,93114210,WMT,21880,2021-05-10,0.004422
55976,93114210,WMT,21880,2021-05-11,-0.009019
55976,93114210,WMT,21880,2021-05-12,-0.025869
55976,93114210,WMT,21880,2021-05-13,0.016919
55976,93114210,WMT,21880,2021-05-14,0.009259
55976,93114210,WMT,21880,2021-05-17,-0.004515
55976,93114210,WMT,21880,2021-05-18,0.021744
55976,93114210,WMT,21880,2021-05-19,0.000070
55976,93114210,WMT,21880,2021-05-20,0.003523
55976,93114210,WMT,21880,2021-05-21,-0.004704
55976,93114210,WMT,21880,2021-05-24,0.000071
55976,93114210,WMT,21880,2021-05-25,0.004091
55976,93114210,WMT,21880,2021-05-26,-0.001194
55976,93114210,WMT,21880,2021-05-27,-0.003376
55976,93114210,WMT,21880,2021-05-28,0.002400
55976,93114210,WMT,21880,2021-06-01,-0.002605
55976,93114210,WMT,21880,2021-06-02,-0.002188
55976,93114210,WMT,21880,2021-06-03,0.001769
55976,93114210,WMT,21880,2021-06-04,0.001766
55976,93114210,WMT,21880,2021-06-07,-0.006697
55976,93114210,WMT,21880,2021-06-08,-0.007594
55976,93114210,WMT,21880,2021-06-09,-0.005364
55976,93114210,WMT,21880,2021-06-10,0.005752
55976,93114210,WMT,21880,2021-06-11,0.006220
55976,93114210,WMT,21880,2021-06-14,-0.001350
55976,93114210,WMT,21880,2021-06-15,-0.003984
55976,93114210,WMT,21880,2021-06-16,-0.020357
55976,93114210,WMT,21880,2021-06-17,0.004156
55976,93114210,WMT,21880,2021-06-18,-0.018516
55976,93114210,WMT,21880,2021-06-21,0.009100
55976,93114210,WMT,21880,2021-06-22,0.004619
55976,93114210,WMT,21880,2021-06-23,-0.007809
55976,93114210,WMT,21880,2021-06-24,0.006987
55976,93114210,WMT,21880,2021-06-25,0.011833
55976,93114210,WMT,21880,2021-06-28,-0.003104
55976,93114210,WMT,21880,2021-06-29,-0.005793
55976,93114210,WMT,21880,2021-06-30,0.027094
55976,93114210,WMT,21880,2021-07-01,-0.012055
55976,93114210,WMT,21880,2021-07-02,0.005670
55976,93114210,WMT,21880,2021-07-06,-0.001213
55976,93114210,WMT,21880,2021-07-07,-0.001644
55976,93114210,WMT,21880,2021-07-08,-0.000859
55976,93114210,WMT,21880,2021-07-09,0.005086
55976,93114210,WMT,21880,2021-07-12,-0.001782
55976,93114210,WMT,21880,2021-07-13,0.003784
55976,93114210,WMT,21880,2021-07-14,0.006900
55976,93114210,WMT,21880,2021-07-15,0.000777
55976,93114210,WMT,21880,2021-07-16,-0.000706
55976,93114210,WMT,21880,2021-07-19,-0.002331
55976,93114210,WMT,21880,2021-07-20,0.004532
55976,93114210,WMT,21880,2021-07-21,-0.004934
55976,93114210,WMT,21880,2021-07-22,0.000708
55976,93114210,WMT,21880,2021-07-23,0.008211
55976,93114210,WMT,21880,2021-07-26,0.001404
55976,93114210,WMT,21880,2021-07-27,0.000070
55976,93114210,WMT,21880,2021-07-28,-0.004066
55976,93114210,WMT,21880,2021-07-29,0.001267
55976,93114210,WMT,21880,2021-07-30,0.002179
55976,93114210,WMT,21880,2021-08-02,-0.002315
55976,93114210,WMT,21880,2021-08-03,0.011250
55976,93114210,WMT,21880,2021-08-04,-0.006814
55976,93114210,WMT,21880,2021-08-05,0.018552
55976,93114210,WMT,21880,2021-08-06,-0.001787
55976,93114210,WMT,21880,2021-08-09,0.002410
55976,93114210,WMT,21880,2021-08-10,0.021294
55976,93114210,WMT,21880,2021-08-11,0.008945
55976,93114210,WMT,21880,2021-08-12,-0.002666
55976,93114210,WMT,21880,2021-08-13,0.003153
55976,93114210,WMT,21880,2021-08-16,0.008159
55976,93114210,WMT,21880,2021-08-17,-0.000332
55976,93114210,WMT,21880,2021-08-18,-0.010617
55976,93114210,WMT,21880,2021-08-19,0.006774
55976,93114210,WMT,21880,2021-08-20,0.008927
55976,93114210,WMT,21880,2021-08-23,-0.006603
55976,93114210,WMT,21880,2021-08-24,-0.010302
55976,93114210,WMT,21880,2021-08-25,0.000403
55976,93114210,WMT,21880,2021-08-26,-0.010808
55976,93114210,WMT,21880,2021-08-27,-0.005633
55976,93114210,WMT,21880,2021-08-30,0.008054
55976,93114210,WMT,21880,2021-08-31,0.002708
55976,93114210,WMT,21880,2021-09-01,-0.002161
55976,93114210,WMT,21880,2021-09-02,0.005278
55976,93114210,WMT,21880,2021-09-03,0.004645
55976,93114210,WMT,21880,2021-09-07,-0.013266
55976,93114210,WMT,21880,2021-09-08,0.001290
55976,93114210,WMT,21880,2021-09-09,-0.007053
55976,93114210,WMT,21880,2021-09-10,-0.003620
55976,93114210,WMT,21880,2021-09-13,-0.005689
55976,93114210,WMT,21880,2021-09-14,-0.005239
55976,93114210,WMT,21880,2021-09-15,0.001733
55976,93114210,WMT,21880,2021-09-16,0.003321
55976,93114210,WMT,21880,2021-09-17,-0.002069
55976,93114210,WMT,21880,2021-09-20,-0.013750
55976,93114210,WMT,21880,2021-09-21,0.001962
55976,93114210,WMT,21880,2021-09-22,-0.002307
55976,93114210,WMT,21880,2021-09-23,0.000561
55976,93114210,WMT,21880,2021-09-24,0.002802
55976,93114210,WMT,21880,2021-09-27,-0.006426
55976,93114210,WMT,21880,2021-09-28,-0.012302
55976,93114210,WMT,21880,2021-09-29,-0.000427
55976,93114210,WMT,21880,2021-09-30,-0.007548
55976,93114210,WMT,21880,2021-10-01,-0.016717
55976,93114210,WMT,21880,2021-10-04,-0.009632
55976,93114210,WMT,21880,2021-10-05,0.006557
55976,93114210,WMT,21880,2021-10-06,0.007320
55976,93114210,WMT,21880,2021-10-07,0.011772
55976,93114210,WMT,21880,2021-10-08,0.003016
55976,93114210,WMT,21880,2021-10-11,-0.000931
55976,93114210,WMT,21880,2021-10-12,-0.001075
55976,93114210,WMT,21880,2021-10-13,-0.007246
55976,93114210,WMT,21880,2021-10-14,0.010841
55976,93114210,WMT,21880,2021-10-15,0.004862
55976,93114210,WMT,21880,2021-10-18,0.008040
55976,93114210,WMT,21880,2021-10-19,0.021245
55976,93114210,WMT,21880,2021-10-20,0.009054
55976,93114210,WMT,21880,2021-10-21,0.005548
55976,93114210,WMT,21880,2021-10-22,0.010422
55976,93114210,WMT,21880,2021-10-25,0.011595
55976,93114210,WMT,21880,2021-10-26,-0.008730
55976,93114210,WMT,21880,2021-10-27,-0.008202
55976,93114210,WMT,21880,2021-10-28,0.006236
55976,93114210,WMT,21880,2021-10-29,0.006534
55976,93114210,WMT,21880,2021-11-01,0.002476
55976,93114210,WMT,21880,2021-11-02,-0.000467
55976,93114210,WMT,21880,2021-11-03,0.003072
55976,93114210,WMT,21880,2021-11-04,0.007325
55976,93114210,WMT,21880,2021-11-05,-0.006941
55976,93114210,WMT,21880,2021-11-08,-0.006390
55976,93114210,WMT,21880,2021-11-09,0.003484
55976,93114210,WMT,21880,2021-11-10,-0.009013
55976,93114210,WMT,21880,2021-11-11,0.000404
55976,93114210,WMT,21880,2021-11-12,-0.004983
55976,93114210,WMT,21880,2021-11-15,-0.005753
55976,93114210,WMT,21880,2021-11-16,-0.025458
55976,93114210,WMT,21880,2021-11-17,-0.008591
55976,93114210,WMT,21880,2021-11-18,0.008595
55976,93114210,WMT,21880,2021-11-19,-0.005379
55976,93114210,WMT,21880,2021-11-22,0.016785
55976,93114210,WMT,21880,2021-11-23,0.007114
55976,93114210,WMT,21880,2021-11-24,0.005007
55976,93114210,WMT,21880,2021-11-26,-0.011191
55976,93114210,WMT,21880,2021-11-29,-0.015666
55976,93114210,WMT,21880,2021-11-30,-0.014022
55976,93114210,WMT,21880,2021-12-01,-0.024817
55976,93114210,WMT,21880,2021-12-02,-0.012177
55976,93114210,WMT,21880,2021-12-03,0.015059
55976,93114210,WMT,21880,2021-12-06,0.010836
55976,93114210,WMT,21880,2021-12-07,-0.003237
55976,93114210,WMT,21880,2021-12-08,-0.010105
55976,93114210,WMT,21880,2021-12-09,0.013853
55976,93114210,WMT,21880,2021-12-10,0.018267
55976,93114210,WMT,21880,2021-12-13,0.018010
55976,93114210,WMT,21880,2021-12-14,0.009542
55976,93114210,WMT,21880,2021-12-15,0.005727
55976,93114210,WMT,21880,2021-12-16,-0.016670
55976,93114210,WMT,21880,2021-12-17,-0.032022
55976,93114210,WMT,21880,2021-12-20,0.003243
55976,93114210,WMT,21880,2021-12-21,0.003017
55976,93114210,WMT,21880,2021-12-22,0.001289
55976,93114210,WMT,21880,2021-12-23,-0.002217
55976,93114210,WMT,21880,2021-12-27,0.009105
55976,93114210,WMT,21880,2021-12-28,0.014351
55976,93114210,WMT,21880,2021-12-29,-0.000490
55976,93114210,WMT,21880,2021-12-30,0.003223
55976,93114210,WMT,21880,2021-12-31,0.010617
55976,93114210,WMT,21880,2022-01-03,-0.000276
55976,93114210,WMT,21880,2022-01-04,-0.018320
55976,93114210,WMT,21880,2022-01-05,0.013521
55976,93114210,WMT,21880,2022-01-06,-0.002779
55976,93114210,WMT,21880,2022-01-07,0.009546
55976,93114210,WMT,21880,2022-01-10,-0.001933
55976,93114210,WMT,21880,2022-01-11,-0.002835
55976,93114210,WMT,21880,2022-01-12,-0.005270
55976,93114210,WMT,21880,2022-01-13,0.014152
55976,93114210,WMT,21880,2022-01-14,-0.002818
55976,93114210,WMT,21880,2022-01-18,-0.017510
55976,93114210,WMT,21880,2022-01-19,0.009964
55976,93114210,WMT,21880,2022-01-20,-0.018897
55976,93114210,WMT,21880,2022-01-21,-0.007294
55976,93114210,WMT,21880,2022-01-24,0.000071
55976,93114210,WMT,21880,2022-01-25,-0.021755
55976,93114210,WMT,21880,2022-01-26,-0.010208
55976,93114210,WMT,21880,2022-01-27,0.000663
55976,93114210,WMT,21880,2022-01-28,0.012367
55976,93114210,WMT,21880,2022-01-31,0.016652
55976,93114210,WMT,21880,2022-02-01,0.007868
55976,93114210,WMT,21880,2022-02-02,-0.000426
55976,93114210,WMT,21880,2022-02-03,0.000994
55976,93114210,WMT,21880,2022-02-04,-0.011774
55976,93114210,WMT,21880,2022-02-07,-0.009833
55976,93114210,WMT,21880,2022-02-08,0.000217
55976,93114210,WMT,21880,2022-02-09,-0.002174
55976,93114210,WMT,21880,2022-02-10,-0.011693
55976,93114210,WMT,21880,2022-02-11,-0.005511
55976,93114210,WMT,21880,2022-02-14,-0.010197
55976,93114210,WMT,21880,2022-02-15,0.003135
55976,93114210,WMT,21880,2022-02-16,-0.006251
55976,93114210,WMT,21880,2022-02-17,0.040066
55976,93114210,WMT,21880,2022-02-18,-0.006408
55976,93114210,WMT,21880,2022-02-22,-0.011160
55976,93114210,WMT,21880,2022-02-23,-0.010260
55976,93114210,WMT,21880,2022-02-24,-0.003850
55976,93114210,WMT,21880,2022-02-25,0.013752
55976,93114210,WMT,21880,2022-02-28,-0.008946
55976,93114210,WMT,21880,2022-03-01,0.006141
55976,93114210,WMT,21880,2022-03-02,0.001250
55976,93114210,WMT,21880,2022-03-03,0.022988
55976,93114210,WMT,21880,2022-03-04,0.025343
55976,93114210,WMT,21880,2022-03-07,-0.008052
55976,93114210,WMT,21880,2022-03-08,-0.020682
55976,93114210,WMT,21880,2022-03-09,0.005190
55976,93114210,WMT,21880,2022-03-10,0.022731
55976,93114210,WMT,21880,2022-03-11,-0.003926
55976,93114210,WMT,21880,2022-03-14,0.013937
55976,93114210,WMT,21880,2022-03-15,0.012010
55976,93114210,WMT,21880,2022-03-16,-0.002950
55976,93114210,WMT,21880,2022-03-17,0.001514
55976,93114210,WMT,21880,2022-03-18,0.002965
55976,93114210,WMT,21880,2022-03-21,-0.008320
55976,93114210,WMT,21880,2022-03-22,-0.002981
55976,93114210,WMT,21880,2022-03-23,-0.012865
55976,93114210,WMT,21880,2022-03-24,0.006199
55976,93114210,WMT,21880,2022-03-25,0.004341
55976,93114210,WMT,21880,2022-03-28,0.017776
55976,93114210,WMT,21880,2022-03-29,0.008425
55976,93114210,WMT,21880,2022-03-30,0.017931
55976,93114210,WMT,21880,2022-03-31,-0.006339
55976,93114210,WMT,21880,2022-04-01,0.014034
55976,93114210,WMT,21880,2022-04-04,0.000199
55976,93114210,WMT,21880,2022-04-05,0.002847
55976,93114210,WMT,21880,2022-04-06,0.023239
55976,93114210,WMT,21880,2022-04-07,0.010001
55976,93114210,WMT,21880,2022-04-08,0.005558
55976,93114210,WMT,21880,2022-04-11,-0.019821
55976,93114210,WMT,21880,2022-04-12,-0.006870
55976,93114210,WMT,21880,2022-04-13,0.026039
55976,93114210,WMT,21880,2022-04-14,-0.000890
55976,93114210,WMT,21880,2022-04-18,-0.007639
55976,93114210,WMT,21880,2022-04-19,0.011355
55976,93114210,WMT,21880,2022-04-20,0.012559
55976,93114210,WMT,21880,2022-04-21,0.001503
55976,93114210,WMT,21880,2022-04-22,-0.018828
55976,93114210,WMT,21880,2022-04-25,0.000510
55976,93114210,WMT,21880,2022-04-26,-0.010450
55976,93114210,WMT,21880,2022-04-27,-0.006825
55976,93114210,WMT,21880,2022-04-28,0.012772
55976,93114210,WMT,21880,2022-04-29,-0.020613
55976,93114210,WMT,21880,2022-05-02,-0.006602
55976,93114210,WMT,21880,2022-05-03,0.003487
55976,93114210,WMT,21880,2022-05-04,0.013835
55976,93114210,WMT,21880,2022-05-05,-0.008537
55976,93114210,WMT,21880,2022-05-06,-0.020820
55976,93114210,WMT,21880,2022-05-09,0.011701
55976,93114210,WMT,21880,2022-05-10,-0.014077
55976,93114210,WMT,21880,2022-05-11,-0.010457
55976,93114210,WMT,21880,2022-05-12,-0.000948
55976,93114210,WMT,21880,2022-05-13,0.003865
55976,93114210,WMT,21880,2022-05-16,0.001081
55976,93114210,WMT,21880,2022-05-17,-0.113758
55976,93114210,WMT,21880,2022-05-18,-0.067910
55976,93114210,WMT,21880,2022-05-19,-0.027444
55976,93114210,WMT,21880,2022-05-20,0.001092
55976,93114210,WMT,21880,2022-05-23,0.028523
55976,93114210,WMT,21880,2022-05-24,0.012480
55976,93114210,WMT,21880,2022-05-25,-0.006123
55976,93114210,WMT,21880,2022-05-26,0.021318
55976,93114210,WMT,21880,2022-05-27,0.019683
55976,93114210,WMT,21880,2022-05-31,0.001167
55976,93114210,WMT,21880,2022-06-01,-0.024722
55976,93114210,WMT,21880,2022-06-02,0.016421
55976,93114210,WMT,21880,2022-06-03,-0.017175
55976,93114210,WMT,21880,2022-06-06,-0.003591
55976,93114210,WMT,21880,2022-06-07,-0.012012
55976,93114210,WMT,21880,2022-06-08,-0.008673
55976,93114210,WMT,21880,2022-06-09,-0.010466
55976,93114210,WMT,21880,2022-06-10,0.005619
55976,93114210,WMT,21880,2022-06-13,-0.018817
55976,93114210,WMT,21880,2022-06-14,0.000419
55976,93114210,WMT,21880,2022-06-15,-0.000670
55976,93114210,WMT,21880,2022-06-16,0.010387
55976,93114210,WMT,21880,2022-06-17,-0.019317
55976,93114210,WMT,21880,2022-06-21,0.032801
55976,93114210,WMT,21880,2022-06-22,-0.012114
55976,93114210,WMT,21880,2022-06-23,0.024277
55976,93114210,WMT,21880,2022-06-24,0.000809
55976,93114210,WMT,21880,2022-06-27,0.003233
55976,93114210,WMT,21880,2022-06-28,-0.014099
55976,93114210,WMT,21880,2022-06-29,-0.003677
55976,93114210,WMT,21880,2022-06-30,-0.002789
55976,93114210,WMT,21880,2022-07-01,0.008636
55976,93114210,WMT,21880,2022-07-05,0.013210
55976,93114210,WMT,21880,2022-07-06,0.007082
55976,93114210,WMT,21880,2022-07-07,0.001518
55976,93114210,WMT,21880,2022-07-08,0.000638
55976,93114210,WMT,21880,2022-07-11,0.000399
55976,93114210,WMT,21880,2022-07-12,-0.003029
55976,93114210,WMT,21880,2022-07-13,0.002399
55976,93114210,WMT,21880,2022-07-14,0.019542
55976,93114210,WMT,21880,2022-07-15,0.009779
55976,93114210,WMT,21880,2022-07-18,-0.002324
55976,93114210,WMT,21880,2022-07-19,0.006135
55976,93114210,WMT,21880,2022-07-20,0.008336
55976,93114210,WMT,21880,2022-07-21,0.014620
55976,93114210,WMT,21880,2022-07-22,-0.002565
55976,93114210,WMT,21880,2022-07-25,-0.001437
55976,93114210,WMT,21880,2022-07-26,-0.076049
55976,93114210,WMT,21880,2022-07-27,0.037793
55976,93114210,WMT,21880,2022-07-28,0.024962
55976,93114210,WMT,21880,2022-07-29,0.017726
55976,93114210,WMT,21880,2022-08-01,0.003711
55976,93114210,WMT,21880,2022-08-02,0.001056
55976,93114210,WMT,21880,2022-08-03,-0.016431
55976,93114210,WMT,21880,2022-08-04,-0.037778
55976,93114210,WMT,21880,2022-08-05,0.008043
55976,93114210,WMT,21880,2022-08-08,0.008137
55976,93114210,WMT,21880,2022-08-09,0.009874
55976,93114210,WMT,21880,2022-08-10,0.002095
55976,93114210,WMT,21880,2022-08-11,0.009602
55976,93114210,WMT,21880,2022-08-12,0.018487
55976,93114210,WMT,21880,2022-08-15,0.002874
55976,93114210,WMT,21880,2022-08-16,0.051056
55976,93114210,WMT,21880,2022-08-17,0.001076
55976,93114210,WMT,21880,2022-08-18,-0.003225
55976,93114210,WMT,21880,2022-08-19,-0.014741
55976,93114210,WMT,21880,2022-08-22,-0.017881
55976,93114210,WMT,21880,2022-08-23,-0.004236
55976,93114210,WMT,21880,2022-08-24,0.007239
55976,93114210,WMT,21880,2022-08-25,0.006668
55976,93114210,WMT,21880,2022-08-26,-0.031427
55976,93114210,WMT,21880,2022-08-29,0.009726
55976,93114210,WMT,21880,2022-08-30,-0.003010
55976,93114210,WMT,21880,2022-08-31,0.000528
55976,93114210,WMT,21880,2022-09-01,0.014561
55976,93114210,WMT,21880,2022-09-02,-0.011005
55976,93114210,WMT,21880,2022-09-06,-0.004962
55976,93114210,WMT,21880,2022-09-07,0.025691
55976,93114210,WMT,21880,2022-09-08,0.005083
55976,93114210,WMT,21880,2022-09-09,0.003005
55976,93114210,WMT,21880,2022-09-12,0.008989
55976,93114210,WMT,21880,2022-09-13,-0.020642
55976,93114210,WMT,21880,2022-09-14,-0.002219
55976,93114210,WMT,21880,2022-09-15,-0.010747
55976,93114210,WMT,21880,2022-09-16,-0.002098
55976,93114210,WMT,21880,2022-09-19,0.008559
55976,93114210,WMT,21880,2022-09-20,-0.005807
55976,93114210,WMT,21880,2022-09-21,0.009135
55976,93114210,WMT,21880,2022-09-22,-0.010240
55976,93114210,WMT,21880,2022-09-23,-0.024964
55976,93114210,WMT,21880,2022-09-26,0.009611
55976,93114210,WMT,21880,2022-09-27,-0.002742
55976,93114210,WMT,21880,2022-09-28,0.016495
55976,93114210,WMT,21880,2022-09-29,-0.006461
55976,93114210,WMT,21880,2022-09-30,-0.019282
55976,93114210,WMT,21880,2022-10-03,0.021820
55976,93114210,WMT,21880,2022-10-04,0.012978
55976,93114210,WMT,21880,2022-10-05,-0.009907
55976,93114210,WMT,21880,2022-10-06,-0.009329
55976,93114210,WMT,21880,2022-10-07,-0.023694
55976,93114210,WMT,21880,2022-10-10,0.005912
55976,93114210,WMT,21880,2022-10-11,0.025905
55976,93114210,WMT,21880,2022-10-12,-0.011306
55976,93114210,WMT,21880,2022-10-13,0.008462
55976,93114210,WMT,21880,2022-10-14,-0.013985
55976,93114210,WMT,21880,2022-10-17,0.007207
55976,93114210,WMT,21880,2022-10-18,0.021085
55976,93114210,WMT,21880,2022-10-19,-0.002833
55976,93114210,WMT,21880,2022-10-20,0.002467
55976,93114210,WMT,21880,2022-10-21,0.020210
55976,93114210,WMT,21880,2022-10-24,0.019079
55976,93114210,WMT,21880,2022-10-25,0.004734
55976,93114210,WMT,21880,2022-10-26,0.007639
55976,93114210,WMT,21880,2022-10-27,-0.002905
55976,93114210,WMT,21880,2022-10-28,0.012648
55976,93114210,WMT,21880,2022-10-31,-0.001263
55976,93114210,WMT,21880,2022-11-01,-0.004497
55976,93114210,WMT,21880,2022-11-02,-0.006634
55976,93114210,WMT,21880,2022-11-03,-0.000213
55976,93114210,WMT,21880,2022-11-04,0.001777
55976,93114210,WMT,21880,2022-11-07,0.010499
55976,93114210,WMT,21880,2022-11-08,0.002387
55976,93114210,WMT,21880,2022-11-09,-0.023251
55976,93114210,WMT,21880,2022-11-10,0.020721
55976,93114210,WMT,21880,2022-11-11,0.001545
55976,93114210,WMT,21880,2022-11-14,-0.029387
55976,93114210,WMT,21880,2022-11-15,0.065395
55976,93114210,WMT,21880,2022-11-16,0.007189
55976,93114210,WMT,21880,2022-11-17,-0.003367
55976,93114210,WMT,21880,2022-11-18,0.015068
55976,93114210,WMT,21880,2022-11-21,0.006124
55976,93114210,WMT,21880,2022-11-22,0.003573
55976,93114210,WMT,21880,2022-11-23,0.004812
55976,93114210,WMT,21880,2022-11-25,0.004265
55976,93114210,WMT,21880,2022-11-28,0.002875
55976,93114210,WMT,21880,2022-11-29,-0.003518
55976,93114210,WMT,21880,2022-11-30,-0.003595
55976,93114210,WMT,21880,2022-12-01,0.006233
55976,93114210,WMT,21880,2022-12-02,-0.000978
55976,93114210,WMT,21880,2022-12-05,-0.010247
55976,93114210,WMT,21880,2022-12-06,-0.011606
55976,93114210,WMT,21880,2022-12-07,-0.005204
55976,93114210,WMT,21880,2022-12-08,0.001542
55976,93114210,WMT,21880,2022-12-09,-0.023323
55976,93114210,WMT,21880,2022-12-12,0.018650
55976,93114210,WMT,21880,2022-12-13,-0.003581
55976,93114210,WMT,21880,2022-12-14,-0.005560
55976,93114210,WMT,21880,2022-12-15,-0.008932
55976,93114210,WMT,21880,2022-12-16,-0.017955
55976,93114210,WMT,21880,2022-12-19,0.000350
55976,93114210,WMT,21880,2022-12-20,0.008754
55976,93114210,WMT,21880,2022-12-21,0.007844
55976,93114210,WMT,21880,2022-12-22,-0.011710
55976,93114210,WMT,21880,2022-12-23,0.002021
55976,93114210,WMT,21880,2022-12-27,0.000278
55976,93114210,WMT,21880,2022-12-28,-0.017523
55976,93114210,WMT,21880,2022-12-29,0.006087
55976,93114210,WMT,21880,2022-12-30,-0.002533
59408,06050510,BAC,3151,2018-01-02,0.012873
59408,06050510,BAC,3151,2018-01-03,-0.003344
59408,06050510,BAC,3151,2018-01-04,0.013087
59408,06050510,BAC,3151,2018-01-05,0.004637
59408,06050510,BAC,3151,2018-01-08,-0.006924
59408,06050510,BAC,3151,2018-01-09,0.004980
59408,06050510,BAC,3151,2018-01-10,0.009250
59408,06050510,BAC,3151,2018-01-11,0.003601
59408,06050510,BAC,3151,2018-01-12,0.017286
59408,06050510,BAC,3151,2018-01-16,0.001603
59408,06050510,BAC,3151,2018-01-17,-0.001921
59408,06050510,BAC,3151,2018-01-18,0.009622
59408,06050510,BAC,3151,2018-01-19,0.007624
59408,06050510,BAC,3151,2018-01-22,0.006936
59408,06050510,BAC,3151,2018-01-23,-0.000626
59408,06050510,BAC,3151,2018-01-24,0.005326
59408,06050510,BAC,3151,2018-01-25,0.000000
59408,06050510,BAC,3151,2018-01-26,0.003428
59408,06050510,BAC,3151,2018-01-29,0.002484
59408,06050510,BAC,3151,2018-01-30,-0.012392
59408,06050510,BAC,3151,2018-01-31,0.003764
59408,06050510,BAC,3151,2018-02-01,0.015625
59408,06050510,BAC,3151,2018-02-02,-0.016923
59408,06050510,BAC,3151,2018-02-05,-0.052895
59408,06050510,BAC,3151,2018-02-06,0.031064
59408,06050510,BAC,3151,2018-02-07,0.001603
59408,06050510,BAC,3151,2018-02-08,-0.048320
59408,06050510,BAC,3151,2018-02-09,0.019839
59408,06050510,BAC,3151,2018-02-12,0.026047
59408,06050510,BAC,3151,2018-02-13,0.001928
59408,06050510,BAC,3151,2018-02-14,0.026299
59408,06050510,BAC,3151,2018-02-15,0.006563
59408,06050510,BAC,3151,2018-02-16,-0.007451
59408,06050510,BAC,3151,2018-02-20,-0.001251
59408,06050510,BAC,3151,2018-02-21,-0.001879
59408,06050510,BAC,3151,2018-02-22,-0.005648
59408,06050510,BAC,3151,2018-02-23,0.010729
59408,06050510,BAC,3151,2018-02-26,0.012176
59408,06050510,BAC,3151,2018-02-27,-0.002776
59408,06050510,BAC,3151,2018-02-28,-0.007114
59408,06050510,BAC,3151,2018-03-01,-0.015576
59408,06050510,BAC,3151,2018-03-02,0.004765
59408,06050510,BAC,3151,2018-03-05,0.015808
59408,06050510,BAC,3151,2018-03-06,-0.000622
59408,06050510,BAC,3151,2018-03-07,0.002180
59408,06050510,BAC,3151,2018-03-08,0.000622
59408,06050510,BAC,3151,2018-03-09,0.016149
59408,06050510,BAC,3151,2018-03-12,0.003667
59408,06050510,BAC,3151,2018-03-13,-0.014616
59408,06050510,BAC,3151,2018-03-14,-0.006799
59408,06050510,BAC,3151,2018-03-15,-0.001245
59408,06050510,BAC,3151,2018-03-16,0.002181
59408,06050510,BAC,3151,2018-03-19,-0.005906
59408,06050510,BAC,3151,2018-03-20,0.000000
59408,06050510,BAC,3151,2018-03-21,-0.003440
59408,06050510,BAC,3151,2018-03-22,-0.041418
59408,06050510,BAC,3151,2018-03-23,-0.045172
59408,06050510,BAC,3151,2018-03-26,0.043538
59408,06050510,BAC,3151,2018-03-27,-0.030223
59408,06050510,BAC,3151,2018-03-28,-0.004404
59408,06050510,BAC,3151,2018-03-29,0.020415
59408,06050510,BAC,3151,2018-04-02,-0.022674
59408,06050510,BAC,3151,2018-04-03,0.009553
59408,06050510,BAC,3151,2018-04-04,0.009801
59408,06050510,BAC,3151,2018-04-05,0.014726
59408,06050510,BAC,3151,2018-04-06,-0.022757
59408,06050510,BAC,3151,2018-04-09,0.008100
59408,06050510,BAC,3151,2018-04-10,0.020422
59408,06050510,BAC,3151,2018-04-11,-0.019029
59408,06050510,BAC,3151,2018-04-12,0.025084
59408,06050510,BAC,3151,2018-04-13,-0.027732
59408,06050510,BAC,3151,2018-04-16,0.004362
59408,06050510,BAC,3151,2018-04-17,0.003675
59408,06050510,BAC,3151,2018-04-18,-0.016977
59408,06050510,BAC,3151,2018-04-19,0.022012
59408,06050510,BAC,3151,2018-04-20,0.002651
59408,06050510,BAC,3151,2018-04-23,0.001983
59408,06050510,BAC,3151,2018-04-24,-0.004288
59408,06050510,BAC,3151,2018-04-25,-0.001656
59408,06050510,BAC,3151,2018-04-26,-0.002322
59408,06050510,BAC,3151,2018-04-27,0.002660
59408,06050510,BAC,3151,2018-04-30,-0.007629
59408,06050510,BAC,3151,2018-05-01,0.001003
59408,06050510,BAC,3151,2018-05-02,-0.012354
59408,06050510,BAC,3151,2018-05-03,-0.012847
59408,06050510,BAC,3151,2018-05-04,0.003425
59408,06050510,BAC,3151,2018-05-07,0.011604
59408,06050510,BAC,3151,2018-05-08,0.009784
59408,06050510,BAC,3151,2018-05-09,0.026395
59408,06050510,BAC,3151,2018-05-10,0.005534
59408,06050510,BAC,3151,2018-05-11,0.000971
59408,06050510,BAC,3151,2018-05-14,0.006468
59408,06050510,BAC,3151,2018-05-15,0.003213
59408,06050510,BAC,3151,2018-05-16,-0.005125
59408,06050510,BAC,3151,2018-05-17,-0.008049
59408,06050510,BAC,3151,2018-05-18,-0.017851
59408,06050510,BAC,3151,2018-05-21,0.009584
59408,06050510,BAC,3151,2018-05-22,0.011129
59408,06050510,BAC,3151,2018-05-23,-0.014568
59408,06050510,BAC,3151,2018-05-24,-0.007556
59408,06050510,BAC,3151,2018-05-25,-0.001655
59408,06050510,BAC,3151,2018-05-29,-0.039788
59408,06050510,BAC,3151,2018-05-30,0.018301
59408,06050510,BAC,3151,2018-05-31,-0.011190
59408,06050510,BAC,3151,2018-06-01,0.012397
59408,06050510,BAC,3151,2018-06-04,0.000000
59408,06050510,BAC,3151,2018-06-05,-0.009524
59408,06050510,BAC,3151,2018-06-06,0.031593
59408,06050510,BAC,3151,2018-06-07,0.001664
59408,06050510,BAC,3151,2018-06-08,-0.002659
59408,06050510,BAC,3151,2018-06-11,0.001666
59408,06050510,BAC,3151,2018-06-12,-0.005323
59408,06050510,BAC,3151,2018-06-13,-0.002007
59408,06050510,BAC,3151,2018-06-14,-0.011394
59408,06050510,BAC,3151,2018-06-15,-0.007458
59408,06050510,BAC,3151,2018-06-18,0.004098
59408,06050510,BAC,3151,2018-06-19,-0.004762
59408,06050510,BAC,3151,2018-06-20,-0.000684
59408,06050510,BAC,3151,2018-06-21,0.001710
59408,06050510,BAC,3151,2018-06-22,-0.010242
59408,06050510,BAC,3151,2018-06-25,-0.017592
59408,06050510,BAC,3151,2018-06-26,0.002107
59408,06050510,BAC,3151,2018-06-27,-0.010512
59408,06050510,BAC,3151,2018-06-28,0.015227
59408,06050510,BAC,3151,2018-06-29,-0.016742
59408,06050510,BAC,3151,2018-07-02,0.003193
59408,06050510,BAC,3151,2018-07-03,-0.017680
59408,06050510,BAC,3151,2018-07-05,0.005040
59408,06050510,BAC,3151,2018-07-06,0.003940
59408,06050510,BAC,3151,2018-07-09,0.036390
59408,06050510,BAC,3151,2018-07-10,-0.007573
59408,06050510,BAC,3151,2018-07-11,-0.005203
59408,06050510,BAC,3151,2018-07-12,0.003138
59408,06050510,BAC,3151,2018-07-13,-0.007647
59408,06050510,BAC,3151,2018-07-16,0.043082
59408,06050510,BAC,3151,2018-07-17,0.007723
59408,06050510,BAC,3151,2018-07-18,0.003999
59408,06050510,BAC,3151,2018-07-19,-0.015267
59408,06050510,BAC,3151,2018-07-20,0.015504
59408,06050510,BAC,3151,2018-07-23,0.020577
59408,06050510,BAC,3151,2018-07-24,0.002602
59408,06050510,BAC,3151,2018-07-25,0.007785
59408,06050510,BAC,3151,2018-07-26,-0.004184
59408,06050510,BAC,3151,2018-07-27,0.003878
59408,06050510,BAC,3151,2018-07-30,0.008049
59408,06050510,BAC,3151,2018-07-31,-0.013734
59408,06050510,BAC,3151,2018-08-01,0.011982
59408,06050510,BAC,3151,2018-08-02,0.000960
59408,06050510,BAC,3151,2018-08-03,0.007353
59408,06050510,BAC,3151,2018-08-06,0.000317
59408,06050510,BAC,3151,2018-08-07,-0.000317
59408,06050510,BAC,3151,2018-08-08,0.009203
59408,06050510,BAC,3151,2018-08-09,-0.006289
59408,06050510,BAC,3151,2018-08-10,-0.012975
59408,06050510,BAC,3151,2018-08-13,-0.022764
59408,06050510,BAC,3151,2018-08-14,0.010171
59408,06050510,BAC,3151,2018-08-15,-0.013966
59408,06050510,BAC,3151,2018-08-16,0.011858
59408,06050510,BAC,3151,2018-08-17,0.000651
59408,06050510,BAC,3151,2018-08-20,0.004229
59408,06050510,BAC,3151,2018-08-21,0.004859
59408,06050510,BAC,3151,2018-08-22,-0.001289
59408,06050510,BAC,3151,2018-08-23,-0.004519
59408,06050510,BAC,3151,2018-08-24,0.001621
59408,06050510,BAC,3151,2018-08-27,0.013597
59408,06050510,BAC,3151,2018-08-28,-0.001278
59408,06050510,BAC,3151,2018-08-29,-0.004157
59408,06050510,BAC,3151,2018-08-30,-0.004175
59408,06050510,BAC,3151,2018-08-31,-0.002580
59408,06050510,BAC,3151,2018-09-04,0.006790
59408,06050510,BAC,3151,2018-09-05,0.001285
59408,06050510,BAC,3151,2018-09-06,-0.005773
59408,06050510,BAC,3151,2018-09-07,0.000324
59408,06050510,BAC,3151,2018-09-10,-0.001296
59408,06050510,BAC,3151,2018-09-11,0.000973
59408,06050510,BAC,3151,2018-09-12,-0.013614
59408,06050510,BAC,3151,2018-09-13,-0.009530
59408,06050510,BAC,3151,2018-09-14,0.007631
59408,06050510,BAC,3151,2018-09-17,-0.002963
59408,06050510,BAC,3151,2018-09-18,-0.002312
59408,06050510,BAC,3151,2018-09-19,0.026150
59408,06050510,BAC,3151,2018-09-20,0.006129
59408,06050510,BAC,3151,2018-09-21,-0.005130
59408,06050510,BAC,3151,2018-09-24,-0.009346
59408,06050510,BAC,3151,2018-09-25,-0.002277
59408,06050510,BAC,3151,2018-09-26,-0.017607
59408,06050510,BAC,3151,2018-09-27,-0.006306
59408,06050510,BAC,3151,2018-09-28,-0.016032
59408,06050510,BAC,3151,2018-10-01,0.006449
59408,06050510,BAC,3151,2018-10-02,-0.002361
59408,06050510,BAC,3151,2018-10-03,0.014199
59408,06050510,BAC,3151,2018-10-04,0.014333
59408,06050510,BAC,3151,2018-10-05,-0.006572
59408,06050510,BAC,3151,2018-10-08,0.001323
59408,06050510,BAC,3151,2018-10-09,-0.009580
59408,06050510,BAC,3151,2018-10-10,-0.024683
59408,06050510,BAC,3151,2018-10-11,-0.030096
59408,06050510,BAC,3151,2018-10-12,0.003526
59408,06050510,BAC,3151,2018-10-15,-0.018974
59408,06050510,BAC,3151,2018-10-16,0.021848
59408,06050510,BAC,3151,2018-10-17,0.012969
59408,06050510,BAC,3151,2018-10-18,-0.022491
59408,06050510,BAC,3151,2018-10-19,0.002478
59408,06050510,BAC,3151,2018-10-22,-0.033192
59408,06050510,BAC,3151,2018-10-23,-0.013148
59408,06050510,BAC,3151,2018-10-24,-0.030718
59408,06050510,BAC,3151,2018-10-25,0.015273
59408,06050510,BAC,3151,2018-10-26,-0.007522
59408,06050510,BAC,3151,2018-10-29,0.008336
59408,06050510,BAC,3151,2018-10-30,0.006389
59408,06050510,BAC,3151,2018-10-31,0.026886
59408,06050510,BAC,3151,2018-11-01,0.011273
59408,06050510,BAC,3151,2018-11-02,0.002877
59408,06050510,BAC,3151,2018-11-05,0.006095
59408,06050510,BAC,3151,2018-11-06,0.005346
59408,06050510,BAC,3151,2018-11-07,0.011698
59408,06050510,BAC,3151,2018-11-08,0.011563
59408,06050510,BAC,3151,2018-11-09,-0.012123
59408,06050510,BAC,3151,2018-11-12,-0.026999
59408,06050510,BAC,3151,2018-11-13,0.000360
59408,06050510,BAC,3151,2018-11-14,-0.019813
59408,06050510,BAC,3151,2018-11-15,0.025358
59408,06050510,BAC,3151,2018-11-16,-0.005376
59408,06050510,BAC,3151,2018-11-19,0.000000
59408,06050510,BAC,3151,2018-11-20,-0.013333
59408,06050510,BAC,3151,2018-11-21,-0.004018
59408,06050510,BAC,3151,2018-11-23,-0.011001
59408,06050510,BAC,3151,2018-11-26,0.021876
59408,06050510,BAC,3151,2018-11-27,0.006531
59408,06050510,BAC,3151,2018-11-28,0.024874
59408,06050510,BAC,3151,2018-11-29,-0.013718
59408,06050510,BAC,3151,2018-11-30,0.012839
59408,06050510,BAC,3151,2018-12-03,0.004930
59408,06050510,BAC,3151,2018-12-04,-0.054310
59408,06050510,BAC,3151,2018-12-06,-0.020748
59408,06050510,BAC,3151,2018-12-07,-0.032344
59408,06050510,BAC,3151,2018-12-10,-0.026347
59408,06050510,BAC,3151,2018-12-11,-0.007270
59408,06050510,BAC,3151,2018-12-12,-0.002441
59408,06050510,BAC,3151,2018-12-13,-0.004894
59408,06050510,BAC,3151,2018-12-14,0.003279
59408,06050510,BAC,3151,2018-12-17,-0.000408
59408,06050510,BAC,3151,2018-12-18,0.000000
59408,06050510,BAC,3151,2018-12-19,-0.011851
59408,06050510,BAC,3151,2018-12-20,-0.002895
59408,06050510,BAC,3151,2018-12-21,-0.030693
59408,06050510,BAC,3151,2018-12-24,-0.027386
59408,06050510,BAC,3151,2018-12-26,0.060713
59408,06050510,BAC,3151,2018-12-27,0.010784
59408,06050510,BAC,3151,2018-12-28,0.000821
59408,06050510,BAC,3151,2018-12-31,0.010250
59408,06050510,BAC,3151,2019-01-02,0.012987
59408,06050510,BAC,3151,2019-01-03,-0.016026
59408,06050510,BAC,3151,2019-01-04,0.041531
59408,06050510,BAC,3151,2019-01-07,-0.000782
59408,06050510,BAC,3151,2019-01-08,-0.001956
59408,06050510,BAC,3151,2019-01-09,0.009800
59408,06050510,BAC,3151,2019-01-10,-0.001165
59408,06050510,BAC,3151,2019-01-11,0.011660
59408,06050510,BAC,3151,2019-01-14,0.013062
59408,06050510,BAC,3151,2019-01-15,0.006826
59408,06050510,BAC,3151,2019-01-16,0.071563
59408,06050510,BAC,3151,2019-01-17,0.018981
59408,06050510,BAC,3151,2019-01-18,0.010693
59408,06050510,BAC,3151,2019-01-22,-0.007167
59408,06050510,BAC,3151,2019-01-23,-0.005844
59408,06050510,BAC,3151,2019-01-24,0.005533
59408,06050510,BAC,3151,2019-01-25,0.017194
59408,06050510,BAC,3151,2019-01-28,0.001690
59408,06050510,BAC,3151,2019-01-29,-0.008100
59408,06050510,BAC,3151,2019-01-30,-0.010888
59408,06050510,BAC,3151,2019-01-31,-0.020640
59408,06050510,BAC,3151,2019-02-01,-0.003161
59408,06050510,BAC,3151,2019-02-04,0.017618
59408,06050510,BAC,3151,2019-02-05,-0.003463
59408,06050510,BAC,3151,2019-02-06,-0.001737
59408,06050510,BAC,3151,2019-02-07,-0.017055
59408,06050510,BAC,3151,2019-02-08,0.001771
59408,06050510,BAC,3151,2019-02-11,0.004242
59408,06050510,BAC,3151,2019-02-12,0.009856
59408,06050510,BAC,3151,2019-02-13,0.000349
59408,06050510,BAC,3151,2019-02-14,-0.010801
59408,06050510,BAC,3151,2019-02-15,0.025361
59408,06050510,BAC,3151,2019-02-19,0.000687
59408,06050510,BAC,3151,2019-02-20,0.009612
59408,06050510,BAC,3151,2019-02-21,-0.004080
59408,06050510,BAC,3151,2019-02-22,-0.007170
59408,06050510,BAC,3151,2019-02-25,0.006534
59408,06050510,BAC,3151,2019-02-26,0.000683
59408,06050510,BAC,3151,2019-02-27,0.008194
59408,06050510,BAC,3151,2019-02-28,-0.010159
59408,06050510,BAC,3151,2019-03-01,0.007909
59408,06050510,BAC,3151,2019-03-04,-0.009553
59408,06050510,BAC,3151,2019-03-05,0.001722
59408,06050510,BAC,3151,2019-03-06,-0.008253
59408,06050510,BAC,3151,2019-03-07,-0.010055
59408,06050510,BAC,3151,2019-03-08,0.003503
59408,06050510,BAC,3151,2019-03-11,0.010122
59408,06050510,BAC,3151,2019-03-12,0.000000
59408,06050510,BAC,3151,2019-03-13,0.012094
59408,06050510,BAC,3151,2019-03-14,0.005804
59408,06050510,BAC,3151,2019-03-15,-0.005431
59408,06050510,BAC,3151,2019-03-18,0.017747
59408,06050510,BAC,3151,2019-03-19,-0.005701
59408,06050510,BAC,3151,2019-03-20,-0.034064
59408,06050510,BAC,3151,2019-03-21,-0.016061
59408,06050510,BAC,3151,2019-03-22,-0.041519
59408,06050510,BAC,3151,2019-03-25,-0.006294
59408,06050510,BAC,3151,2019-03-26,0.013785
59408,06050510,BAC,3151,2019-03-27,-0.006615
59408,06050510,BAC,3151,2019-03-28,0.011099
59408,06050510,BAC,3151,2019-03-29,0.009513
59408,06050510,BAC,3151,2019-04-01,0.034433
59408,06050510,BAC,3151,2019-04-02,0.011563
59408,06050510,BAC,3151,2019-04-03,-0.001039
59408,06050510,BAC,3151,2019-04-04,0.010749
59408,06050510,BAC,3151,2019-04-05,-0.002401
59408,06050510,BAC,3151,2019-04-08,0.003095
59408,06050510,BAC,3151,2019-04-09,-0.009599
59408,06050510,BAC,3151,2019-04-10,0.006231
59408,06050510,BAC,3151,2019-04-11,0.000000
59408,06050510,BAC,3151,2019-04-12,0.037840
59408,06050510,BAC,3151,2019-04-15,-0.010938
59408,06050510,BAC,3151,2019-04-16,0.001340
59408,06050510,BAC,3151,2019-04-17,0.005020
59408,06050510,BAC,3151,2019-04-18,0.000000
59408,06050510,BAC,3151,2019-04-22,0.000666
59408,06050510,BAC,3151,2019-04-23,0.000666
59408,06050510,BAC,3151,2019-04-24,-0.001663
59408,06050510,BAC,3151,2019-04-25,0.001999
59408,06050510,BAC,3151,2019-04-26,0.008976
59408,06050510,BAC,3151,2019-04-29,0.013839
59408,06050510,BAC,3151,2019-04-30,-0.006175
59408,06050510,BAC,3151,2019-05-01,-0.010464
59408,06050510,BAC,3151,2019-05-02,0.007931
59408,06050510,BAC,3151,2019-05-03,0.006885
59408,06050510,BAC,3151,2019-05-06,-0.007815
59408,06050510,BAC,3151,2019-05-07,-0.018051
59408,06050510,BAC,3151,2019-05-08,-0.004011
59408,06050510,BAC,3151,2019-05-09,-0.003020
59408,06050510,BAC,3151,2019-05-10,-0.004376
59408,06050510,BAC,3151,2019-05-13,-0.044963
59408,06050510,BAC,3151,2019-05-14,0.013097
59408,06050510,BAC,3151,2019-05-15,-0.011530
59408,06050510,BAC,3151,2019-05-16,0.010604
59408,06050510,BAC,3151,2019-05-17,-0.006646
59408,06050510,BAC,3151,2019-05-20,0.000000
59408,06050510,BAC,3151,2019-05-21,0.010211
59408,06050510,BAC,3151,2019-05-22,-0.006971
59408,06050510,BAC,3151,2019-05-23,-0.025623
59408,06050510,BAC,3151,2019-05-24,0.015130
59408,06050510,BAC,3151,2019-05-28,-0.009936
59408,06050510,BAC,3151,2019-05-29,-0.005376
59408,06050510,BAC,3151,2019-05-30,-0.021261
59408,06050510,BAC,3151,2019-05-31,-0.020619
59408,06050510,BAC,3151,2019-06-03,0.003008
59408,06050510,BAC,3151,2019-06-04,0.046477
59408,06050510,BAC,3151,2019-06-05,-0.000358
59408,06050510,BAC,3151,2019-06-06,0.004300
59408,06050510,BAC,3151,2019-06-07,-0.012554
59408,06050510,BAC,3151,2019-06-10,0.019615
59408,06050510,BAC,3151,2019-06-11,0.006056
59408,06050510,BAC,3151,2019-06-12,-0.010269
59408,06050510,BAC,3151,2019-06-13,-0.000358
59408,06050510,BAC,3151,2019-06-14,0.003579
59408,06050510,BAC,3151,2019-06-17,-0.003923
59408,06050510,BAC,3151,2019-06-18,0.024705
59408,06050510,BAC,3151,2019-06-19,-0.010482
59408,06050510,BAC,3151,2019-06-20,-0.001766
59408,06050510,BAC,3151,2019-06-21,-0.005306
59408,06050510,BAC,3151,2019-06-24,-0.004979
59408,06050510,BAC,3151,2019-06-25,-0.007863
59408,06050510,BAC,3151,2019-06-26,0.005403
59408,06050510,BAC,3151,2019-06-27,0.010749
59408,06050510,BAC,3151,2019-06-28,0.028004
59408,06050510,BAC,3151,2019-07-01,0.014483
59408,06050510,BAC,3151,2019-07-02,-0.009177
59408,06050510,BAC,3151,2019-07-03,-0.003431
59408,06050510,BAC,3151,2019-07-05,0.007229
59408,06050510,BAC,3151,2019-07-08,-0.002051
59408,06050510,BAC,3151,2019-07-09,0.005137
59408,06050510,BAC,3151,2019-07-10,-0.011244
59408,06050510,BAC,3151,2019-07-11,0.011716
59408,06050510,BAC,3151,2019-07-12,0.003065
59408,06050510,BAC,3151,2019-07-15,-0.007810
59408,06050510,BAC,3151,2019-07-16,-0.007871
59408,06050510,BAC,3151,2019-07-17,0.006899
59408,06050510,BAC,3151,2019-07-18,0.009935
59408,06050510,BAC,3151,2019-07-19,-0.002714
59408,06050510,BAC,3151,2019-07-22,0.005782
59408,06050510,BAC,3151,2019-07-23,0.022996
59408,06050510,BAC,3151,2019-07-24,0.013884
59408,06050510,BAC,3151,2019-07-25,-0.010760
59408,06050510,BAC,3151,2019-07-26,0.014173
59408,06050510,BAC,3151,2019-07-29,-0.008125
59408,06050510,BAC,3151,2019-07-30,0.012123
59408,06050510,BAC,3151,2019-07-31,-0.006798
59408,06050510,BAC,3151,2019-08-01,-0.038787
59408,06050510,BAC,3151,2019-08-02,-0.003730
59408,06050510,BAC,3151,2019-08-05,-0.044248
59408,06050510,BAC,3151,2019-08-06,0.012108
59408,06050510,BAC,3151,2019-08-07,-0.018649
59408,06050510,BAC,3151,2019-08-08,0.017569
59408,06050510,BAC,3151,2019-08-09,-0.001762
59408,06050510,BAC,3151,2019-08-12,-0.024356
59408,06050510,BAC,3151,2019-08-13,0.002894
59408,06050510,BAC,3151,2019-08-14,-0.046898
59408,06050510,BAC,3151,2019-08-15,-0.006435
59408,06050510,BAC,3151,2019-08-16,0.029714
59408,06050510,BAC,3151,2019-08-19,0.008879
59408,06050510,BAC,3151,2019-08-20,-0.020169
59408,06050510,BAC,3151,2019-08-21,0.007859
59408,06050510,BAC,3151,2019-08-22,0.009655
59408,06050510,BAC,3151,2019-08-23,-0.026480
59408,06050510,BAC,3151,2019-08-26,0.011711
59408,06050510,BAC,3151,2019-08-27,-0.011576
59408,06050510,BAC,3151,2019-08-28,0.014356
59408,06050510,BAC,3151,2019-08-29,0.017877
59408,06050510,BAC,3151,2019-08-30,0.006586
59408,06050510,BAC,3151,2019-09-03,-0.016721
59408,06050510,BAC,3151,2019-09-04,0.016266
59408,06050510,BAC,3151,2019-09-05,0.029465
59408,06050510,BAC,3151,2019-09-06,-0.013869
59408,06050510,BAC,3151,2019-09-09,0.032456
59408,06050510,BAC,3151,2019-09-10,0.025148
59408,06050510,BAC,3151,2019-09-11,0.003748
59408,06050510,BAC,3151,2019-09-12,0.007128
59408,06050510,BAC,3151,2019-09-13,0.016852
59408,06050510,BAC,3151,2019-09-16,-0.001326
59408,06050510,BAC,3151,2019-09-17,-0.006306
59408,06050510,BAC,3151,2019-09-18,0.002004
59408,06050510,BAC,3151,2019-09-19,-0.006000
59408,06050510,BAC,3151,2019-09-20,-0.007713
59408,06050510,BAC,3151,2019-09-23,-0.002366
59408,06050510,BAC,3151,2019-09-24,-0.019648
59408,06050510,BAC,3151,2019-09-25,0.010712
59408,06050510,BAC,3151,2019-09-26,-0.004103
59408,06050510,BAC,3151,2019-09-27,0.007552
59408,06050510,BAC,3151,2019-09-30,-0.006133
59408,06050510,BAC,3151,2019-10-01,-0.025026
59408,06050510,BAC,3151,2019-10-02,-0.021097
59408,06050510,BAC,3151,2019-10-03,-0.001078
59408,06050510,BAC,3151,2019-10-04,0.020137
59408,06050510,BAC,3151,2019-10-07,-0.002115
59408,06050510,BAC,3151,2019-10-08,-0.024020
59408,06050510,BAC,3151,2019-10-09,0.009410
59408,06050510,BAC,3151,2019-10-10,0.020079
59408,06050510,BAC,3151,2019-10-11,0.016169
59408,06050510,BAC,3151,2019-10-14,0.007956
59408,06050510,BAC,3151,2019-10-15,0.020247
59408,06050510,BAC,3151,2019-10-16,0.014800
59408,06050510,BAC,3151,2019-10-17,0.002983
59408,06050510,BAC,3151,2019-10-18,0.002974
59408,06050510,BAC,3151,2019-10-21,0.022076
59408,06050510,BAC,3151,2019-10-22,0.005803
59408,06050510,BAC,3151,2019-10-23,0.007051
59408,06050510,BAC,3151,2019-10-24,-0.001910
59408,06050510,BAC,3151,2019-10-25,0.011480
59408,06050510,BAC,3151,2019-10-28,0.003783
59408,06050510,BAC,3151,2019-10-29,0.007224
59408,06050510,BAC,3151,2019-10-30,-0.014032
59408,06050510,BAC,3151,2019-10-31,-0.011069
59408,06050510,BAC,3151,2019-11-01,0.016949
59408,06050510,BAC,3151,2019-11-04,0.018868
59408,06050510,BAC,3151,2019-11-05,0.012963
59408,06050510,BAC,3151,2019-11-06,-0.000914
59408,06050510,BAC,3151,2019-11-07,0.013419
59408,06050510,BAC,3151,2019-11-08,0.000903
59408,06050510,BAC,3151,2019-11-11,-0.002405
59408,06050510,BAC,3151,2019-11-12,-0.002712
59408,06050510,BAC,3151,2019-11-13,-0.009066
59408,06050510,BAC,3151,2019-11-14,-0.002745
59408,06050510,BAC,3151,2019-11-15,0.007034
59408,06050510,BAC,3151,2019-11-18,0.000911
59408,06050510,BAC,3151,2019-11-19,-0.000607
59408,06050510,BAC,3151,2019-11-20,-0.007590
59408,06050510,BAC,3151,2019-11-21,0.004589
59408,06050510,BAC,3151,2019-11-22,0.010353
59408,06050510,BAC,3151,2019-11-25,0.008740
59408,06050510,BAC,3151,2019-11-26,-0.003585
59408,06050510,BAC,3151,2019-11-27,0.002099
59408,06050510,BAC,3151,2019-11-29,-0.002992
59408,06050510,BAC,3151,2019-12-02,0.003301
59408,06050510,BAC,3151,2019-12-03,-0.017649
59408,06050510,BAC,3151,2019-12-04,0.009440
59408,06050510,BAC,3151,2019-12-05,0.003620
59408,06050510,BAC,3151,2019-12-06,0.017528
59408,06050510,BAC,3151,2019-12-09,-0.004752
59408,06050510,BAC,3151,2019-12-10,0.000597
59408,06050510,BAC,3151,2019-12-11,0.003281
59408,06050510,BAC,3151,2019-12-12,0.030916
59408,06050510,BAC,3151,2019-12-13,-0.006920
59408,06050510,BAC,3151,2019-12-16,0.007549
59408,06050510,BAC,3151,2019-12-17,0.009798
59408,06050510,BAC,3151,2019-12-18,0.001998
59408,06050510,BAC,3151,2019-12-19,-0.004557
59408,06050510,BAC,3151,2019-12-20,0.000286
59408,06050510,BAC,3151,2019-12-23,0.006007
59408,06050510,BAC,3151,2019-12-24,0.001422
59408,06050510,BAC,3151,2019-12-26,0.008518
59408,06050510,BAC,3151,2019-12-27,-0.004786
59408,06050510,BAC,3151,2019-12-30,-0.005658
59408,06050510,BAC,3151,2019-12-31,0.001991
59408,06050510,BAC,3151,2020-01-02,0.011925
59408,06050510,BAC,3151,2020-01-03,-0.020763
59408,06050510,BAC,3151,2020-01-06,-0.001433
59408,06050510,BAC,3151,2020-01-07,-0.006600
59408,06050510,BAC,3151,2020-01-08,0.010110
59408,06050510,BAC,3151,2020-01-09,0.001716
59408,06050510,BAC,3151,2020-01-10,-0.008279
59408,06050510,BAC,3151,2020-01-13,0.009211
59408,06050510,BAC,3151,2020-01-14,0.007416
59408,06050510,BAC,3151,2020-01-15,-0.018403
59408,06050510,BAC,3151,2020-01-16,0.001442
59408,06050510,BAC,3151,2020-01-17,-0.000288
59408,06050510,BAC,3151,2020-01-21,-0.012965
59408,06050510,BAC,3151,2020-01-22,0.002919
59408,06050510,BAC,3151,2020-01-23,-0.006985
59408,06050510,BAC,3151,2020-01-24,-0.016999
59408,06050510,BAC,3151,2020-01-27,-0.020572
59408,06050510,BAC,3151,2020-01-28,0.011872
59408,06050510,BAC,3151,2020-01-29,-0.006919
59408,06050510,BAC,3151,2020-01-30,0.014238
59408,06050510,BAC,3151,2020-01-31,-0.019415
59408,06050510,BAC,3151,2020-02-03,0.004264
59408,06050510,BAC,3151,2020-02-04,0.019715
59408,06050510,BAC,3151,2020-02-05,0.032421
59408,06050510,BAC,3151,2020-02-06,-0.001152
59408,06050510,BAC,3151,2020-02-07,-0.001731
59408,06050510,BAC,3151,2020-02-10,0.002311
59408,06050510,BAC,3151,2020-02-11,0.002306
59408,06050510,BAC,3151,2020-02-12,0.004314
59408,06050510,BAC,3151,2020-02-13,-0.000286
59408,06050510,BAC,3151,2020-02-14,-0.001719
59408,06050510,BAC,3151,2020-02-18,-0.016643
59408,06050510,BAC,3151,2020-02-19,0.013131
59408,06050510,BAC,3151,2020-02-20,0.003744
59408,06050510,BAC,3151,2020-02-21,-0.014060
59408,06050510,BAC,3151,2020-02-24,-0.047439
59408,06050510,BAC,3151,2020-02-25,-0.050412
59408,06050510,BAC,3151,2020-02-26,-0.014479
59408,06050510,BAC,3151,2020-02-27,-0.048972
59408,06050510,BAC,3151,2020-02-28,-0.021627
59408,06050510,BAC,3151,2020-03-02,0.030526
59408,06050510,BAC,3151,2020-03-03,-0.055158
59408,06050510,BAC,3151,2020-03-04,0.023063
59408,06050510,BAC,3151,2020-03-05,-0.050370
59408,06050510,BAC,3151,2020-03-06,-0.039955
59408,06050510,BAC,3151,2020-03-09,-0.147025
59408,06050510,BAC,3151,2020-03-10,0.076607
59408,06050510,BAC,3151,2020-03-11,-0.039814
59408,06050510,BAC,3151,2020-03-12,-0.095280
59408,06050510,BAC,3151,2020-03-13,0.177962
59408,06050510,BAC,3151,2020-03-16,-0.153974
59408,06050510,BAC,3151,2020-03-17,0.075342
59408,06050510,BAC,3151,2020-03-18,-0.054140
59408,06050510,BAC,3151,2020-03-19,0.019721
59408,06050510,BAC,3151,2020-03-20,-0.072170
59408,06050510,BAC,3151,2020-03-23,-0.080834
59408,06050510,BAC,3151,2020-03-24,0.163164
59408,06050510,BAC,3151,2020-03-25,0.003329
59408,06050510,BAC,3151,2020-03-26,0.076777
59408,06050510,BAC,3151,2020-03-27,-0.049296
59408,06050510,BAC,3151,2020-03-30,0.020370
59408,06050510,BAC,3151,2020-03-31,-0.036751
59408,06050510,BAC,3151,2020-04-01,-0.068771
59408,06050510,BAC,3151,2020-04-02,0.040465
59408,06050510,BAC,3151,2020-04-03,-0.026252
59408,06050510,BAC,3151,2020-04-06,0.067898
59408,06050510,BAC,3151,2020-04-07,0.035063
59408,06050510,BAC,3151,2020-04-08,0.059169
59408,06050510,BAC,3151,2020-04-09,0.060128
59408,06050510,BAC,3151,2020-04-13,-0.037812
59408,06050510,BAC,3151,2020-04-14,-0.007943
59408,06050510,BAC,3151,2020-04-15,-0.064897
59408,06050510,BAC,3151,2020-04-16,-0.034700
59408,06050510,BAC,3151,2020-04-17,0.086835
59408,06050510,BAC,3151,2020-04-20,-0.033505
59408,06050510,BAC,3151,2020-04-21,-0.038222
59408,06050510,BAC,3151,2020-04-22,0.007394
59408,06050510,BAC,3151,2020-04-23,0.003211
59408,06050510,BAC,3151,2020-04-24,0.014175
59408,06050510,BAC,3151,2020-04-27,0.058161
59408,06050510,BAC,3151,2020-04-28,0.017895
59408,06050510,BAC,3151,2020-04-29,0.037254
59408,06050510,BAC,3151,2020-04-30,-0.029459
59408,06050510,BAC,3151,2020-05-01,-0.040333
59408,06050510,BAC,3151,2020-05-04,-0.006499
59408,06050510,BAC,3151,2020-05-05,-0.011775
59408,06050510,BAC,3151,2020-05-06,-0.013680
59408,06050510,BAC,3151,2020-05-07,0.021924
59408,06050510,BAC,3151,2020-05-08,0.031961
59408,06050510,BAC,3151,2020-05-11,-0.042003
59408,06050510,BAC,3151,2020-05-12,-0.031444
59408,06050510,BAC,3151,2020-05-13,-0.045725
59408,06050510,BAC,3151,2020-05-14,0.040249
59408,06050510,BAC,3151,2020-05-15,-0.012437
59408,06050510,BAC,3151,2020-05-18,0.069496
59408,06050510,BAC,3151,2020-05-19,-0.031400
59408,06050510,BAC,3151,2020-05-20,0.031517
59408,06050510,BAC,3151,2020-05-21,-0.000436
59408,06050510,BAC,3151,2020-05-22,-0.010480
59408,06050510,BAC,3151,2020-05-26,0.071492
59408,06050510,BAC,3151,2020-05-27,0.070016
59408,06050510,BAC,3151,2020-05-28,-0.043110
59408,06050510,BAC,3151,2020-05-29,-0.029767
59408,06050510,BAC,3151,2020-06-01,0.020315
59408,06050510,BAC,3151,2020-06-02,0.009346
59408,06050510,BAC,3151,2020-06-03,0.046296
59408,06050510,BAC,3151,2020-06-04,0.037322
59408,06050510,BAC,3151,2020-06-05,0.049664
59408,06050510,BAC,3151,2020-06-08,0.015297
59408,06050510,BAC,3151,2020-06-09,-0.011212
59408,06050510,BAC,3151,2020-06-10,-0.057406
59408,06050510,BAC,3151,2020-06-11,-0.100376
59408,06050510,BAC,3151,2020-06-12,0.035520
59408,06050510,BAC,3151,2020-06-15,0.014931
59408,06050510,BAC,3151,2020-06-16,0.025845
59408,06050510,BAC,3151,2020-06-17,-0.031008
59408,06050510,BAC,3151,2020-06-18,0.001600
59408,06050510,BAC,3151,2020-06-19,0.008387
59408,06050510,BAC,3151,2020-06-22,-0.024950
59408,06050510,BAC,3151,2020-06-23,0.006905
59408,06050510,BAC,3151,2020-06-24,-0.039532
59408,06050510,BAC,3151,2020-06-25,0.038219
59408,06050510,BAC,3151,2020-06-26,-0.063511
59408,06050510,BAC,3151,2020-06-29,0.010367
59408,06050510,BAC,3151,2020-06-30,0.015391
59408,06050510,BAC,3151,2020-07-01,-0.020632
59408,06050510,BAC,3151,2020-07-02,0.001290
59408,06050510,BAC,3151,2020-07-06,0.015887
59408,06050510,BAC,3151,2020-07-07,-0.027473
59408,06050510,BAC,3151,2020-07-08,0.003911
59408,06050510,BAC,3151,2020-07-09,-0.014286
59408,06050510,BAC,3151,2020-07-10,0.054897
59408,06050510,BAC,3151,2020-07-13,0.007077
59408,06050510,BAC,3151,2020-07-14,-0.002067
59408,06050510,BAC,3151,2020-07-15,0.019056
59408,06050510,BAC,3151,2020-07-16,-0.027236
59408,06050510,BAC,3151,2020-07-17,-0.029670
59408,06050510,BAC,3151,2020-07-20,0.015504
59408,06050510,BAC,3151,2020-07-21,0.035623
59408,06050510,BAC,3151,2020-07-22,-0.004505
59408,06050510,BAC,3151,2020-07-23,0.009461
59408,06050510,BAC,3151,2020-07-24,-0.007742
59408,06050510,BAC,3151,2020-07-27,-0.008624
59408,06050510,BAC,3151,2020-07-28,0.009114
59408,06050510,BAC,3151,2020-07-29,0.037356
59408,06050510,BAC,3151,2020-07-30,-0.017016
59408,06050510,BAC,3151,2020-07-31,0.001610
59408,06050510,BAC,3151,2020-08-03,0.004421
59408,06050510,BAC,3151,2020-08-04,0.000800
59408,06050510,BAC,3151,2020-08-05,0.015194
59408,06050510,BAC,3151,2020-08-06,0.003151
59408,06050510,BAC,3151,2020-08-07,0.025128
59408,06050510,BAC,3151,2020-08-10,0.017235
59408,06050510,BAC,3151,2020-08-11,0.013554
59408,06050510,BAC,3151,2020-08-12,-0.007058
59408,06050510,BAC,3151,2020-08-13,-0.014216
59408,06050510,BAC,3151,2020-08-14,0.004554
59408,06050510,BAC,3151,2020-08-17,-0.021534
59408,06050510,BAC,3151,2020-08-18,-0.014286
59408,06050510,BAC,3151,2020-08-19,-0.001175
59408,06050510,BAC,3151,2020-08-20,-0.015686
59408,06050510,BAC,3151,2020-08-21,-0.004781
59408,06050510,BAC,3151,2020-08-24,0.028423
59408,06050510,BAC,3151,2020-08-25,0.012067
59408,06050510,BAC,3151,2020-08-26,-0.016923
59408,06050510,BAC,3151,2020-08-27,0.019171
59408,06050510,BAC,3151,2020-08-28,0.009597
59408,06050510,BAC,3151,2020-08-31,-0.021293
59408,06050510,BAC,3151,2020-09-01,-0.001166
59408,06050510,BAC,3151,2020-09-02,0.012058
59408,06050510,BAC,3151,2020-09-03,-0.006918
59408,06050510,BAC,3151,2020-09-04,0.034295
59408,06050510,BAC,3151,2020-09-08,-0.039940
59408,06050510,BAC,3151,2020-09-09,0.001177
59408,06050510,BAC,3151,2020-09-10,-0.014504
59408,06050510,BAC,3151,2020-09-11,0.014320
59408,06050510,BAC,3151,2020-09-14,0.009804
59408,06050510,BAC,3151,2020-09-15,-0.018252
59408,06050510,BAC,3151,2020-09-16,0.012658
59408,06050510,BAC,3151,2020-09-17,-0.009766
59408,06050510,BAC,3151,2020-09-18,-0.005523
59408,06050510,BAC,3151,2020-09-21,-0.029353
59408,06050510,BAC,3151,2020-09-22,-0.021659
59408,06050510,BAC,3151,2020-09-23,-0.028404
59408,06050510,BAC,3151,2020-09-24,0.003439
59408,06050510,BAC,3151,2020-09-25,0.006427
59408,06050510,BAC,3151,2020-09-28,0.025543
59408,06050510,BAC,3151,2020-09-29,-0.013284
59408,06050510,BAC,3151,2020-09-30,0.013462
59408,06050510,BAC,3151,2020-10-01,0.000415
59408,06050510,BAC,3151,2020-10-02,0.004564
59408,06050510,BAC,3151,2020-10-05,0.016935
59408,06050510,BAC,3151,2020-10-06,-0.010154
59408,06050510,BAC,3151,2020-10-07,0.020927
59408,06050510,BAC,3151,2020-10-08,0.014469
59408,06050510,BAC,3151,2020-10-09,0.004754
59408,06050510,BAC,3151,2020-10-12,0.012618
59408,06050510,BAC,3151,2020-10-13,-0.028427
59408,06050510,BAC,3151,2020-10-14,-0.053307
59408,06050510,BAC,3151,2020-10-15,0.022439
59408,06050510,BAC,3151,2020-10-16,0.003727
59408,06050510,BAC,3151,2020-10-19,-0.021452
59408,06050510,BAC,3151,2020-10-20,0.017707
59408,06050510,BAC,3151,2020-10-21,-0.003728
59408,06050510,BAC,3151,2020-10-22,0.034096
59408,06050510,BAC,3151,2020-10-23,0.001206
59408,06050510,BAC,3151,2020-10-26,-0.014458
59408,06050510,BAC,3151,2020-10-27,-0.028117
59408,06050510,BAC,3151,2020-10-28,-0.015933
59408,06050510,BAC,3151,2020-10-29,0.002983
59408,06050510,BAC,3151,2020-10-30,0.006797
59408,06050510,BAC,3151,2020-11-02,0.016034
59408,06050510,BAC,3151,2020-11-03,0.025332
59408,06050510,BAC,3151,2020-11-04,-0.040907
59408,06050510,BAC,3151,2020-11-05,0.039274
59408,06050510,BAC,3151,2020-11-06,-0.012190
59408,06050510,BAC,3151,2020-11-09,0.141917
59408,06050510,BAC,3151,2020-11-10,-0.003602
59408,06050510,BAC,3151,2020-11-11,-0.011569
59408,06050510,BAC,3151,2020-11-12,-0.023775
59408,06050510,BAC,3151,2020-11-13,0.011615
59408,06050510,BAC,3151,2020-11-16,0.021481
59408,06050510,BAC,3151,2020-11-17,-0.001088
59408,06050510,BAC,3151,2020-11-18,-0.020690
59408,06050510,BAC,3151,2020-11-19,0.000000
59408,06050510,BAC,3151,2020-11-20,-0.006301
59408,06050510,BAC,3151,2020-11-23,0.021634
59408,06050510,BAC,3151,2020-11-24,0.058050
59408,06050510,BAC,3151,2020-11-25,0.001725
59408,06050510,BAC,3151,2020-11-27,-0.001378
59408,06050510,BAC,3151,2020-11-30,-0.028631
59408,06050510,BAC,3151,2020-12-01,0.018821
59408,06050510,BAC,3151,2020-12-02,0.012896
59408,06050510,BAC,3151,2020-12-03,0.001032
59408,06050510,BAC,3151,2020-12-04,0.013144
59408,06050510,BAC,3151,2020-12-07,-0.006828
59408,06050510,BAC,3151,2020-12-08,-0.005500
59408,06050510,BAC,3151,2020-12-09,-0.004494
59408,06050510,BAC,3151,2020-12-10,0.010764
59408,06050510,BAC,3151,2020-12-11,-0.018550
59408,06050510,BAC,3151,2020-12-14,-0.012251
59408,06050510,BAC,3151,2020-12-15,0.014883
59408,06050510,BAC,3151,2020-12-16,0.002793
59408,06050510,BAC,3151,2020-12-17,0.003830
59408,06050510,BAC,3151,2020-12-18,-0.005550
59408,06050510,BAC,3151,2020-12-21,0.037321
59408,06050510,BAC,3151,2020-12-22,-0.017821
59408,06050510,BAC,3151,2020-12-23,0.028757
59408,06050510,BAC,3151,2020-12-24,-0.002995
59408,06050510,BAC,3151,2020-12-28,0.005674
59408,06050510,BAC,3151,2020-12-29,-0.003983
59408,06050510,BAC,3151,2020-12-30,-0.001000
59408,06050510,BAC,3151,2020-12-31,0.011007
59408,06050510,BAC,3151,2021-01-04,-0.009238
59408,06050510,BAC,3151,2021-01-05,0.007659
59408,06050510,BAC,3151,2021-01-06,0.062459
59408,06050510,BAC,3151,2021-01-07,0.022084
59408,06050510,BAC,3151,2021-01-08,-0.010043
59408,06050510,BAC,3151,2021-01-11,0.016600
59408,06050510,BAC,3151,2021-01-12,0.017841
59408,06050510,BAC,3151,2021-01-13,-0.005942
59408,06050510,BAC,3151,2021-01-14,0.015840
59408,06050510,BAC,3151,2021-01-15,-0.028832
59408,06050510,BAC,3151,2021-01-19,-0.007271
59408,06050510,BAC,3151,2021-01-20,-0.013122
59408,06050510,BAC,3151,2021-01-21,-0.017625
59408,06050510,BAC,3151,2021-01-22,-0.006925
59408,06050510,BAC,3151,2021-01-25,-0.012361
59408,06050510,BAC,3151,2021-01-26,-0.007060
59408,06050510,BAC,3151,2021-01-27,-0.035876
59408,06050510,BAC,3151,2021-01-28,0.016426
59408,06050510,BAC,3151,2021-01-29,-0.022098
59408,06050510,BAC,3151,2021-02-01,0.010455
59408,06050510,BAC,3151,2021-02-02,0.035714
59408,06050510,BAC,3151,2021-02-03,0.017725
59408,06050510,BAC,3151,2021-02-04,0.029132
59408,06050510,BAC,3151,2021-02-05,-0.004000
59408,06050510,BAC,3151,2021-02-08,0.022243
59408,06050510,BAC,3151,2021-02-09,-0.004231
59408,06050510,BAC,3151,2021-02-10,0.000910
59408,06050510,BAC,3151,2021-02-11,-0.003032
59408,06050510,BAC,3151,2021-02-12,0.014903
59408,06050510,BAC,3151,2021-02-16,0.026970
59408,06050510,BAC,3151,2021-02-17,0.004085
59408,06050510,BAC,3151,2021-02-18,-0.006393
59408,06050510,BAC,3151,2021-02-19,0.010237
59408,06050510,BAC,3151,2021-02-22,0.017661
59408,06050510,BAC,3151,2021-02-23,0.010526
59408,06050510,BAC,3151,2021-02-24,0.024212
59408,06050510,BAC,3151,2021-02-25,-0.012369
59408,06050510,BAC,3151,2021-02-26,-0.033955
59408,06050510,BAC,3151,2021-03-01,0.031115
59408,06050510,BAC,3151,2021-03-02,-0.007265
59408,06050510,BAC,3151,2021-03-03,0.025049
59408,06050510,BAC,3151,2021-03-04,0.007139
59408,06050510,BAC,3151,2021-03-05,0.011781
59408,06050510,BAC,3151,2021-03-08,0.005416
59408,06050510,BAC,3151,2021-03-09,-0.021815
59408,06050510,BAC,3151,2021-03-10,0.028910
59408,06050510,BAC,3151,2021-03-11,-0.003479
59408,06050510,BAC,3151,2021-03-12,0.018797
59408,06050510,BAC,3151,2021-03-15,-0.005008
59408,06050510,BAC,3151,2021-03-16,-0.002914
59408,06050510,BAC,3151,2021-03-17,0.008236
59408,06050510,BAC,3151,2021-03-18,0.026087
59408,06050510,BAC,3151,2021-03-19,-0.010529
59408,06050510,BAC,3151,2021-03-22,-0.022580
59408,06050510,BAC,3151,2021-03-23,-0.020181
59408,06050510,BAC,3151,2021-03-24,0.000000
59408,06050510,BAC,3151,2021-03-25,0.020596
59408,06050510,BAC,3151,2021-03-26,0.027084
59408,06050510,BAC,3151,2021-03-29,-0.009566
59408,06050510,BAC,3151,2021-03-30,0.017750
59408,06050510,BAC,3151,2021-03-31,-0.007694
59408,06050510,BAC,3151,2021-04-01,0.020677
59408,06050510,BAC,3151,2021-04-05,0.007850
59408,06050510,BAC,3151,2021-04-06,-0.002764
59408,06050510,BAC,3151,2021-04-07,0.009070
59408,06050510,BAC,3151,2021-04-08,-0.008739
59408,06050510,BAC,3151,2021-04-09,0.007305
59408,06050510,BAC,3151,2021-04-12,0.001750
59408,06050510,BAC,3151,2021-04-13,-0.018472
59408,06050510,BAC,3151,2021-04-14,0.014242
59408,06050510,BAC,3151,2021-04-15,-0.028586
59408,06050510,BAC,3151,2021-04-16,0.010583
59408,06050510,BAC,3151,2021-04-19,0.000511
59408,06050510,BAC,3151,2021-04-20,-0.027827
59408,06050510,BAC,3151,2021-04-21,0.016807
59408,06050510,BAC,3151,2021-04-22,-0.009298
59408,06050510,BAC,3151,2021-04-23,0.021376
59408,06050510,BAC,3151,2021-04-26,0.005870
59408,06050510,BAC,3151,2021-04-27,0.011926
59408,06050510,BAC,3151,2021-04-28,0.003761
59408,06050510,BAC,3151,2021-04-29,0.026980
59408,06050510,BAC,3151,2021-04-30,-0.014108
59408,06050510,BAC,3151,2021-05-03,0.000740
59408,06050510,BAC,3151,2021-05-04,0.010848
59408,06050510,BAC,3151,2021-05-05,0.009512
59408,06050510,BAC,3151,2021-05-06,0.014979
59408,06050510,BAC,3151,2021-05-07,0.004047
59408,06050510,BAC,3151,2021-05-10,-0.003082
59408,06050510,BAC,3151,2021-05-11,-0.011415
59408,06050510,BAC,3151,2021-05-12,-0.009382
59408,06050510,BAC,3151,2021-05-13,0.016027
59408,06050510,BAC,3151,2021-05-14,0.012428
59408,06050510,BAC,3151,2021-05-17,0.008971
59408,06050510,BAC,3151,2021-05-18,-0.013570
59408,06050510,BAC,3151,2021-05-19,-0.004507
59408,06050510,BAC,3151,2021-05-20,-0.002383
59408,06050510,BAC,3151,2021-05-21,0.012658
59408,06050510,BAC,3151,2021-05-24,0.005425
59408,06050510,BAC,3151,2021-05-25,-0.014544
59408,06050510,BAC,3151,2021-05-26,0.000714
59408,06050510,BAC,3151,2021-05-27,0.012131
59408,06050510,BAC,3151,2021-05-28,-0.003760
59408,06050510,BAC,3151,2021-06-01,0.012503
59408,06050510,BAC,3151,2021-06-02,0.000466
59408,06050510,BAC,3151,2021-06-03,0.011411
59408,06050510,BAC,3151,2021-06-04,0.000462
59408,06050510,BAC,3151,2021-06-07,-0.003467
59408,06050510,BAC,3151,2021-06-08,-0.005566
59408,06050510,BAC,3151,2021-06-09,-0.013060
59408,06050510,BAC,3151,2021-06-10,-0.014887
59408,06050510,BAC,3151,2021-06-11,0.004078
59408,06050510,BAC,3151,2021-06-14,-0.011945
59408,06050510,BAC,3151,2021-06-15,0.000725
59408,06050510,BAC,3151,2021-06-16,0.005557
59408,06050510,BAC,3151,2021-06-17,-0.043729
59408,06050510,BAC,3151,2021-06-18,-0.025628
59408,06050510,BAC,3151,2021-06-21,0.025013
59408,06050510,BAC,3151,2021-06-22,0.005535
59408,06050510,BAC,3151,2021-06-23,0.005754
59408,06050510,BAC,3151,2021-06-24,0.015672
59408,06050510,BAC,3151,2021-06-25,0.019349
59408,06050510,BAC,3151,2021-06-28,-0.001442
59408,06050510,BAC,3151,2021-06-29,-0.016121
59408,06050510,BAC,3151,2021-06-30,0.008315
59408,06050510,BAC,3151,2021-07-01,0.007519
59408,06050510,BAC,3151,2021-07-02,-0.009389
59408,06050510,BAC,3151,2021-07-06,-0.026245
59408,06050510,BAC,3151,2021-07-07,-0.007986
59408,06050510,BAC,3151,2021-07-08,-0.024403
59408,06050510,BAC,3151,2021-07-09,0.032491
59408,06050510,BAC,3151,2021-07-12,0.014735
59408,06050510,BAC,3151,2021-07-13,-0.018952
59408,06050510,BAC,3151,2021-07-14,-0.025088
59408,06050510,BAC,3151,2021-07-15,-0.000772
59408,06050510,BAC,3151,2021-07-16,-0.023435
59408,06050510,BAC,3151,2021-07-19,-0.026108
59408,06050510,BAC,3151,2021-07-20,0.020579
59408,06050510,BAC,3151,2021-07-21,0.020430
59408,06050510,BAC,3151,2021-07-22,-0.013001
59408,06050510,BAC,3151,2021-07-23,-0.006849
59408,06050510,BAC,3151,2021-07-26,0.011406
59408,06050510,BAC,3151,2021-07-27,-0.003934
59408,06050510,BAC,3151,2021-07-28,0.003949
59408,06050510,BAC,3151,2021-07-29,0.014424
59408,06050510,BAC,3151,2021-07-30,-0.008273
59408,06050510,BAC,3151,2021-08-02,-0.010428
59408,06050510,BAC,3151,2021-08-03,0.015543
59408,06050510,BAC,3151,2021-08-04,-0.007263
59408,06050510,BAC,3151,2021-08-05,0.019598
59408,06050510,BAC,3151,2021-08-06,0.028960
59408,06050510,BAC,3151,2021-08-09,0.012951
59408,06050510,BAC,3151,2021-08-10,0.018687
59408,06050510,BAC,3151,2021-08-11,0.012551
59408,06050510,BAC,3151,2021-08-12,0.004768
59408,06050510,BAC,3151,2021-08-13,-0.012337
59408,06050510,BAC,3151,2021-08-16,-0.008167
59408,06050510,BAC,3151,2021-08-17,-0.004844
59408,06050510,BAC,3151,2021-08-18,-0.007301
59408,06050510,BAC,3151,2021-08-19,-0.014709
59408,06050510,BAC,3151,2021-08-20,0.004479
59408,06050510,BAC,3151,2021-08-23,0.013376
59408,06050510,BAC,3151,2021-08-24,0.013933
59408,06050510,BAC,3151,2021-08-25,0.016152
59408,06050510,BAC,3151,2021-08-26,-0.002610
59408,06050510,BAC,3151,2021-08-27,0.010704
59408,06050510,BAC,3151,2021-08-30,-0.019534
59408,06050510,BAC,3151,2021-08-31,0.002160
59408,06050510,BAC,3151,2021-09-01,-0.013413
59408,06050510,BAC,3151,2021-09-02,0.000971
59408,06050510,BAC,3151,2021-09-03,0.000731
59408,06050510,BAC,3151,2021-09-07,0.006577
59408,06050510,BAC,3151,2021-09-08,-0.013069
59408,06050510,BAC,3151,2021-09-09,0.003678
59408,06050510,BAC,3151,2021-09-10,-0.016125
59408,06050510,BAC,3151,2021-09-13,0.016638
59408,06050510,BAC,3151,2021-09-14,-0.026869
59408,06050510,BAC,3151,2021-09-15,0.007530
59408,06050510,BAC,3151,2021-09-16,0.007723
59408,06050510,BAC,3151,2021-09-17,0.001236
59408,06050510,BAC,3151,2021-09-20,-0.034321
59408,06050510,BAC,3151,2021-09-21,0.000511
59408,06050510,BAC,3151,2021-09-22,0.025811
59408,06050510,BAC,3151,2021-09-23,0.038615
59408,06050510,BAC,3151,2021-09-24,0.010794
59408,06050510,BAC,3151,2021-09-27,0.026578
59408,06050510,BAC,3151,2021-09-28,-0.002312
59408,06050510,BAC,3151,2021-09-29,-0.002085
59408,06050510,BAC,3151,2021-09-30,-0.014395
59408,06050510,BAC,3151,2021-10-01,0.014841
59408,06050510,BAC,3151,2021-10-04,0.006035
59408,06050510,BAC,3151,2021-10-05,0.020305
59408,06050510,BAC,3151,2021-10-06,0.000452
59408,06050510,BAC,3151,2021-10-07,-0.002712
59408,06050510,BAC,3151,2021-10-08,0.004986
59408,06050510,BAC,3151,2021-10-11,-0.012630
59408,06050510,BAC,3151,2021-10-12,-0.005482
59408,06050510,BAC,3151,2021-10-13,-0.009187
59408,06050510,BAC,3151,2021-10-14,0.044738
59408,06050510,BAC,3151,2021-10-15,0.028844
59408,06050510,BAC,3151,2021-10-18,-0.001941
59408,06050510,BAC,3151,2021-10-19,0.004322
59408,06050510,BAC,3151,2021-10-20,0.013124
59408,06050510,BAC,3151,2021-10-21,-0.005521
59408,06050510,BAC,3151,2021-10-22,0.015802
59408,06050510,BAC,3151,2021-10-25,-0.001261
59408,06050510,BAC,3151,2021-10-26,0.009472
59408,06050510,BAC,3151,2021-10-27,-0.019183
59408,06050510,BAC,3151,2021-10-28,0.015731
59408,06050510,BAC,3151,2021-10-29,0.000000
59408,06050510,BAC,3151,2021-11-01,0.001465
59408,06050510,BAC,3151,2021-11-02,0.000627
59408,06050510,BAC,3151,2021-11-03,0.010234
59408,06050510,BAC,3151,2021-11-04,-0.021501
59408,06050510,BAC,3151,2021-11-05,-0.007606
59408,06050510,BAC,3151,2021-11-08,0.007877
59408,06050510,BAC,3151,2021-11-09,-0.009717
59408,06050510,BAC,3151,2021-11-10,0.007466
59408,06050510,BAC,3151,2021-11-11,0.005505
59408,06050510,BAC,3151,2021-11-12,-0.012213
59408,06050510,BAC,3151,2021-11-15,0.002984
59408,06050510,BAC,3151,2021-11-16,0.000638
59408,06050510,BAC,3151,2021-11-17,-0.012107
59408,06050510,BAC,3151,2021-11-18,-0.004085
59408,06050510,BAC,3151,2021-11-19,-0.019862
59408,06050510,BAC,3151,2021-11-22,0.019383
59408,06050510,BAC,3151,2021-11-23,0.026361
59408,06050510,BAC,3151,2021-11-24,0.002737
59408,06050510,BAC,3151,2021-11-26,-0.039261
59408,06050510,BAC,3151,2021-11-29,-0.003715
59408,06050510,BAC,3151,2021-11-30,-0.024567
59408,06050510,BAC,3151,2021-12-01,-0.014167
59408,06050510,BAC,3151,2021-12-02,0.028741
59408,06050510,BAC,3151,2021-12-03,-0.022722
59408,06050510,BAC,3151,2021-12-06,0.006382
59408,06050510,BAC,3151,2021-12-07,0.012684
59408,06050510,BAC,3151,2021-12-08,-0.012301
59408,06050510,BAC,3151,2021-12-09,0.007473
59408,06050510,BAC,3151,2021-12-10,0.000674
59408,06050510,BAC,3151,2021-12-13,-0.021114
59408,06050510,BAC,3151,2021-12-14,0.012620
59408,06050510,BAC,3151,2021-12-15,-0.004305
59408,06050510,BAC,3151,2021-12-16,0.024124
59408,06050510,BAC,3151,2021-12-17,-0.024889
59408,06050510,BAC,3151,2021-12-20,-0.016408
59408,06050510,BAC,3151,2021-12-21,0.023865
59408,06050510,BAC,3151,2021-12-22,0.002037
59408,06050510,BAC,3151,2021-12-23,0.003162
59408,06050510,BAC,3151,2021-12-27,0.004953
59408,06050510,BAC,3151,2021-12-28,0.001344
59408,06050510,BAC,3151,2021-12-29,-0.001566
59408,06050510,BAC,3151,2021-12-30,-0.002241
59408,06050510,BAC,3151,2021-12-31,-0.000898
59408,06050510,BAC,3151,2022-01-03,0.037986
59408,06050510,BAC,3151,2022-01-04,0.039194
59408,06050510,BAC,3151,2022-01-05,-0.016879
59408,06050510,BAC,3151,2022-01-06,0.020136
59408,06050510,BAC,3151,2022-01-07,0.021816
59408,06050510,BAC,3151,2022-01-10,-0.005083
59408,06050510,BAC,3151,2022-01-11,0.005722
59408,06050510,BAC,3151,2022-01-12,-0.007112
59408,06050510,BAC,3151,2022-01-13,-0.002047
59408,06050510,BAC,3151,2022-01-14,-0.017432
59408,06050510,BAC,3151,2022-01-18,-0.034440
59408,06050510,BAC,3151,2022-01-19,0.003891
59408,06050510,BAC,3151,2022-01-20,-0.014858
59408,06050510,BAC,3151,2022-01-21,-0.018142
59408,06050510,BAC,3151,2022-01-24,-0.008237
59408,06050510,BAC,3151,2022-01-25,0.019753
59408,06050510,BAC,3151,2022-01-26,0.010346
59408,06050510,BAC,3151,2022-01-27,-0.009368
59408,06050510,BAC,3151,2022-01-28,0.008797
59408,06050510,BAC,3151,2022-01-31,0.005886
59408,06050510,BAC,3151,2022-02-01,0.017339
59408,06050510,BAC,3151,2022-02-02,-0.001065
59408,06050510,BAC,3151,2022-02-03,-0.009810
59408,06050510,BAC,3151,2022-02-04,0.039845
59408,06050510,BAC,3151,2022-02-07,0.004764
59408,06050510,BAC,3151,2022-02-08,0.017934
59408,06050510,BAC,3151,2022-02-09,-0.002025
59408,06050510,BAC,3151,2022-02-10,-0.004667
59408,06050510,BAC,3151,2022-02-11,-0.023038
59408,06050510,BAC,3151,2022-02-14,-0.010434
59408,06050510,BAC,3151,2022-02-15,0.007803
59408,06050510,BAC,3151,2022-02-16,-0.002302
59408,06050510,BAC,3151,2022-02-17,-0.033767
59408,06050510,BAC,3151,2022-02-18,-0.002388
59408,06050510,BAC,3151,2022-02-22,-0.008703
59408,06050510,BAC,3151,2022-02-23,-0.017120
59408,06050510,BAC,3151,2022-02-24,-0.026351
59408,06050510,BAC,3151,2022-02-25,0.032569
59408,06050510,BAC,3151,2022-02-28,-0.018214
59408,06050510,BAC,3151,2022-03-01,-0.039140
59408,06050510,BAC,3151,2022-03-02,0.016247
59408,06050510,BAC,3151,2022-03-03,-0.010658
59408,06050510,BAC,3151,2022-03-04,-0.036244
59408,06050510,BAC,3151,2022-03-07,-0.063736
59408,06050510,BAC,3151,2022-03-08,0.006521
59408,06050510,BAC,3151,2022-03-09,0.063488
59408,06050510,BAC,3151,2022-03-10,-0.009016
59408,06050510,BAC,3151,2022-03-11,-0.008360
59408,06050510,BAC,3151,2022-03-14,0.021572
59408,06050510,BAC,3151,2022-03-15,0.007282
59408,06050510,BAC,3151,2022-03-16,0.031325
59408,06050510,BAC,3151,2022-03-17,0.005374
59408,06050510,BAC,3151,2022-03-18,-0.003021
59408,06050510,BAC,3151,2022-03-21,-0.001399
59408,06050510,BAC,3151,2022-03-22,0.031279
59408,06050510,BAC,3151,2022-03-23,-0.024672
59408,06050510,BAC,3151,2022-03-24,-0.000464
59408,06050510,BAC,3151,2022-03-25,0.015324
59408,06050510,BAC,3151,2022-03-28,-0.004116
59408,06050510,BAC,3151,2022-03-29,-0.002526
59408,06050510,BAC,3151,2022-03-30,-0.010129
59408,06050510,BAC,3151,2022-03-31,-0.041395
59408,06050510,BAC,3151,2022-04-01,-0.007763
59408,06050510,BAC,3151,2022-04-04,-0.001711
59408,06050510,BAC,3151,2022-04-05,-0.016899
59408,06050510,BAC,3151,2022-04-06,-0.010962
59408,06050510,BAC,3151,2022-04-07,-0.007809
59408,06050510,BAC,3151,2022-04-08,0.007108
59408,06050510,BAC,3151,2022-04-11,-0.002017
59408,06050510,BAC,3151,2022-04-12,-0.010609
59408,06050510,BAC,3151,2022-04-13,-0.008935
59408,06050510,BAC,3151,2022-04-14,-0.032200
59408,06050510,BAC,3151,2022-04-18,0.034070
59408,06050510,BAC,3151,2022-04-19,0.018533
59408,06050510,BAC,3151,2022-04-20,0.002274
59408,06050510,BAC,3151,2022-04-21,-0.018911
59408,06050510,BAC,3151,2022-04-22,-0.034695
59408,06050510,BAC,3151,2022-04-25,-0.007188
59408,06050510,BAC,3151,2022-04-26,-0.022526
59408,06050510,BAC,3151,2022-04-27,-0.005487
59408,06050510,BAC,3151,2022-04-28,0.015448
59408,06050510,BAC,3151,2022-04-29,-0.030698
59408,06050510,BAC,3151,2022-05-02,0.012892
59408,06050510,BAC,3151,2022-05-03,0.027393
59408,06050510,BAC,3151,2022-05-04,0.040129
59408,06050510,BAC,3151,2022-05-05,-0.027965
59408,06050510,BAC,3151,2022-05-06,-0.002397
59408,06050510,BAC,3151,2022-05-09,-0.028838
59408,06050510,BAC,3151,2022-05-10,-0.016772
59408,06050510,BAC,3151,2022-05-11,-0.005313
59408,06050510,BAC,3151,2022-05-12,-0.014057
59408,06050510,BAC,3151,2022-05-13,0.002851
59408,06050510,BAC,3151,2022-05-16,-0.010236
59408,06050510,BAC,3151,2022-05-17,0.033898
59408,06050510,BAC,3151,2022-05-18,-0.030842
59408,06050510,BAC,3151,2022-05-19,-0.012328
59408,06050510,BAC,3151,2022-05-20,-0.017126
59408,06050510,BAC,3151,2022-05-23,0.059362
59408,06050510,BAC,3151,2022-05-24,-0.006133
59408,06050510,BAC,3151,2022-05-25,0.005330
59408,06050510,BAC,3151,2022-05-26,0.023158
59408,06050510,BAC,3151,2022-05-27,0.009545
59408,06050510,BAC,3151,2022-05-31,0.004862
59408,06050510,BAC,3151,2022-06-01,-0.014247
59408,06050510,BAC,3151,2022-06-02,0.006545
59408,06050510,BAC,3151,2022-06-03,-0.013896
59408,06050510,BAC,3151,2022-06-06,-0.001105
59408,06050510,BAC,3151,2022-06-07,0.005533
59408,06050510,BAC,3151,2022-06-08,-0.012655
59408,06050510,BAC,3151,2022-06-09,-0.038451
59408,06050510,BAC,3151,2022-06-10,-0.038829
59408,06050510,BAC,3151,2022-06-13,-0.034670
59408,06050510,BAC,3151,2022-06-14,-0.017489
59408,06050510,BAC,3151,2022-06-15,0.018754
59408,06050510,BAC,3151,2022-06-16,-0.006240
59408,06050510,BAC,3151,2022-06-17,0.002198
59408,06050510,BAC,3151,2022-06-21,0.029135
59408,06050510,BAC,3151,2022-06-22,-0.007610
59408,06050510,BAC,3151,2022-06-23,-0.015951
59408,06050510,BAC,3151,2022-06-24,0.007170
59408,06050510,BAC,3151,2022-06-27,0.001238
59408,06050510,BAC,3151,2022-06-28,-0.002782
59408,06050510,BAC,3151,2022-06-29,-0.012399
59408,06050510,BAC,3151,2022-06-30,-0.022913
59408,06050510,BAC,3151,2022-07-01,0.013813
59408,06050510,BAC,3151,2022-07-05,-0.010139
59408,06050510,BAC,3151,2022-07-06,-0.008323
59408,06050510,BAC,3151,2022-07-07,0.028405
59408,06050510,BAC,3151,2022-07-08,-0.002197
59408,06050510,BAC,3151,2022-07-11,-0.010381
59408,06050510,BAC,3151,2022-07-12,-0.003179
59408,06050510,BAC,3151,2022-07-13,-0.016582
59408,06050510,BAC,3151,2022-07-14,-0.023022
59408,06050510,BAC,3151,2022-07-15,0.070362
59408,06050510,BAC,3151,2022-07-18,0.000310
59408,06050510,BAC,3151,2022-07-19,0.033788
59408,06050510,BAC,3151,2022-07-20,0.000300
59408,06050510,BAC,3151,2022-07-21,0.008693
59408,06050510,BAC,3151,2022-07-22,-0.006538
59408,06050510,BAC,3151,2022-07-25,0.008974
59408,06050510,BAC,3151,2022-07-26,-0.020160
59408,06050510,BAC,3151,2022-07-27,0.016339
59408,06050510,BAC,3151,2022-07-28,-0.008038
59408,06050510,BAC,3151,2022-07-29,0.014706
59408,06050510,BAC,3151,2022-08-01,-0.002958
59408,06050510,BAC,3151,2022-08-02,-0.019875
59408,06050510,BAC,3151,2022-08-03,0.018160
59408,06050510,BAC,3151,2022-08-04,-0.007134
59408,06050510,BAC,3151,2022-08-05,0.016766
59408,06050510,BAC,3151,2022-08-08,-0.013840
59408,06050510,BAC,3151,2022-08-09,0.012840
59408,06050510,BAC,3151,2022-08-10,0.033903
59408,06050510,BAC,3151,2022-08-11,0.023952
59408,06050510,BAC,3151,2022-08-12,0.010860
59408,06050510,BAC,3151,2022-08-15,-0.001377
59408,06050510,BAC,3151,2022-08-16,0.010759
59408,06050510,BAC,3151,2022-08-17,-0.006277
59408,06050510,BAC,3151,2022-08-18,-0.003570
59408,06050510,BAC,3151,2022-08-19,-0.022051
59408,06050510,BAC,3151,2022-08-22,-0.021421
59408,06050510,BAC,3151,2022-08-23,-0.008929
59408,06050510,BAC,3151,2022-08-24,0.003197
59408,06050510,BAC,3151,2022-08-25,0.017961
59408,06050510,BAC,3151,2022-08-26,-0.031588
59408,06050510,BAC,3151,2022-08-29,-0.003820
59408,06050510,BAC,3151,2022-08-30,0.005605
59408,06050510,BAC,3151,2022-08-31,-0.014080
59408,06050510,BAC,3151,2022-09-01,0.002380
59408,06050510,BAC,3151,2022-09-02,-0.001195
59408,06050510,BAC,3151,2022-09-06,-0.011068
59408,06050510,BAC,3151,2022-09-07,0.015426
59408,06050510,BAC,3151,2022-09-08,0.032172
59408,06050510,BAC,3151,2022-09-09,0.008369
59408,06050510,BAC,3151,2022-09-12,0.009445
59408,06050510,BAC,3151,2022-09-13,-0.036008
59408,06050510,BAC,3151,2022-09-14,-0.003824
59408,06050510,BAC,3151,2022-09-15,0.018896
59408,06050510,BAC,3151,2022-09-16,-0.011301
59408,06050510,BAC,3151,2022-09-19,0.016706
59408,06050510,BAC,3151,2022-09-20,-0.014990
59408,06050510,BAC,3151,2022-09-21,-0.029851
59408,06050510,BAC,3151,2022-09-22,-0.019608
59408,06050510,BAC,3151,2022-09-23,-0.023692
59408,06050510,BAC,3151,2022-09-26,-0.022061
59408,06050510,BAC,3151,2022-09-27,-0.014824
59408,06050510,BAC,3151,2022-09-28,0.016356
59408,06050510,BAC,3151,2022-09-29,-0.013196
59408,06050510,BAC,3151,2022-09-30,-0.015003
59408,06050510,BAC,3151,2022-10-03,0.029470
59408,06050510,BAC,3151,2022-10-04,0.041492
59408,06050510,BAC,3151,2022-10-05,-0.014206
59408,06050510,BAC,3151,2022-10-06,-0.014411
59408,06050510,BAC,3151,2022-10-07,-0.022568
59408,06050510,BAC,3151,2022-10-10,-0.002927
59408,06050510,BAC,3151,2022-10-11,-0.029028
59408,06050510,BAC,3151,2022-10-12,0.003023
59408,06050510,BAC,3151,2022-10-13,0.061286
59408,06050510,BAC,3151,2022-10-14,0.000316
59408,06050510,BAC,3151,2022-10-17,0.060568
59408,06050510,BAC,3151,2022-10-18,0.037478
59408,06050510,BAC,3151,2022-10-19,-0.027523
59408,06050510,BAC,3151,2022-10-20,-0.006486
59408,06050510,BAC,3151,2022-10-21,0.037092
59408,06050510,BAC,3151,2022-10-24,0.003433
59408,06050510,BAC,3151,2022-10-25,0.009125
59408,06050510,BAC,3151,2022-10-26,0.008760
59408,06050510,BAC,3151,2022-10-27,0.004762
59408,06050510,BAC,3151,2022-10-28,0.008642
59408,06050510,BAC,3151,2022-10-31,-0.003870
59408,06050510,BAC,3151,2022-11-01,0.004440
59408,06050510,BAC,3151,2022-11-02,-0.003039
59408,06050510,BAC,3151,2022-11-03,-0.005542
59408,06050510,BAC,3151,2022-11-04,0.025077
59408,06050510,BAC,3151,2022-11-07,0.005980
59408,06050510,BAC,3151,2022-11-08,0.002702
59408,06050510,BAC,3151,2022-11-09,-0.015899
59408,06050510,BAC,3151,2022-11-10,0.044085
59408,06050510,BAC,3151,2022-11-11,0.007343
59408,06050510,BAC,3151,2022-11-14,-0.016923
59408,06050510,BAC,3151,2022-11-15,-0.001589
59408,06050510,BAC,3151,2022-11-16,-0.009019
59408,06050510,BAC,3151,2022-11-17,-0.005086
59408,06050510,BAC,3151,2022-11-18,0.000538
59408,06050510,BAC,3151,2022-11-21,0.003227
59408,06050510,BAC,3151,2022-11-22,0.004824
59408,06050510,BAC,3151,2022-11-23,0.003201
59408,06050510,BAC,3151,2022-11-25,0.002393
59408,06050510,BAC,3151,2022-11-28,-0.022281
59408,06050510,BAC,3151,2022-11-29,0.003798
59408,06050510,BAC,3151,2022-11-30,0.022973
59408,06050510,BAC,3151,2022-12-01,-0.028534
59408,06050510,BAC,3151,2022-12-02,-0.012859
59408,06050510,BAC,3151,2022-12-05,-0.044623
59408,06050510,BAC,3151,2022-12-06,-0.042646
59408,06050510,BAC,3151,2022-12-07,-0.007879
59408,06050510,BAC,3151,2022-12-08,-0.009163
59408,06050510,BAC,3151,2022-12-09,-0.001850
59408,06050510,BAC,3151,2022-12-12,0.010809
59408,06050510,BAC,3151,2022-12-13,0.000611
59408,06050510,BAC,3151,2022-12-14,-0.014351
59408,06050510,BAC,3151,2022-12-15,-0.015799
59408,06050510,BAC,3151,2022-12-16,-0.002203
59408,06050510,BAC,3151,2022-12-19,0.011356
59408,06050510,BAC,3151,2022-12-20,0.004055
59408,06050510,BAC,3151,2022-12-21,0.015222
59408,06050510,BAC,3151,2022-12-22,-0.008874
59408,06050510,BAC,3151,2022-12-23,0.002470
59408,06050510,BAC,3151,2022-12-27,0.001848
59408,06050510,BAC,3151,2022-12-28,0.007378
59408,06050510,BAC,3151,2022-12-29,0.011291
59408,06050510,BAC,3151,2022-12-30,-0.000604
84788,02313510,AMZN,15473,2018-01-02,0.016708
84788,02313510,AMZN,15473,2018-01-03,0.012775
84788,02313510,AMZN,15473,2018-01-04,0.004476
84788,02313510,AMZN,15473,2018-01-05,0.016163
84788,02313510,AMZN,15473,2018-01-08,0.014425
84788,02313510,AMZN,15473,2018-01-09,0.004676
84788,02313510,AMZN,15473,2018-01-10,0.001301
84788,02313510,AMZN,15473,2018-01-11,0.017818
84788,02313510,AMZN,15473,2018-01-12,0.022339
84788,02313510,AMZN,15473,2018-01-16,-0.000260
84788,02313510,AMZN,15473,2018-01-17,-0.007556
84788,02313510,AMZN,15473,2018-01-18,-0.001297
84788,02313510,AMZN,15473,2018-01-19,0.000974
84788,02313510,AMZN,15473,2018-01-22,0.025282
84788,02313510,AMZN,15473,2018-01-23,0.026542
84788,02313510,AMZN,15473,2018-01-24,-0.003692
84788,02313510,AMZN,15473,2018-01-25,0.015057
84788,02313510,AMZN,15473,2018-01-26,0.017490
84788,02313510,AMZN,15473,2018-01-29,0.011148
84788,02313510,AMZN,15473,2018-01-30,0.014206
84788,02313510,AMZN,15473,2018-01-31,0.009090
84788,02313510,AMZN,15473,2018-02-01,-0.041967
84788,02313510,AMZN,15473,2018-02-02,0.028741
84788,02313510,AMZN,15473,2018-02-05,-0.027938
84788,02313510,AMZN,15473,2018-02-06,0.038014
84788,02313510,AMZN,15473,2018-02-07,-0.018062
84788,02313510,AMZN,15473,2018-02-08,-0.046782
84788,02313510,AMZN,15473,2018-02-09,-0.008071
84788,02313510,AMZN,15473,2018-02-12,0.034809
84788,02313510,AMZN,15473,2018-02-13,0.020401
84788,02313510,AMZN,15473,2018-02-14,0.025832
84788,02313510,AMZN,15473,2018-02-15,0.007381
84788,02313510,AMZN,15473,2018-02-16,-0.008941
84788,02313510,AMZN,15473,2018-02-20,0.013571
84788,02313510,AMZN,15473,2018-02-21,0.009923
84788,02313510,AMZN,15473,2018-02-22,0.001632
84788,02313510,AMZN,15473,2018-02-23,0.009870
84788,02313510,AMZN,15473,2018-02-26,0.014633
84788,02313510,AMZN,15473,2018-02-27,-0.006551
84788,02313510,AMZN,15473,2018-02-28,0.000311
84788,02313510,AMZN,15473,2018-03-01,-0.012562
84788,02313510,AMZN,15473,2018-03-02,0.004553
84788,02313510,AMZN,15473,2018-03-05,0.015571
84788,02313510,AMZN,15473,2018-03-06,0.009208
84788,02313510,AMZN,15473,2018-03-07,0.004787
84788,02313510,AMZN,15473,2018-03-08,0.004440
84788,02313510,AMZN,15473,2018-03-09,0.017418
84788,02313510,AMZN,15473,2018-03-12,0.012350
84788,02313510,AMZN,15473,2018-03-13,-0.006388
84788,02313510,AMZN,15473,2018-03-14,0.001776
84788,02313510,AMZN,15473,2018-03-15,-0.005456
84788,02313510,AMZN,15473,2018-03-16,-0.006724
84788,02313510,AMZN,15473,2018-03-19,-0.017020
84788,02313510,AMZN,15473,2018-03-20,0.026914
84788,02313510,AMZN,15473,2018-03-21,-0.002931
84788,02313510,AMZN,15473,2018-03-22,-0.023352
84788,02313510,AMZN,15473,2018-03-23,-0.031950
84788,02313510,AMZN,15473,2018-03-26,0.040319
84788,02313510,AMZN,15473,2018-03-27,-0.037799
84788,02313510,AMZN,15473,2018-03-28,-0.043840
84788,02313510,AMZN,15473,2018-03-29,0.011122
84788,02313510,AMZN,15473,2018-04-02,-0.052061
84788,02313510,AMZN,15473,2018-04-03,0.014621
84788,02313510,AMZN,15473,2018-04-04,0.013304
84788,02313510,AMZN,15473,2018-04-05,0.029194
84788,02313510,AMZN,15473,2018-04-06,-0.032044
84788,02313510,AMZN,15473,2018-04-09,0.000605
84788,02313510,AMZN,15473,2018-04-10,0.021435
84788,02313510,AMZN,15473,2018-04-11,-0.006385
84788,02313510,AMZN,15473,2018-04-12,0.015031
84788,02313510,AMZN,15473,2018-04-13,-0.012226
84788,02313510,AMZN,15473,2018-04-16,0.007485
84788,02313510,AMZN,15473,2018-04-17,0.043240
84788,02313510,AMZN,15473,2018-04-18,0.015966
84788,02313510,AMZN,15473,2018-04-19,0.019027
84788,02313510,AMZN,15473,2018-04-20,-0.018896
84788,02313510,AMZN,15473,2018-04-23,-0.006304
84788,02313510,AMZN,15473,2018-04-24,-0.038060
84788,02313510,AMZN,15473,2018-04-25,0.000055
84788,02313510,AMZN,15473,2018-04-26,0.039578
84788,02313510,AMZN,15473,2018-04-27,0.036009
84788,02313510,AMZN,15473,2018-04-30,-0.004127
84788,02313510,AMZN,15473,2018-05-01,0.010299
84788,02313510,AMZN,15473,2018-05-02,-0.007951
84788,02313510,AMZN,15473,2018-05-03,0.001526
84788,02313510,AMZN,15473,2018-05-04,0.005645
84788,02313510,AMZN,15473,2018-05-07,0.012138
84788,02313510,AMZN,15473,2018-05-08,-0.004843
84788,02313510,AMZN,15473,2018-05-09,0.009803
84788,02313510,AMZN,15473,2018-05-10,0.000672
84788,02313510,AMZN,15473,2018-05-11,-0.003834
84788,02313510,AMZN,15473,2018-05-14,-0.000855
84788,02313510,AMZN,15473,2018-05-15,-0.015872
84788,02313510,AMZN,15473,2018-05-16,0.007081
84788,02313510,AMZN,15473,2018-05-17,-0.003478
84788,02313510,AMZN,15473,2018-05-18,-0.004672
84788,02313510,AMZN,15473,2018-05-21,0.007044
84788,02313510,AMZN,15473,2018-05-22,-0.002561
84788,02313510,AMZN,15473,2018-05-23,0.012938
84788,02313510,AMZN,15473,2018-05-24,0.000755
84788,02313510,AMZN,15473,2018-05-25,0.004417
84788,02313510,AMZN,15473,2018-05-29,0.001689
84788,02313510,AMZN,15473,2018-05-30,0.007453
84788,02313510,AMZN,15473,2018-05-31,0.002911
84788,02313510,AMZN,15473,2018-06-01,0.007315
84788,02313510,AMZN,15473,2018-06-04,0.014456
84788,02313510,AMZN,15473,2018-06-05,0.018664
84788,02313510,AMZN,15473,2018-06-06,-0.000354
84788,02313510,AMZN,15473,2018-06-07,-0.003804
84788,02313510,AMZN,15473,2018-06-08,-0.003143
84788,02313510,AMZN,15473,2018-06-11,0.003046
84788,02313510,AMZN,15473,2018-06-12,0.005701
84788,02313510,AMZN,15473,2018-06-13,0.003597
84788,02313510,AMZN,15473,2018-06-14,0.011145
84788,02313510,AMZN,15473,2018-06-15,-0.004577
84788,02313510,AMZN,15473,2018-06-18,0.004557
84788,02313510,AMZN,15473,2018-06-19,0.006375
84788,02313510,AMZN,15473,2018-06-20,0.008820
84788,02313510,AMZN,15473,2018-06-21,-0.011348
84788,02313510,AMZN,15473,2018-06-22,-0.008409
84788,02313510,AMZN,15473,2018-06-25,-0.030612
84788,02313510,AMZN,15473,2018-06-26,0.016799
84788,02313510,AMZN,15473,2018-06-27,-0.018083
84788,02313510,AMZN,15473,2018-06-28,0.024655
84788,02313510,AMZN,15473,2018-06-29,-0.000970
84788,02313510,AMZN,15473,2018-07-02,0.008224
84788,02313510,AMZN,15473,2018-07-03,-0.011565
84788,02313510,AMZN,15473,2018-07-05,0.003406
84788,02313510,AMZN,15473,2018-07-06,0.006413
84788,02313510,AMZN,15473,2018-07-09,0.016596
84788,02313510,AMZN,15473,2018-07-10,0.002329
84788,02313510,AMZN,15473,2018-07-11,0.006844
84788,02313510,AMZN,15473,2018-07-12,0.023715
84788,02313510,AMZN,15473,2018-07-13,0.009134
84788,02313510,AMZN,15473,2018-07-16,0.005218
84788,02313510,AMZN,15473,2018-07-17,0.011764
84788,02313510,AMZN,15473,2018-07-18,-0.000548
84788,02313510,AMZN,15473,2018-07-19,-0.016251
84788,02313510,AMZN,15473,2018-07-20,0.000403
84788,02313510,AMZN,15473,2018-07-23,-0.006451
84788,02313510,AMZN,15473,2018-07-24,0.015117
84788,02313510,AMZN,15473,2018-07-25,0.018789
84788,02313510,AMZN,15473,2018-07-26,-0.029840
84788,02313510,AMZN,15473,2018-07-27,0.005127
84788,02313510,AMZN,15473,2018-07-30,-0.020938
84788,02313510,AMZN,15473,2018-07-31,-0.001000
84788,02313510,AMZN,15473,2018-08-01,0.011100
84788,02313510,AMZN,15473,2018-08-02,0.020677
84788,02313510,AMZN,15473,2018-08-03,-0.006019
84788,02313510,AMZN,15473,2018-08-06,0.013415
84788,02313510,AMZN,15473,2018-08-07,0.007972
84788,02313510,AMZN,15473,2018-08-08,0.012908
84788,02313510,AMZN,15473,2018-08-09,0.006361
84788,02313510,AMZN,15473,2018-08-10,-0.006437
84788,02313510,AMZN,15473,2018-08-13,0.005248
84788,02313510,AMZN,15473,2018-08-14,0.012367
84788,02313510,AMZN,15473,2018-08-15,-0.019290
84788,02313510,AMZN,15473,2018-08-16,0.002072
84788,02313510,AMZN,15473,2018-08-17,-0.002279
84788,02313510,AMZN,15473,2018-08-20,-0.002927
84788,02313510,AMZN,15473,2018-08-21,0.003575
84788,02313510,AMZN,15473,2018-08-22,0.011405
84788,02313510,AMZN,15473,2018-08-23,-0.001050
84788,02313510,AMZN,15473,2018-08-24,0.001309
84788,02313510,AMZN,15473,2018-08-27,0.011698
84788,02313510,AMZN,15473,2018-08-28,0.002666
84788,02313510,AMZN,15473,2018-08-29,0.033774
84788,02313510,AMZN,15473,2018-08-30,0.002142
84788,02313510,AMZN,15473,2018-08-31,0.005159
84788,02313510,AMZN,15473,2018-09-04,0.013315
84788,02313510,AMZN,15473,2018-09-05,-0.021912
84788,02313510,AMZN,15473,2018-09-06,-0.018302
84788,02313510,AMZN,15473,2018-09-07,-0.003186
84788,02313510,AMZN,15473,2018-09-10,-0.006690
84788,02313510,AMZN,15473,2018-09-11,0.024827
84788,02313510,AMZN,15473,2018-09-12,0.001434
84788,02313510,AMZN,15473,2018-09-13,-0.000065
84788,02313510,AMZN,15473,2018-09-14,-0.009890
84788,02313510,AMZN,15473,2018-09-17,-0.031550
84788,02313510,AMZN,15473,2018-09-18,0.017306
84788,02313510,AMZN,15473,2018-09-19,-0.007537
84788,02313510,AMZN,15473,2018-09-20,0.009281
84788,02313510,AMZN,15473,2018-09-21,-0.015065
84788,02313510,AMZN,15473,2018-09-24,0.010104
84788,02313510,AMZN,15473,2018-09-25,0.020777
84788,02313510,AMZN,15473,2018-09-26,0.000152
84788,02313510,AMZN,15473,2018-09-27,0.019308
84788,02313510,AMZN,15473,2018-09-28,-0.004958
84788,02313510,AMZN,15473,2018-10-01,0.000679
84788,02313510,AMZN,15473,2018-10-02,-0.016489
84788,02313510,AMZN,15473,2018-10-03,-0.009410
84788,02313510,AMZN,15473,2018-10-04,-0.022194
84788,02313510,AMZN,15473,2018-10-05,-0.010354
84788,02313510,AMZN,15473,2018-10-08,-0.013352
84788,02313510,AMZN,15473,2018-10-09,0.003165
84788,02313510,AMZN,15473,2018-10-10,-0.061524
84788,02313510,AMZN,15473,2018-10-11,-0.020447
84788,02313510,AMZN,15473,2018-10-12,0.040277
84788,02313510,AMZN,15473,2018-10-15,-0.015465
84788,02313510,AMZN,15473,2018-10-16,0.033510
84788,02313510,AMZN,15473,2018-10-17,0.006467
84788,02313510,AMZN,15473,2018-10-18,-0.033307
84788,02313510,AMZN,15473,2018-10-19,-0.003778
84788,02313510,AMZN,15473,2018-10-22,0.014325
84788,02313510,AMZN,15473,2018-10-23,-0.011513
84788,02313510,AMZN,15473,2018-10-24,-0.059083
84788,02313510,AMZN,15473,2018-10-25,0.070887
84788,02313510,AMZN,15473,2018-10-26,-0.078197
84788,02313510,AMZN,15473,2018-10-29,-0.063264
84788,02313510,AMZN,15473,2018-10-30,-0.005498
84788,02313510,AMZN,15473,2018-10-31,0.044164
84788,02313510,AMZN,15473,2018-11-01,0.042253
84788,02313510,AMZN,15473,2018-11-02,0.000000
84788,02313510,AMZN,15473,2018-11-05,-0.022653
84788,02313510,AMZN,15473,2018-11-06,0.009221
84788,02313510,AMZN,15473,2018-11-07,0.068590
84788,02313510,AMZN,15473,2018-11-08,-0.000330
84788,02313510,AMZN,15473,2018-11-09,-0.024206
84788,02313510,AMZN,15473,2018-11-12,-0.044136
84788,02313510,AMZN,15473,2018-11-13,-0.003470
84788,02313510,AMZN,15473,2018-11-14,-0.019716
84788,02313510,AMZN,15473,2018-11-15,0.012777
84788,02313510,AMZN,15473,2018-11-16,-0.016073
84788,02313510,AMZN,15473,2018-11-19,-0.050910
84788,02313510,AMZN,15473,2018-11-20,-0.011129
84788,02313510,AMZN,15473,2018-11-21,0.014223
84788,02313510,AMZN,15473,2018-11-23,-0.009672
84788,02313510,AMZN,15473,2018-11-26,0.052774
84788,02313510,AMZN,15473,2018-11-27,0.000057
84788,02313510,AMZN,15473,2018-11-28,0.060914
84788,02313510,AMZN,15473,2018-11-29,-0.002491
84788,02313510,AMZN,15473,2018-11-30,0.009919
84788,02313510,AMZN,15473,2018-12-03,0.048628
84788,02313510,AMZN,15473,2018-12-04,-0.058656
84788,02313510,AMZN,15473,2018-12-06,0.018455
84788,02313510,AMZN,15473,2018-12-07,-0.041231
84788,02313510,AMZN,15473,2018-12-10,0.007305
84788,02313510,AMZN,15473,2018-12-11,0.001347
84788,02313510,AMZN,15473,2018-12-12,0.012354
84788,02313510,AMZN,15473,2018-12-13,-0.003102
84788,02313510,AMZN,15473,2018-12-14,-0.040081
84788,02313510,AMZN,15473,2018-12-17,-0.044601
84788,02313510,AMZN,15473,2018-12-18,0.020100
84788,02313510,AMZN,15473,2018-12-19,-0.036352
84788,02313510,AMZN,15473,2018-12-20,-0.022908
84788,02313510,AMZN,15473,2018-12-21,-0.057077
84788,02313510,AMZN,15473,2018-12-24,-0.024313
84788,02313510,AMZN,15473,2018-12-26,0.094452
84788,02313510,AMZN,15473,2018-12-27,-0.006295
84788,02313510,AMZN,15473,2018-12-28,0.011207
84788,02313510,AMZN,15473,2018-12-31,0.016204
84788,02313510,AMZN,15473,2019-01-02,0.024741
84788,02313510,AMZN,15473,2019-01-03,-0.025242
84788,02313510,AMZN,15473,2019-01-04,0.050064
84788,02313510,AMZN,15473,2019-01-07,0.034353
84788,02313510,AMZN,15473,2019-01-08,0.016612
84788,02313510,AMZN,15473,2019-01-09,0.001714
84788,02313510,AMZN,15473,2019-01-10,-0.001928
84788,02313510,AMZN,15473,2019-01-11,-0.009455
84788,02313510,AMZN,15473,2019-01-14,-0.014233
84788,02313510,AMZN,15473,2019-01-15,0.035462
84788,02313510,AMZN,15473,2019-01-16,0.005506
84788,02313510,AMZN,15473,2019-01-17,0.005606
84788,02313510,AMZN,15473,2019-01-18,0.001760
84788,02313510,AMZN,15473,2019-01-22,-0.037749
84788,02313510,AMZN,15473,2019-01-23,0.004810
84788,02313510,AMZN,15473,2019-01-24,0.009091
84788,02313510,AMZN,15473,2019-01-25,0.009451
84788,02313510,AMZN,15473,2019-01-28,-0.019562
84788,02313510,AMZN,15473,2019-01-29,-0.026870
84788,02313510,AMZN,15473,2019-01-30,0.048027
84788,02313510,AMZN,15473,2019-01-31,0.028915
84788,02313510,AMZN,15473,2019-02-01,-0.053819
84788,02313510,AMZN,15473,2019-02-04,0.004354
84788,02313510,AMZN,15473,2019-02-05,0.015612
84788,02313510,AMZN,15473,2019-02-06,-0.011183
84788,02313510,AMZN,15473,2019-02-07,-0.015784
84788,02313510,AMZN,15473,2019-02-08,-0.016198
84788,02313510,AMZN,15473,2019-02-11,0.001750
84788,02313510,AMZN,15473,2019-02-12,0.029547
84788,02313510,AMZN,15473,2019-02-13,0.001215
84788,02313510,AMZN,15473,2019-02-14,-0.010579
84788,02313510,AMZN,15473,2019-02-15,-0.009059
84788,02313510,AMZN,15473,2019-02-19,0.012208
84788,02313510,AMZN,15473,2019-02-20,-0.003367
84788,02313510,AMZN,15473,2019-02-21,-0.001640
84788,02313510,AMZN,15473,2019-02-22,0.007484
84788,02313510,AMZN,15473,2019-02-25,0.000883
84788,02313510,AMZN,15473,2019-02-26,0.002082
84788,02313510,AMZN,15473,2019-02-27,0.002866
84788,02313510,AMZN,15473,2019-02-28,-0.000768
84788,02313510,AMZN,15473,2019-03-01,0.019453
84788,02313510,AMZN,15473,2019-03-04,0.014620
84788,02313510,AMZN,15473,2019-03-05,-0.002205
84788,02313510,AMZN,15473,2019-03-06,-0.013874
84788,02313510,AMZN,15473,2019-03-07,-0.025765
84788,02313510,AMZN,15473,2019-03-08,-0.003167
84788,02313510,AMZN,15473,2019-03-11,0.030738
84788,02313510,AMZN,15473,2019-03-12,0.001484
84788,02313510,AMZN,15473,2019-03-13,0.010585
84788,02313510,AMZN,15473,2019-03-14,-0.002715
84788,02313510,AMZN,15473,2019-03-15,0.015502
84788,02313510,AMZN,15473,2019-03-18,0.017397
84788,02313510,AMZN,15473,2019-03-19,0.011308
84788,02313510,AMZN,15473,2019-03-20,0.020104
84788,02313510,AMZN,15473,2019-03-21,0.012235
84788,02313510,AMZN,15473,2019-03-22,-0.029952
84788,02313510,AMZN,15473,2019-03-25,0.005377
84788,02313510,AMZN,15473,2019-03-26,0.005354
84788,02313510,AMZN,15473,2019-03-27,-0.010125
84788,02313510,AMZN,15473,2019-03-28,0.004372
84788,02313510,AMZN,15473,2019-03-29,0.004133
84788,02313510,AMZN,15473,2019-04-01,0.018779
84788,02313510,AMZN,15473,2019-04-02,-0.000116
84788,02313510,AMZN,15473,2019-04-03,0.003705
84788,02313510,AMZN,15473,2019-04-04,-0.001011
84788,02313510,AMZN,15473,2019-04-05,0.010127
84788,02313510,AMZN,15473,2019-04-08,0.006847
84788,02313510,AMZN,15473,2019-04-09,-0.007579
84788,02313510,AMZN,15473,2019-04-10,0.006259
84788,02313510,AMZN,15473,2019-04-11,-0.001765
84788,02313510,AMZN,15473,2019-04-12,-0.000548
84788,02313510,AMZN,15473,2019-04-15,0.000982
84788,02313510,AMZN,15473,2019-04-16,0.009849
84788,02313510,AMZN,15473,2019-04-17,0.000955
84788,02313510,AMZN,15473,2019-04-18,-0.001678
84788,02313510,AMZN,15473,2019-04-22,0.013762
84788,02313510,AMZN,15473,2019-04-23,0.019319
84788,02313510,AMZN,15473,2019-04-24,-0.011446
84788,02313510,AMZN,15473,2019-04-25,0.000263
84788,02313510,AMZN,15473,2019-04-26,0.025433
84788,02313510,AMZN,15473,2019-04-29,-0.006254
84788,02313510,AMZN,15473,2019-04-30,-0.006144
84788,02313510,AMZN,15473,2019-05-01,-0.007786
84788,02313510,AMZN,15473,2019-05-02,-0.005598
84788,02313510,AMZN,15473,2019-05-03,0.032428
84788,02313510,AMZN,15473,2019-05-06,-0.006069
84788,02313510,AMZN,15473,2019-05-07,-0.015150
84788,02313510,AMZN,15473,2019-05-08,-0.001681
84788,02313510,AMZN,15473,2019-05-09,-0.009334
84788,02313510,AMZN,15473,2019-05-10,-0.005206
84788,02313510,AMZN,15473,2019-05-13,-0.035609
84788,02313510,AMZN,15473,2019-05-14,0.009568
84788,02313510,AMZN,15473,2019-05-15,0.016863
84788,02313510,AMZN,15473,2019-05-16,0.019464
84788,02313510,AMZN,15473,2019-05-17,-0.020219
84788,02313510,AMZN,15473,2019-05-20,-0.005367
84788,02313510,AMZN,15473,2019-05-21,-0.000780
84788,02313510,AMZN,15473,2019-05-22,0.001163
84788,02313510,AMZN,15473,2019-05-23,-0.023768
84788,02313510,AMZN,15473,2019-05-24,0.004296
84788,02313510,AMZN,15473,2019-05-28,0.007212
84788,02313510,AMZN,15473,2019-05-29,-0.009388
84788,02313510,AMZN,15473,2019-05-30,-0.001578
84788,02313510,AMZN,15473,2019-05-31,-0.022711
84788,02313510,AMZN,15473,2019-06-03,-0.046409
84788,02313510,AMZN,15473,2019-06-04,0.021782
84788,02313510,AMZN,15473,2019-06-05,0.005169
84788,02313510,AMZN,15473,2019-06-06,0.009123
84788,02313510,AMZN,15473,2019-06-07,0.028312
84788,02313510,AMZN,15473,2019-06-10,0.031374
84788,02313510,AMZN,15473,2019-06-11,0.001650
84788,02313510,AMZN,15473,2019-06-12,-0.004496
84788,02313510,AMZN,15473,2019-06-13,0.008074
84788,02313510,AMZN,15473,2019-06-14,-0.000337
84788,02313510,AMZN,15473,2019-06-17,0.008750
84788,02313510,AMZN,15473,2019-06-18,0.008133
84788,02313510,AMZN,15473,2019-06-19,0.003902
84788,02313510,AMZN,15473,2019-06-20,0.004925
84788,02313510,AMZN,15473,2019-06-21,-0.003592
84788,02313510,AMZN,15473,2019-06-24,0.001360
84788,02313510,AMZN,15473,2019-06-25,-0.018616
84788,02313510,AMZN,15473,2019-06-26,0.010414
84788,02313510,AMZN,15473,2019-06-27,0.003399
84788,02313510,AMZN,15473,2019-06-28,-0.005593
84788,02313510,AMZN,15473,2019-07-01,0.015082
84788,02313510,AMZN,15473,2019-07-02,0.006305
84788,02313510,AMZN,15473,2019-07-03,0.002425
84788,02313510,AMZN,15473,2019-07-05,0.002017
84788,02313510,AMZN,15473,2019-07-08,0.004843
84788,02313510,AMZN,15473,2019-07-09,0.018429
84788,02313510,AMZN,15473,2019-07-10,0.014641
84788,02313510,AMZN,15473,2019-07-11,-0.008099
84788,02313510,AMZN,15473,2019-07-12,0.004962
84788,02313510,AMZN,15473,2019-07-15,0.004968
84788,02313510,AMZN,15473,2019-07-16,-0.005487
84788,02313510,AMZN,15473,2019-07-17,-0.008891
84788,02313510,AMZN,15473,2019-07-18,-0.007093
84788,02313510,AMZN,15473,2019-07-19,-0.006765
84788,02313510,AMZN,15473,2019-07-22,0.010746
84788,02313510,AMZN,15473,2019-07-23,0.004462
84788,02313510,AMZN,15473,2019-07-24,0.003169
84788,02313510,AMZN,15473,2019-07-25,-0.013490
84788,02313510,AMZN,15473,2019-07-26,-0.015589
84788,02313510,AMZN,15473,2019-07-29,-0.015748
84788,02313510,AMZN,15473,2019-07-30,-0.007279
84788,02313510,AMZN,15473,2019-07-31,-0.016723
84788,02313510,AMZN,15473,2019-08-01,-0.006139
84788,02313510,AMZN,15473,2019-08-02,-0.017291
84788,02313510,AMZN,15473,2019-08-05,-0.031872
84788,02313510,AMZN,15473,2019-08-06,0.012860
84788,02313510,AMZN,15473,2019-08-07,0.003116
84788,02313510,AMZN,15473,2019-08-08,0.022020
84788,02313510,AMZN,15473,2019-08-09,-0.013809
84788,02313510,AMZN,15473,2019-08-12,-0.012536
84788,02313510,AMZN,15473,2019-08-13,0.022085
84788,02313510,AMZN,15473,2019-08-14,-0.033645
84788,02313510,AMZN,15473,2019-08-15,0.007465
84788,02313510,AMZN,15473,2019-08-16,0.009262
84788,02313510,AMZN,15473,2019-08-19,0.013138
84788,02313510,AMZN,15473,2019-08-20,-0.008116
84788,02313510,AMZN,15473,2019-08-21,0.012302
84788,02313510,AMZN,15473,2019-08-22,-0.009838
84788,02313510,AMZN,15473,2019-08-23,-0.031004
84788,02313510,AMZN,15473,2019-08-26,0.011002
84788,02313510,AMZN,15473,2019-08-27,-0.003980
84788,02313510,AMZN,15473,2019-08-28,0.001374
84788,02313510,AMZN,15473,2019-08-29,0.012555
84788,02313510,AMZN,15473,2019-08-30,-0.005659
84788,02313510,AMZN,15473,2019-09-03,0.007628
84788,02313510,AMZN,15473,2019-09-04,0.006023
84788,02313510,AMZN,15473,2019-09-05,0.022270
84788,02313510,AMZN,15473,2019-09-06,-0.003917
84788,02313510,AMZN,15473,2019-09-09,-0.001178
84788,02313510,AMZN,15473,2019-09-10,-0.005897
84788,02313510,AMZN,15473,2019-09-11,0.001340
84788,02313510,AMZN,15473,2019-09-12,0.011278
84788,02313510,AMZN,15473,2019-09-13,-0.002284
84788,02313510,AMZN,15473,2019-09-16,-0.017126
84788,02313510,AMZN,15473,2019-09-17,0.008137
84788,02313510,AMZN,15473,2019-09-18,-0.002793
84788,02313510,AMZN,15473,2019-09-19,0.002223
84788,02313510,AMZN,15473,2019-09-20,-0.015010
84788,02313510,AMZN,15473,2019-09-23,-0.004938
84788,02313510,AMZN,15473,2019-09-24,-0.024472
84788,02313510,AMZN,15473,2019-09-25,0.015342
84788,02313510,AMZN,15473,2019-09-26,-0.016111
84788,02313510,AMZN,15473,2019-09-27,-0.008271
84788,02313510,AMZN,15473,2019-09-30,0.006062
84788,02313510,AMZN,15473,2019-10-01,-0.000150
84788,02313510,AMZN,15473,2019-10-02,-0.012917
84788,02313510,AMZN,15473,2019-10-03,0.006532
84788,02313510,AMZN,15473,2019-10-04,0.008832
84788,02313510,AMZN,15473,2019-10-07,-0.004018
84788,02313510,AMZN,15473,2019-10-08,-0.015670
84788,02313510,AMZN,15473,2019-10-09,0.009663
84788,02313510,AMZN,15473,2019-10-10,-0.001005
84788,02313510,AMZN,15473,2019-10-11,0.006778
84788,02313510,AMZN,15473,2019-10-14,0.002604
84788,02313510,AMZN,15473,2019-10-15,0.017824
84788,02313510,AMZN,15473,2019-10-16,0.005686
84788,02313510,AMZN,15473,2019-10-17,0.005654
84788,02313510,AMZN,15473,2019-10-18,-0.016767
84788,02313510,AMZN,15473,2019-10-21,0.016017
84788,02313510,AMZN,15473,2019-10-22,-0.011161
84788,02313510,AMZN,15473,2019-10-23,-0.002016
84788,02313510,AMZN,15473,2019-10-24,0.010561
84788,02313510,AMZN,15473,2019-10-25,-0.010922
84788,02313510,AMZN,15473,2019-10-28,0.008942
84788,02313510,AMZN,15473,2019-10-29,-0.008086
84788,02313510,AMZN,15473,2019-10-30,0.009803
84788,02313510,AMZN,15473,2019-10-31,-0.001871
84788,02313510,AMZN,15473,2019-11-01,0.008319
84788,02313510,AMZN,15473,2019-11-04,0.007380
84788,02313510,AMZN,15473,2019-11-05,-0.001635
84788,02313510,AMZN,15473,2019-11-06,-0.003297
84788,02313510,AMZN,15473,2019-11-07,-0.004215
84788,02313510,AMZN,15473,2019-11-08,-0.001297
84788,02313510,AMZN,15473,2019-11-11,-0.007968
84788,02313510,AMZN,15473,2019-11-12,0.003584
84788,02313510,AMZN,15473,2019-11-13,-0.013999
84788,02313510,AMZN,15473,2019-11-14,0.000850
84788,02313510,AMZN,15473,2019-11-15,-0.008612
84788,02313510,AMZN,15473,2019-11-18,0.007496
84788,02313510,AMZN,15473,2019-11-19,0.000148
84788,02313510,AMZN,15473,2019-11-20,-0.004142
84788,02313510,AMZN,15473,2019-11-21,-0.006199
84788,02313510,AMZN,15473,2019-11-22,0.006347
84788,02313510,AMZN,15473,2019-11-25,0.016108
84788,02313510,AMZN,15473,2019-11-26,0.013023
84788,02313510,AMZN,15473,2019-11-27,0.012004
84788,02313510,AMZN,15473,2019-11-29,-0.009739
84788,02313510,AMZN,15473,2019-12-02,-0.010662
84788,02313510,AMZN,15473,2019-12-03,-0.006533
84788,02313510,AMZN,15473,2019-12-04,-0.005237
84788,02313510,AMZN,15473,2019-12-05,-0.011478
84788,02313510,AMZN,15473,2019-12-06,0.006389
84788,02313510,AMZN,15473,2019-12-09,-0.001193
84788,02313510,AMZN,15473,2019-12-10,-0.005887
84788,02313510,AMZN,15473,2019-12-11,0.005468
84788,02313510,AMZN,15473,2019-12-12,0.006639
84788,02313510,AMZN,15473,2019-12-13,0.000347
84788,02313510,AMZN,15473,2019-12-16,0.004696
84788,02313510,AMZN,15473,2019-12-17,0.012124
84788,02313510,AMZN,15473,2019-12-18,-0.003703
84788,02313510,AMZN,15473,2019-12-19,0.004624
84788,02313510,AMZN,15473,2019-12-20,-0.003225
84788,02313510,AMZN,15473,2019-12-23,0.003638
84788,02313510,AMZN,15473,2019-12-24,-0.002114
84788,02313510,AMZN,15473,2019-12-26,0.044467
84788,02313510,AMZN,15473,2019-12-27,0.000551
84788,02313510,AMZN,15473,2019-12-30,-0.012253
84788,02313510,AMZN,15473,2019-12-31,0.000514
84788,02313510,AMZN,15473,2020-01-02,0.027151
84788,02313510,AMZN,15473,2020-01-03,-0.012139
84788,02313510,AMZN,15473,2020-01-06,0.014886
84788,02313510,AMZN,15473,2020-01-07,0.002092
84788,02313510,AMZN,15473,2020-01-08,-0.007809
84788,02313510,AMZN,15473,2020-01-09,0.004799
84788,02313510,AMZN,15473,2020-01-10,-0.009411
84788,02313510,AMZN,15473,2020-01-13,0.004323
84788,02313510,AMZN,15473,2020-01-14,-0.011558
84788,02313510,AMZN,15473,2020-01-15,-0.003969
84788,02313510,AMZN,15473,2020-01-16,0.008550
84788,02313510,AMZN,15473,2020-01-17,-0.007040
84788,02313510,AMZN,15473,2020-01-21,0.014630
84788,02313510,AMZN,15473,2020-01-22,-0.002400
84788,02313510,AMZN,15473,2020-01-23,-0.001526
84788,02313510,AMZN,15473,2020-01-24,-0.012172
84788,02313510,AMZN,15473,2020-01-27,-0.017887
84788,02313510,AMZN,15473,2020-01-28,0.013624
84788,02313510,AMZN,15473,2020-01-29,0.002563
84788,02313510,AMZN,15473,2020-01-30,0.006825
84788,02313510,AMZN,15473,2020-01-31,0.073791
84788,02313510,AMZN,15473,2020-02-03,-0.002250
84788,02313510,AMZN,15473,2020-02-04,0.022687
84788,02313510,AMZN,15473,2020-02-05,-0.004781
84788,02313510,AMZN,15473,2020-02-06,0.005079
84788,02313510,AMZN,15473,2020-02-07,0.014169
84788,02313510,AMZN,15473,2020-02-10,0.026274
84788,02313510,AMZN,15473,2020-02-11,0.007915
84788,02313510,AMZN,15473,2020-02-12,0.004277
84788,02313510,AMZN,15473,2020-02-13,-0.004690
84788,02313510,AMZN,15473,2020-02-14,-0.006977
84788,02313510,AMZN,15473,2020-02-18,0.009743
84788,02313510,AMZN,15473,2020-02-19,0.006750
84788,02313510,AMZN,15473,2020-02-20,-0.007889
84788,02313510,AMZN,15473,2020-02-21,-0.026534
84788,02313510,AMZN,15473,2020-02-24,-0.041356
84788,02313510,AMZN,15473,2020-02-25,-0.018191
84788,02313510,AMZN,15473,2020-02-26,0.003472
84788,02313510,AMZN,15473,2020-02-27,-0.048136
84788,02313510,AMZN,15473,2020-02-28,-0.000292
84788,02313510,AMZN,15473,2020-03-02,0.037266
84788,02313510,AMZN,15473,2020-03-03,-0.023010
84788,02313510,AMZN,15473,2020-03-04,0.035013
84788,02313510,AMZN,15473,2020-03-05,-0.026217
84788,02313510,AMZN,15473,2020-03-06,-0.011923
84788,02313510,AMZN,15473,2020-03-09,-0.052854
84788,02313510,AMZN,15473,2020-03-10,0.050655
84788,02313510,AMZN,15473,2020-03-11,-0.037509
84788,02313510,AMZN,15473,2020-03-12,-0.079221
84788,02313510,AMZN,15473,2020-03-13,0.064648
84788,02313510,AMZN,15473,2020-03-16,-0.053697
84788,02313510,AMZN,15473,2020-03-17,0.070266
84788,02313510,AMZN,15473,2020-03-18,0.012258
84788,02313510,AMZN,15473,2020-03-19,0.027831
84788,02313510,AMZN,15473,2020-03-20,-0.018523
84788,02313510,AMZN,15473,2020-03-23,0.030735
84788,02313510,AMZN,15473,2020-03-24,0.019587
84788,02313510,AMZN,15473,2020-03-25,-0.027968
84788,02313510,AMZN,15473,2020-03-26,0.036933
84788,02313510,AMZN,15473,2020-03-27,-0.028325
84788,02313510,AMZN,15473,2020-03-30,0.033603
84788,02313510,AMZN,15473,2020-03-31,-0.007246
84788,02313510,AMZN,15473,2020-04-01,-0.021552
84788,02313510,AMZN,15473,2020-04-02,0.005834
84788,02313510,AMZN,15473,2020-04-03,-0.006379
84788,02313510,AMZN,15473,2020-04-06,0.047729
84788,02313510,AMZN,15473,2020-04-07,0.007013
84788,02313510,AMZN,15473,2020-04-08,0.015609
84788,02313510,AMZN,15473,2020-04-09,-0.000117
84788,02313510,AMZN,15473,2020-04-13,0.061735
84788,02313510,AMZN,15473,2020-04-14,0.052769
84788,02313510,AMZN,15473,2020-04-15,0.010669
84788,02313510,AMZN,15473,2020-04-16,0.043555
84788,02313510,AMZN,15473,2020-04-17,-0.013782
84788,02313510,AMZN,15473,2020-04-20,0.007836
84788,02313510,AMZN,15473,2020-04-21,-0.027360
84788,02313510,AMZN,15473,2020-04-22,0.015193
84788,02313510,AMZN,15473,2020-04-23,0.015215
84788,02313510,AMZN,15473,2020-04-24,0.004489
84788,02313510,AMZN,15473,2020-04-27,-0.014198
84788,02313510,AMZN,15473,2020-04-28,-0.026061
84788,02313510,AMZN,15473,2020-04-29,0.025336
84788,02313510,AMZN,15473,2020-04-30,0.042690
84788,02313510,AMZN,15473,2020-05-01,-0.075974
84788,02313510,AMZN,15473,2020-05-04,0.013101
84788,02313510,AMZN,15473,2020-05-05,0.000782
84788,02313510,AMZN,15473,2020-05-06,0.014436
84788,02313510,AMZN,15473,2020-05-07,0.006954
84788,02313510,AMZN,15473,2020-05-08,0.005068
84788,02313510,AMZN,15473,2020-05-11,0.012351
84788,02313510,AMZN,15473,2020-05-12,-0.021606
84788,02313510,AMZN,15473,2020-05-13,0.004654
84788,02313510,AMZN,15473,2020-05-14,0.008839
84788,02313510,AMZN,15473,2020-05-15,0.008762
84788,02313510,AMZN,15473,2020-05-18,0.006839
84788,02313510,AMZN,15473,2020-05-19,0.009508
84788,02313510,AMZN,15473,2020-05-20,0.019846
84788,02313510,AMZN,15473,2020-05-21,-0.020497
84788,02313510,AMZN,15473,2020-05-22,-0.004030
84788,02313510,AMZN,15473,2020-05-26,-0.006164
84788,02313510,AMZN,15473,2020-05-27,-0.004736
84788,02313510,AMZN,15473,2020-05-28,-0.003854
84788,02313510,AMZN,15473,2020-05-29,0.017188
84788,02313510,AMZN,15473,2020-06-01,0.011739
84788,02313510,AMZN,15473,2020-06-02,0.000554
84788,02313510,AMZN,15473,2020-06-03,0.002423
84788,02313510,AMZN,15473,2020-06-04,-0.007182
84788,02313510,AMZN,15473,2020-06-05,0.009103
84788,02313510,AMZN,15473,2020-06-08,0.016536
84788,02313510,AMZN,15473,2020-06-09,0.030427
84788,02313510,AMZN,15473,2020-06-10,0.017913
84788,02313510,AMZN,15473,2020-06-11,-0.033802
84788,02313510,AMZN,15473,2020-06-12,-0.005059
84788,02313510,AMZN,15473,2020-06-15,0.010868
84788,02313510,AMZN,15473,2020-06-16,0.016555
84788,02313510,AMZN,15473,2020-06-17,0.009831
84788,02313510,AMZN,15473,2020-06-18,0.004922
84788,02313510,AMZN,15473,2020-06-19,0.007924
84788,02313510,AMZN,15473,2020-06-22,0.014508
84788,02313510,AMZN,15473,2020-06-23,0.018642
84788,02313510,AMZN,15473,2020-06-24,-0.010856
84788,02313510,AMZN,15473,2020-06-25,0.007380
84788,02313510,AMZN,15473,2020-06-26,-0.022403
84788,02313510,AMZN,15473,2020-06-29,-0.004638
84788,02313510,AMZN,15473,2020-06-30,0.029265
84788,02313510,AMZN,15473,2020-07-01,0.043453
84788,02313510,AMZN,15473,2020-07-02,0.004030
84788,02313510,AMZN,15473,2020-07-06,0.057690
84788,02313510,AMZN,15473,2020-07-07,-0.018619
84788,02313510,AMZN,15473,2020-07-08,0.026996
84788,02313510,AMZN,15473,2020-07-09,0.032949
84788,02313510,AMZN,15473,2020-07-10,0.005458
84788,02313510,AMZN,15473,2020-07-13,-0.030000
84788,02313510,AMZN,15473,2020-07-14,-0.006443
84788,02313510,AMZN,15473,2020-07-15,-0.024361
84788,02313510,AMZN,15473,2020-07-16,-0.002981
84788,02313510,AMZN,15473,2020-07-17,-0.012644
84788,02313510,AMZN,15473,2020-07-20,0.079295
84788,02313510,AMZN,15473,2020-07-21,-0.018315
84788,02313510,AMZN,15473,2020-07-22,-0.012230
84788,02313510,AMZN,15473,2020-07-23,-0.036569
84788,02313510,AMZN,15473,2020-07-24,0.007487
84788,02313510,AMZN,15473,2020-07-27,0.015388
84788,02313510,AMZN,15473,2020-07-28,-0.017963
84788,02313510,AMZN,15473,2020-07-29,0.011065
84788,02313510,AMZN,15473,2020-07-30,0.006049
84788,02313510,AMZN,15473,2020-07-31,0.036961
84788,02313510,AMZN,15473,2020-08-03,-0.016681
84788,02313510,AMZN,15473,2020-08-04,0.008657
84788,02313510,AMZN,15473,2020-08-05,0.021091
84788,02313510,AMZN,15473,2020-08-06,0.006231
84788,02313510,AMZN,15473,2020-08-07,-0.017842
84788,02313510,AMZN,15473,2020-08-10,-0.006093
84788,02313510,AMZN,15473,2020-08-11,-0.021438
84788,02313510,AMZN,15473,2020-08-12,0.026478
84788,02313510,AMZN,15473,2020-08-13,-0.000386
84788,02313510,AMZN,15473,2020-08-14,-0.004113
84788,02313510,AMZN,15473,2020-08-17,0.010924
84788,02313510,AMZN,15473,2020-08-18,0.040875
84788,02313510,AMZN,15473,2020-08-19,-0.015701
84788,02313510,AMZN,15473,2020-08-20,0.011314
84788,02313510,AMZN,15473,2020-08-21,-0.003836
84788,02313510,AMZN,15473,2020-08-24,0.006923
84788,02313510,AMZN,15473,2020-08-25,0.011801
84788,02313510,AMZN,15473,2020-08-26,0.028496
84788,02313510,AMZN,15473,2020-08-27,-0.012159
84788,02313510,AMZN,15473,2020-08-28,0.000529
84788,02313510,AMZN,15473,2020-08-31,0.014451
84788,02313510,AMZN,15473,2020-09-01,0.013956
84788,02313510,AMZN,15473,2020-09-02,0.009239
84788,02313510,AMZN,15473,2020-09-03,-0.046284
84788,02313510,AMZN,15473,2020-09-04,-0.021787
84788,02313510,AMZN,15473,2020-09-08,-0.043944
84788,02313510,AMZN,15473,2020-09-09,0.037707
84788,02313510,AMZN,15473,2020-09-10,-0.028605
84788,02313510,AMZN,15473,2020-09-11,-0.018547
84788,02313510,AMZN,15473,2020-09-14,-0.004252
84788,02313510,AMZN,15473,2020-09-15,0.017132
84788,02313510,AMZN,15473,2020-09-16,-0.024723
84788,02313510,AMZN,15473,2020-09-17,-0.022537
84788,02313510,AMZN,15473,2020-09-18,-0.017888
84788,02313510,AMZN,15473,2020-09-21,0.001882
84788,02313510,AMZN,15473,2020-09-22,0.056923
84788,02313510,AMZN,15473,2020-09-23,-0.041269
84788,02313510,AMZN,15473,2020-09-24,0.006644
84788,02313510,AMZN,15473,2020-09-25,0.024949
84788,02313510,AMZN,15473,2020-09-28,0.025498
84788,02313510,AMZN,15473,2020-09-29,-0.009190
84788,02313510,AMZN,15473,2020-09-30,0.001224
84788,02313510,AMZN,15473,2020-10-01,0.023035
84788,02313510,AMZN,15473,2020-10-02,-0.029883
84788,02313510,AMZN,15473,2020-10-05,0.023744
84788,02313510,AMZN,15473,2020-10-06,-0.031020
84788,02313510,AMZN,15473,2020-10-07,0.030881
84788,02313510,AMZN,15473,2020-10-08,-0.001608
84788,02313510,AMZN,15473,2020-10-09,0.030120
84788,02313510,AMZN,15473,2020-10-12,0.047550
84788,02313510,AMZN,15473,2020-10-13,0.000203
84788,02313510,AMZN,15473,2020-10-14,-0.023208
84788,02313510,AMZN,15473,2020-10-15,-0.007450
84788,02313510,AMZN,15473,2020-10-16,-0.019750
84788,02313510,AMZN,15473,2020-10-19,-0.020014
84788,02313510,AMZN,15473,2020-10-20,0.003056
84788,02313510,AMZN,15473,2020-10-21,-0.009969
84788,02313510,AMZN,15473,2020-10-22,-0.002681
84788,02313510,AMZN,15473,2020-10-23,0.008815
84788,02313510,AMZN,15473,2020-10-26,0.000824
84788,02313510,AMZN,15473,2020-10-27,0.024724
84788,02313510,AMZN,15473,2020-10-28,-0.037595
84788,02313510,AMZN,15473,2020-10-29,0.015249
84788,02313510,AMZN,15473,2020-10-30,-0.054456
84788,02313510,AMZN,15473,2020-11-02,-0.010431
84788,02313510,AMZN,15473,2020-11-03,0.014621
84788,02313510,AMZN,15473,2020-11-04,0.063230
84788,02313510,AMZN,15473,2020-11-05,0.024942
84788,02313510,AMZN,15473,2020-11-06,-0.003200
84788,02313510,AMZN,15473,2020-11-09,-0.050623
84788,02313510,AMZN,15473,2020-11-10,-0.034583
84788,02313510,AMZN,15473,2020-11-11,0.033730
84788,02313510,AMZN,15473,2020-11-12,-0.008641
84788,02313510,AMZN,15473,2020-11-13,0.005958
84788,02313510,AMZN,15473,2020-11-16,0.000719
84788,02313510,AMZN,15473,2020-11-17,0.001469
84788,02313510,AMZN,15473,2020-11-18,-0.009631
84788,02313510,AMZN,15473,2020-11-19,0.003722
84788,02313510,AMZN,15473,2020-11-20,-0.005653
84788,02313510,AMZN,15473,2020-11-23,-0.000326
84788,02313510,AMZN,15473,2020-11-24,0.006348
84788,02313510,AMZN,15473,2020-11-25,0.021491
84788,02313510,AMZN,15473,2020-11-27,0.003224
84788,02313510,AMZN,15473,2020-11-30,-0.008544
84788,02313510,AMZN,15473,2020-12-01,0.016427
84788,02313510,AMZN,15473,2020-12-02,-0.005140
84788,02313510,AMZN,15473,2020-12-03,-0.005244
84788,02313510,AMZN,15473,2020-12-04,-0.007578
84788,02313510,AMZN,15473,2020-12-07,-0.001448
84788,02313510,AMZN,15473,2020-12-08,0.006108
84788,02313510,AMZN,15473,2020-12-09,-0.023004
84788,02313510,AMZN,15473,2020-12-10,-0.000873
84788,02313510,AMZN,15473,2020-12-11,0.004814
84788,02313510,AMZN,15473,2020-12-14,0.013012
84788,02313510,AMZN,15473,2020-12-15,0.002582
84788,02313510,AMZN,15473,2020-12-16,0.023961
84788,02313510,AMZN,15473,2020-12-17,-0.001506
84788,02313510,AMZN,15473,2020-12-18,-0.010639
84788,02313510,AMZN,15473,2020-12-21,0.001415
84788,02313510,AMZN,15473,2020-12-22,0.000106
84788,02313510,AMZN,15473,2020-12-23,-0.006627
84788,02313510,AMZN,15473,2020-12-24,-0.003949
84788,02313510,AMZN,15473,2020-12-28,0.035071
84788,02313510,AMZN,15473,2020-12-29,0.011584
84788,02313510,AMZN,15473,2020-12-30,-0.010882
84788,02313510,AMZN,15473,2020-12-31,-0.008801
84788,02313510,AMZN,15473,2021-01-04,-0.021585
84788,02313510,AMZN,15473,2021-01-05,0.010004
84788,02313510,AMZN,15473,2021-01-06,-0.024897
84788,02313510,AMZN,15473,2021-01-07,0.007577
84788,02313510,AMZN,15473,2021-01-08,0.006496
84788,02313510,AMZN,15473,2021-01-11,-0.021519
84788,02313510,AMZN,15473,2021-01-12,0.002126
84788,02313510,AMZN,15473,2021-01-13,0.014438
84788,02313510,AMZN,15473,2021-01-14,-0.012136
84788,02313510,AMZN,15473,2021-01-15,-0.007425
84788,02313510,AMZN,15473,2021-01-19,0.005319
84788,02313510,AMZN,15473,2021-01-20,0.045700
84788,02313510,AMZN,15473,2021-01-21,0.013363
84788,02313510,AMZN,15473,2021-01-22,-0.004463
84788,02313510,AMZN,15473,2021-01-25,0.000538
84788,02313510,AMZN,15473,2021-01-26,0.009754
84788,02313510,AMZN,15473,2021-01-27,-0.028126
84788,02313510,AMZN,15473,2021-01-28,0.001559
84788,02313510,AMZN,15473,2021-01-29,-0.009705
84788,02313510,AMZN,15473,2021-02-01,0.042630
84788,02313510,AMZN,15473,2021-02-02,0.011104
84788,02313510,AMZN,15473,2021-02-03,-0.019962
84788,02313510,AMZN,15473,2021-02-04,0.005576
84788,02313510,AMZN,15473,2021-02-05,0.006349
84788,02313510,AMZN,15473,2021-02-08,-0.008714
84788,02313510,AMZN,15473,2021-02-09,-0.005399
84788,02313510,AMZN,15473,2021-02-10,-0.005573
84788,02313510,AMZN,15473,2021-02-11,-0.007439
84788,02313510,AMZN,15473,2021-02-12,0.004776
84788,02313510,AMZN,15473,2021-02-16,-0.002673
84788,02313510,AMZN,15473,2021-02-17,0.012142
84788,02313510,AMZN,15473,2021-02-18,0.005921
84788,02313510,AMZN,15473,2021-02-19,-0.023535
84788,02313510,AMZN,15473,2021-02-22,-0.021281
84788,02313510,AMZN,15473,2021-02-23,0.004326
84788,02313510,AMZN,15473,2021-02-24,-0.010947
84788,02313510,AMZN,15473,2021-02-25,-0.032400
84788,02313510,AMZN,15473,2021-02-26,0.011700
84788,02313510,AMZN,15473,2021-03-01,0.017204
84788,02313510,AMZN,15473,2021-03-02,-0.016404
84788,02313510,AMZN,15473,2021-03-03,-0.028932
84788,02313510,AMZN,15473,2021-03-04,-0.009128
84788,02313510,AMZN,15473,2021-03-05,0.007687
84788,02313510,AMZN,15473,2021-03-08,-0.016168
84788,02313510,AMZN,15473,2021-03-09,0.037568
84788,02313510,AMZN,15473,2021-03-10,-0.001701
84788,02313510,AMZN,15473,2021-03-11,0.018298
84788,02313510,AMZN,15473,2021-03-12,-0.007740
84788,02313510,AMZN,15473,2021-03-15,-0.002528
84788,02313510,AMZN,15473,2021-03-16,0.003303
84788,02313510,AMZN,15473,2021-03-17,0.014189
84788,02313510,AMZN,15473,2021-03-18,-0.034359
84788,02313510,AMZN,15473,2021-03-19,0.015512
84788,02313510,AMZN,15473,2021-03-22,0.011678
84788,02313510,AMZN,15473,2021-03-23,0.008560
84788,02313510,AMZN,15473,2021-03-24,-0.016073
84788,02313510,AMZN,15473,2021-03-25,-0.013220
84788,02313510,AMZN,15473,2021-03-26,0.001894
84788,02313510,AMZN,15473,2021-03-29,0.007765
84788,02313510,AMZN,15473,2021-03-30,-0.006646
84788,02313510,AMZN,15473,2021-03-31,0.012696
84788,02313510,AMZN,15473,2021-04-01,0.021628
84788,02313510,AMZN,15473,2021-04-05,0.020794
84788,02313510,AMZN,15473,2021-04-06,-0.000902
84788,02313510,AMZN,15473,2021-04-07,0.017237
84788,02313510,AMZN,15473,2021-04-08,0.006071
84788,02313510,AMZN,15473,2021-04-09,0.022096
84788,02313510,AMZN,15473,2021-04-12,0.002132
84788,02313510,AMZN,15473,2021-04-13,0.006099
84788,02313510,AMZN,15473,2021-04-14,-0.019706
84788,02313510,AMZN,15473,2021-04-15,0.013828
84788,02313510,AMZN,15473,2021-04-16,0.006022
84788,02313510,AMZN,15473,2021-04-19,-0.008069
84788,02313510,AMZN,15473,2021-04-20,-0.011068
84788,02313510,AMZN,15473,2021-04-21,0.008196
84788,02313510,AMZN,15473,2021-04-22,-0.015758
84788,02313510,AMZN,15473,2021-04-23,0.009622
84788,02313510,AMZN,15473,2021-04-26,0.020390
84788,02313510,AMZN,15473,2021-04-27,0.002473
84788,02313510,AMZN,15473,2021-04-28,0.012018
84788,02313510,AMZN,15473,2021-04-29,0.003704
84788,02313510,AMZN,15473,2021-04-30,-0.001121
84788,02313510,AMZN,15473,2021-05-03,-0.023340
84788,02313510,AMZN,15473,2021-05-04,-0.022035
84788,02313510,AMZN,15473,2021-05-05,-0.012479
84788,02313510,AMZN,15473,2021-05-06,0.010955
84788,02313510,AMZN,15473,2021-05-07,-0.004464
84788,02313510,AMZN,15473,2021-05-10,-0.030721
84788,02313510,AMZN,15473,2021-05-11,0.010475
84788,02313510,AMZN,15473,2021-05-12,-0.022324
84788,02313510,AMZN,15473,2021-05-13,0.003024
84788,02313510,AMZN,15473,2021-05-14,0.019431
84788,02313510,AMZN,15473,2021-05-17,0.014735
84788,02313510,AMZN,15473,2021-05-18,-0.011653
84788,02313510,AMZN,15473,2021-05-19,-0.000149
84788,02313510,AMZN,15473,2021-05-20,0.004914
84788,02313510,AMZN,15473,2021-05-21,-0.013733
84788,02313510,AMZN,15473,2021-05-24,0.013084
84788,02313510,AMZN,15473,2021-05-25,0.004333
84788,02313510,AMZN,15473,2021-05-26,0.001875
84788,02313510,AMZN,15473,2021-05-27,-0.010735
84788,02313510,AMZN,15473,2021-05-28,-0.002179
84788,02313510,AMZN,15473,2021-06-01,-0.001371
84788,02313510,AMZN,15473,2021-06-02,0.004766
84788,02313510,AMZN,15473,2021-06-03,-0.014527
84788,02313510,AMZN,15473,2021-06-04,0.006028
84788,02313510,AMZN,15473,2021-06-07,-0.002561
84788,02313510,AMZN,15473,2021-06-08,0.020669
84788,02313510,AMZN,15473,2021-06-09,0.005220
84788,02313510,AMZN,15473,2021-06-10,0.020877
84788,02313510,AMZN,15473,2021-06-11,-0.000842
84788,02313510,AMZN,15473,2021-06-14,0.011067
84788,02313510,AMZN,15473,2021-06-15,-0.000219
84788,02313510,AMZN,15473,2021-06-16,0.009494
84788,02313510,AMZN,15473,2021-06-17,0.021665
84788,02313510,AMZN,15473,2021-06-18,-0.000671
84788,02313510,AMZN,15473,2021-06-21,-0.009447
84788,02313510,AMZN,15473,2021-06-22,0.014905
84788,02313510,AMZN,15473,2021-06-23,-0.000462
84788,02313510,AMZN,15473,2021-06-24,-0.015623
84788,02313510,AMZN,15473,2021-06-25,-0.013807
84788,02313510,AMZN,15473,2021-06-28,0.012474
84788,02313510,AMZN,15473,2021-06-29,0.001234
84788,02313510,AMZN,15473,2021-06-30,-0.002314
84788,02313510,AMZN,15473,2021-07-01,-0.002090
84788,02313510,AMZN,15473,2021-07-02,0.022724
84788,02313510,AMZN,15473,2021-07-06,0.046927
84788,02313510,AMZN,15473,2021-07-07,0.005670
84788,02313510,AMZN,15473,2021-07-08,0.009422
84788,02313510,AMZN,15473,2021-07-09,-0.003235
84788,02313510,AMZN,15473,2021-07-12,-0.000212
84788,02313510,AMZN,15473,2021-07-13,-0.011077
84788,02313510,AMZN,15473,2021-07-14,0.001175
84788,02313510,AMZN,15473,2021-07-15,-0.013711
84788,02313510,AMZN,15473,2021-07-16,-0.015854
84788,02313510,AMZN,15473,2021-07-19,-0.006727
84788,02313510,AMZN,15473,2021-07-20,0.006649
84788,02313510,AMZN,15473,2021-07-21,0.003361
84788,02313510,AMZN,15473,2021-07-22,0.014736
84788,02313510,AMZN,15473,2021-07-23,0.005115
84788,02313510,AMZN,15473,2021-07-26,0.011809
84788,02313510,AMZN,15473,2021-07-27,-0.019847
84788,02313510,AMZN,15473,2021-07-28,0.001084
84788,02313510,AMZN,15473,2021-07-29,-0.008374
84788,02313510,AMZN,15473,2021-07-30,-0.075649
84788,02313510,AMZN,15473,2021-08-02,0.001169
84788,02313510,AMZN,15473,2021-08-03,0.010434
84788,02313510,AMZN,15473,2021-08-04,-0.003422
84788,02313510,AMZN,15473,2021-08-05,0.006340
84788,02313510,AMZN,15473,2021-08-06,-0.009197
84788,02313510,AMZN,15473,2021-08-09,-0.000918
84788,02313510,AMZN,15473,2021-08-10,-0.006341
84788,02313510,AMZN,15473,2021-08-11,-0.008604
84788,02313510,AMZN,15473,2021-08-12,0.003460
84788,02313510,AMZN,15473,2021-08-13,-0.002885
84788,02313510,AMZN,15473,2021-08-16,0.001524
84788,02313510,AMZN,15473,2021-08-17,-0.017287
84788,02313510,AMZN,15473,2021-08-18,-0.012566
84788,02313510,AMZN,15473,2021-08-19,-0.004208
84788,02313510,AMZN,15473,2021-08-20,0.003827
84788,02313510,AMZN,15473,2021-08-23,0.020600
84788,02313510,AMZN,15473,2021-08-24,0.012220
84788,02313510,AMZN,15473,2021-08-25,-0.001997
84788,02313510,AMZN,15473,2021-08-26,0.005098
84788,02313510,AMZN,15473,2021-08-27,0.010142
84788,02313510,AMZN,15473,2021-08-30,0.021477
84788,02313510,AMZN,15473,2021-08-31,0.014385
84788,02313510,AMZN,15473,2021-09-01,0.002365
84788,02313510,AMZN,15473,2021-09-02,-0.004565
84788,02313510,AMZN,15473,2021-09-03,0.004311
84788,02313510,AMZN,15473,2021-09-07,0.008982
84788,02313510,AMZN,15473,2021-09-08,0.004619
84788,02313510,AMZN,15473,2021-09-09,-0.011726
84788,02313510,AMZN,15473,2021-09-10,-0.004308
84788,02313510,AMZN,15473,2021-09-13,-0.003453
84788,02313510,AMZN,15473,2021-09-14,-0.002074
84788,02313510,AMZN,15473,2021-09-15,0.007475
84788,02313510,AMZN,15473,2021-09-16,0.003582
84788,02313510,AMZN,15473,2021-09-17,-0.007373
84788,02313510,AMZN,15473,2021-09-20,-0.030842
84788,02313510,AMZN,15473,2021-09-21,-0.003606
84788,02313510,AMZN,15473,2021-09-22,0.010892
84788,02313510,AMZN,15473,2021-09-23,0.010636
84788,02313510,AMZN,15473,2021-09-24,0.002787
84788,02313510,AMZN,15473,2021-09-27,-0.005757
84788,02313510,AMZN,15473,2021-09-28,-0.026379
84788,02313510,AMZN,15473,2021-09-29,-0.004475
84788,02313510,AMZN,15473,2021-09-30,-0.004871
84788,02313510,AMZN,15473,2021-10-01,-0.000542
84788,02313510,AMZN,15473,2021-10-04,-0.028472
84788,02313510,AMZN,15473,2021-10-05,0.009788
84788,02313510,AMZN,15473,2021-10-06,0.012732
84788,02313510,AMZN,15473,2021-10-07,0.012391
84788,02313510,AMZN,15473,2021-10-08,-0.004182
84788,02313510,AMZN,15473,2021-10-11,-0.012869
84788,02313510,AMZN,15473,2021-10-12,0.000317
84788,02313510,AMZN,15473,2021-10-13,0.011379
84788,02313510,AMZN,15473,2021-10-14,0.004744
84788,02313510,AMZN,15473,2021-10-15,0.033080
84788,02313510,AMZN,15473,2021-10-18,0.011065
84788,02313510,AMZN,15473,2021-10-19,-0.000751
84788,02313510,AMZN,15473,2021-10-20,-0.008446
84788,02313510,AMZN,15473,2021-10-21,0.005842
84788,02313510,AMZN,15473,2021-10-22,-0.028955
84788,02313510,AMZN,15473,2021-10-25,-0.004551
84788,02313510,AMZN,15473,2021-10-26,0.016775
84788,02313510,AMZN,15473,2021-10-27,0.004864
84788,02313510,AMZN,15473,2021-10-28,0.015941
84788,02313510,AMZN,15473,2021-10-29,-0.021511
84788,02313510,AMZN,15473,2021-11-01,-0.016107
84788,02313510,AMZN,15473,2021-11-02,-0.001615
84788,02313510,AMZN,15473,2021-11-03,0.021508
84788,02313510,AMZN,15473,2021-11-04,0.027482
84788,02313510,AMZN,15473,2021-11-05,0.012077
84788,02313510,AMZN,15473,2021-11-08,-0.008528
84788,02313510,AMZN,15473,2021-11-09,0.025007
84788,02313510,AMZN,15473,2021-11-10,-0.026335
84788,02313510,AMZN,15473,2021-11-11,-0.002743
84788,02313510,AMZN,15473,2021-11-12,0.015162
84788,02313510,AMZN,15473,2021-11-15,0.005824
84788,02313510,AMZN,15473,2021-11-16,-0.001405
84788,02313510,AMZN,15473,2021-11-17,0.002344
84788,02313510,AMZN,15473,2021-11-18,0.041437
84788,02313510,AMZN,15473,2021-11-19,-0.005273
84788,02313510,AMZN,15473,2021-11-22,-0.028287
84788,02313510,AMZN,15473,2021-11-23,0.002091
84788,02313510,AMZN,15473,2021-11-24,0.000103
84788,02313510,AMZN,15473,2021-11-26,-0.021185
84788,02313510,AMZN,15473,2021-11-29,0.016267
84788,02313510,AMZN,15473,2021-11-30,-0.015302
84788,02313510,AMZN,15473,2021-12-01,-0.018064
84788,02313510,AMZN,15473,2021-12-02,-0.001847
84788,02313510,AMZN,15473,2021-12-03,-0.013839
84788,02313510,AMZN,15473,2021-12-06,0.011086
84788,02313510,AMZN,15473,2021-12-07,0.027986
84788,02313510,AMZN,15473,2021-12-08,-0.000037
84788,02313510,AMZN,15473,2021-12-09,-0.011280
84788,02313510,AMZN,15473,2021-12-10,-0.011248
84788,02313510,AMZN,15473,2021-12-13,-0.015356
84788,02313510,AMZN,15473,2021-12-14,-0.002807
84788,02313510,AMZN,15473,2021-12-15,0.024978
84788,02313510,AMZN,15473,2021-12-16,-0.025641
84788,02313510,AMZN,15473,2021-12-17,0.006789
84788,02313510,AMZN,15473,2021-12-20,-0.017284
84788,02313510,AMZN,15473,2021-12-21,0.019979
84788,02313510,AMZN,15473,2021-12-22,0.003638
84788,02313510,AMZN,15473,2021-12-23,0.000184
84788,02313510,AMZN,15473,2021-12-27,-0.008178
84788,02313510,AMZN,15473,2021-12-28,0.005844
84788,02313510,AMZN,15473,2021-12-29,-0.008555
84788,02313510,AMZN,15473,2021-12-30,-0.003289
84788,02313510,AMZN,15473,2021-12-31,-0.011429
84788,02313510,AMZN,15473,2022-01-03,0.022118
84788,02313510,AMZN,15473,2022-01-04,-0.016916
84788,02313510,AMZN,15473,2022-01-05,-0.018893
84788,02313510,AMZN,15473,2022-01-06,-0.006711
84788,02313510,AMZN,15473,2022-01-07,-0.004288
84788,02313510,AMZN,15473,2022-01-10,-0.006570
84788,02313510,AMZN,15473,2022-01-11,0.024002
84788,02313510,AMZN,15473,2022-01-12,-0.000937
84788,02313510,AMZN,15473,2022-01-13,-0.024170
84788,02313510,AMZN,15473,2022-01-14,0.005732
84788,02313510,AMZN,15473,2022-01-18,-0.019863
84788,02313510,AMZN,15473,2022-01-19,-0.016477
84788,02313510,AMZN,15473,2022-01-20,-0.029632
84788,02313510,AMZN,15473,2022-01-21,-0.059502
84788,02313510,AMZN,15473,2022-01-24,0.013327
84788,02313510,AMZN,15473,2022-01-25,-0.031534
84788,02313510,AMZN,15473,2022-01-26,-0.007954
84788,02313510,AMZN,15473,2022-01-27,0.005509
84788,02313510,AMZN,15473,2022-01-28,0.031084
84788,02313510,AMZN,15473,2022-01-31,0.038864
84788,02313510,AMZN,15473,2022-02-01,0.010831
84788,02313510,AMZN,15473,2022-02-02,-0.003843
84788,02313510,AMZN,15473,2022-02-03,-0.078128
84788,02313510,AMZN,15473,2022-02-04,0.135359
84788,02313510,AMZN,15473,2022-02-07,0.001878
84788,02313510,AMZN,15473,2022-02-08,0.022022
84788,02313510,AMZN,15473,2022-02-09,-0.001388
84788,02313510,AMZN,15473,2022-02-10,-0.013562
84788,02313510,AMZN,15473,2022-02-11,-0.035911
84788,02313510,AMZN,15473,2022-02-14,0.012222
84788,02313510,AMZN,15473,2022-02-15,0.008658
84788,02313510,AMZN,15473,2022-02-16,0.010159
84788,02313510,AMZN,15473,2022-02-17,-0.021809
84788,02313510,AMZN,15473,2022-02-18,-0.013262
84788,02313510,AMZN,15473,2022-02-22,-0.015753
84788,02313510,AMZN,15473,2022-02-23,-0.035756
84788,02313510,AMZN,15473,2022-02-24,0.045095
84788,02313510,AMZN,15473,2022-02-25,0.016058
84788,02313510,AMZN,15473,2022-02-28,-0.001466
84788,02313510,AMZN,15473,2022-03-01,-0.015766
84788,02313510,AMZN,15473,2022-03-02,0.006024
84788,02313510,AMZN,15473,2022-03-03,-0.027320
84788,02313510,AMZN,15473,2022-03-04,-0.015264
84788,02313510,AMZN,15473,2022-03-07,-0.056220
84788,02313510,AMZN,15473,2022-03-08,-0.010465
84788,02313510,AMZN,15473,2022-03-09,0.024001
84788,02313510,AMZN,15473,2022-03-10,0.054125
84788,02313510,AMZN,15473,2022-03-11,-0.008807
84788,02313510,AMZN,15473,2022-03-14,-0.025229
84788,02313510,AMZN,15473,2022-03-15,0.038868
84788,02313510,AMZN,15473,2022-03-16,0.038934
84788,02313510,AMZN,15473,2022-03-17,0.027008
84788,02313510,AMZN,15473,2022-03-18,0.025512
84788,02313510,AMZN,15473,2022-03-21,0.001495
84788,02313510,AMZN,15473,2022-03-22,0.021038
84788,02313510,AMZN,15473,2022-03-23,-0.008982
84788,02313510,AMZN,15473,2022-03-24,0.001478
84788,02313510,AMZN,15473,2022-03-25,0.006868
84788,02313510,AMZN,15473,2022-03-28,0.025593
84788,02313510,AMZN,15473,2022-03-29,0.001920
84788,02313510,AMZN,15473,2022-03-30,-0.017801
84788,02313510,AMZN,15473,2022-03-31,-0.019865
84788,02313510,AMZN,15473,2022-04-01,0.003451
84788,02313510,AMZN,15473,2022-04-04,0.029264
84788,02313510,AMZN,15473,2022-04-05,-0.025492
84788,02313510,AMZN,15473,2022-04-06,-0.032300
84788,02313510,AMZN,15473,2022-04-07,-0.006119
84788,02313510,AMZN,15473,2022-04-08,-0.021067
84788,02313510,AMZN,15473,2022-04-11,-0.021614
84788,02313510,AMZN,15473,2022-04-12,-0.002213
84788,02313510,AMZN,15473,2022-04-13,0.031524
84788,02313510,AMZN,15473,2022-04-14,-0.024653
84788,02313510,AMZN,15473,2022-04-18,0.007109
84788,02313510,AMZN,15473,2022-04-19,0.034889
84788,02313510,AMZN,15473,2022-04-20,-0.026041
84788,02313510,AMZN,15473,2022-04-21,-0.037026
84788,02313510,AMZN,15473,2022-04-22,-0.026609
84788,02313510,AMZN,15473,2022-04-25,0.011943
84788,02313510,AMZN,15473,2022-04-26,-0.045751
84788,02313510,AMZN,15473,2022-04-27,-0.008781
84788,02313510,AMZN,15473,2022-04-28,0.046534
84788,02313510,AMZN,15473,2022-04-29,-0.140494
84788,02313510,AMZN,15473,2022-05-02,0.001758
84788,02313510,AMZN,15473,2022-05-03,-0.001980
84788,02313510,AMZN,15473,2022-05-04,0.013481
84788,02313510,AMZN,15473,2022-05-05,-0.075610
84788,02313510,AMZN,15473,2022-05-06,-0.014041
84788,02313510,AMZN,15473,2022-05-09,-0.052134
84788,02313510,AMZN,15473,2022-05-10,0.000643
84788,02313510,AMZN,15473,2022-05-11,-0.032032
84788,02313510,AMZN,15473,2022-05-12,0.014790
84788,02313510,AMZN,15473,2022-05-13,0.057276
84788,02313510,AMZN,15473,2022-05-16,-0.019853
84788,02313510,AMZN,15473,2022-05-17,0.041133
84788,02313510,AMZN,15473,2022-05-18,-0.071562
84788,02313510,AMZN,15473,2022-05-19,0.001928
84788,02313510,AMZN,15473,2022-05-20,0.002534
84788,02313510,AMZN,15473,2022-05-23,-0.000316
84788,02313510,AMZN,15473,2022-05-24,-0.032141
84788,02313510,AMZN,15473,2022-05-25,0.025696
84788,02313510,AMZN,15473,2022-05-26,0.040295
84788,02313510,AMZN,15473,2022-05-27,0.036632
84788,02313510,AMZN,15473,2022-05-31,0.043970
84788,02313510,AMZN,15473,2022-06-01,0.012266
84788,02313510,AMZN,15473,2022-06-02,0.031450
84788,02313510,AMZN,15473,2022-06-03,-0.025185
84788,02313510,AMZN,15473,2022-06-06,0.019943
84788,02313510,AMZN,15473,2022-06-07,-0.014344
84788,02313510,AMZN,15473,2022-06-08,-0.014797
84788,02313510,AMZN,15473,2022-06-09,-0.041508
84788,02313510,AMZN,15473,2022-06-10,-0.055962
84788,02313510,AMZN,15473,2022-06-13,-0.054537
84788,02313510,AMZN,15473,2022-06-14,-0.013119
84788,02313510,AMZN,15473,2022-06-15,0.052390
84788,02313510,AMZN,15473,2022-06-16,-0.037243
84788,02313510,AMZN,15473,2022-06-17,0.024696
84788,02313510,AMZN,15473,2022-06-21,0.023159
84788,02313510,AMZN,15473,2022-06-22,0.002484
84788,02313510,AMZN,15473,2022-06-23,0.032033
84788,02313510,AMZN,15473,2022-06-24,0.035752
84788,02313510,AMZN,15473,2022-06-27,-0.027821
84788,02313510,AMZN,15473,2022-06-28,-0.051404
84788,02313510,AMZN,15473,2022-06-29,0.014153
84788,02313510,AMZN,15473,2022-06-30,-0.024881
84788,02313510,AMZN,15473,2022-07-01,0.031541
84788,02313510,AMZN,15473,2022-07-05,0.035962
84788,02313510,AMZN,15473,2022-07-06,0.007313
84788,02313510,AMZN,15473,2022-07-07,0.017493
84788,02313510,AMZN,15473,2022-07-08,-0.006791
84788,02313510,AMZN,15473,2022-07-11,-0.032802
84788,02313510,AMZN,15473,2022-07-12,-0.022640
84788,02313510,AMZN,15473,2022-07-13,0.010804
84788,02313510,AMZN,15473,2022-07-14,0.002083
84788,02313510,AMZN,15473,2022-07-15,0.026394
84788,02313510,AMZN,15473,2022-07-18,0.001849
84788,02313510,AMZN,15473,2022-07-19,0.039117
84788,02313510,AMZN,15473,2022-07-20,0.038575
84788,02313510,AMZN,15473,2022-07-21,0.015150
84788,02313510,AMZN,15473,2022-07-22,-0.017732
84788,02313510,AMZN,15473,2022-07-25,-0.010456
84788,02313510,AMZN,15473,2022-07-26,-0.052254
84788,02313510,AMZN,15473,2022-07-27,0.053654
84788,02313510,AMZN,15473,2022-07-28,0.010829
84788,02313510,AMZN,15473,2022-07-29,0.103615
84788,02313510,AMZN,15473,2022-08-01,0.003260
84788,02313510,AMZN,15473,2022-08-02,-0.009085
84788,02313510,AMZN,15473,2022-08-03,0.039952
84788,02313510,AMZN,15473,2022-08-04,0.021861
84788,02313510,AMZN,15473,2022-08-05,-0.012415
84788,02313510,AMZN,15473,2022-08-08,-0.009872
84788,02313510,AMZN,15473,2022-08-09,-0.011333
84788,02313510,AMZN,15473,2022-08-10,0.035261
84788,02313510,AMZN,15473,2022-08-11,-0.014367
84788,02313510,AMZN,15473,2022-08-12,0.020691
84788,02313510,AMZN,15473,2022-08-15,-0.002577
84788,02313510,AMZN,15473,2022-08-16,0.011175
84788,02313510,AMZN,15473,2022-08-17,-0.018511
84788,02313510,AMZN,15473,2022-08-18,0.001407
84788,02313510,AMZN,15473,2022-08-19,-0.028602
84788,02313510,AMZN,15473,2022-08-22,-0.036244
84788,02313510,AMZN,15473,2022-08-23,0.003003
84788,02313510,AMZN,15473,2022-08-24,0.001347
84788,02313510,AMZN,15473,2022-08-25,0.026009
84788,02313510,AMZN,15473,2022-08-26,-0.047567
84788,02313510,AMZN,15473,2022-08-29,-0.007342
84788,02313510,AMZN,15473,2022-08-30,-0.008167
84788,02313510,AMZN,15473,2022-08-31,-0.015226
84788,02313510,AMZN,15473,2022-09-01,0.008283
84788,02313510,AMZN,15473,2022-09-02,-0.002425
84788,02313510,AMZN,15473,2022-09-06,-0.010980
84788,02313510,AMZN,15473,2022-09-07,0.026723
84788,02313510,AMZN,15473,2022-09-08,0.002626
84788,02313510,AMZN,15473,2022-09-09,0.026575
84788,02313510,AMZN,15473,2022-09-12,0.023861
84788,02313510,AMZN,15473,2022-09-13,-0.070575
84788,02313510,AMZN,15473,2022-09-14,0.013641
84788,02313510,AMZN,15473,2022-09-15,-0.017658
84788,02313510,AMZN,15473,2022-09-16,-0.021777
84788,02313510,AMZN,15473,2022-09-19,0.009148
84788,02313510,AMZN,15473,2022-09-20,-0.019814
84788,02313510,AMZN,15473,2022-09-21,-0.029872
84788,02313510,AMZN,15473,2022-09-22,-0.010376
84788,02313510,AMZN,15473,2022-09-23,-0.030091
84788,02313510,AMZN,15473,2022-09-26,0.012041
84788,02313510,AMZN,15473,2022-09-27,-0.006426
84788,02313510,AMZN,15473,2022-09-28,0.031466
84788,02313510,AMZN,15473,2022-09-29,-0.027201
84788,02313510,AMZN,15473,2022-09-30,-0.015679
84788,02313510,AMZN,15473,2022-10-03,0.025487
84788,02313510,AMZN,15473,2022-10-04,0.044960
84788,02313510,AMZN,15473,2022-10-05,-0.001156
84788,02313510,AMZN,15473,2022-10-06,-0.005374
84788,02313510,AMZN,15473,2022-10-07,-0.047714
84788,02313510,AMZN,15473,2022-10-10,-0.007769
84788,02313510,AMZN,15473,2022-10-11,-0.012844
84788,02313510,AMZN,15473,2022-10-12,0.006149
84788,02313510,AMZN,15473,2022-10-13,-0.003277
84788,02313510,AMZN,15473,2022-10-14,-0.050031
84788,02313510,AMZN,15473,2022-10-17,0.064453
84788,02313510,AMZN,15473,2022-10-18,0.022585
84788,02313510,AMZN,15473,2022-10-19,-0.011086
84788,02313510,AMZN,15473,2022-10-20,0.001564
84788,02313510,AMZN,15473,2022-10-21,0.035315
84788,02313510,AMZN,15473,2022-10-24,0.004190
84788,02313510,AMZN,15473,2022-10-25,0.006510
84788,02313510,AMZN,15473,2022-10-26,-0.040962
84788,02313510,AMZN,15473,2022-10-27,-0.040636
84788,02313510,AMZN,15473,2022-10-28,-0.068043
84788,02313510,AMZN,15473,2022-10-31,-0.009380
84788,02313510,AMZN,15473,2022-11-01,-0.055154
84788,02313510,AMZN,15473,2022-11-02,-0.048249
84788,02313510,AMZN,15473,2022-11-03,-0.030612
84788,02313510,AMZN,15473,2022-11-04,0.018813
84788,02313510,AMZN,15473,2022-11-07,-0.004946
84788,02313510,AMZN,15473,2022-11-08,-0.006075
84788,02313510,AMZN,15473,2022-11-09,-0.042676
84788,02313510,AMZN,15473,2022-11-10,0.121779
84788,02313510,AMZN,15473,2022-11-11,0.043051
84788,02313510,AMZN,15473,2022-11-14,-0.022820
84788,02313510,AMZN,15473,2022-11-15,0.004569
84788,02313510,AMZN,15473,2022-11-16,-0.018395
84788,02313510,AMZN,15473,2022-11-17,-0.023373
84788,02313510,AMZN,15473,2022-11-18,-0.007486
84788,02313510,AMZN,15473,2022-11-21,-0.017846
84788,02313510,AMZN,15473,2022-11-22,0.008003
84788,02313510,AMZN,15473,2022-11-23,0.009979
84788,02313510,AMZN,15473,2022-11-25,-0.007649
84788,02313510,AMZN,15473,2022-11-28,0.005781
84788,02313510,AMZN,15473,2022-11-29,-0.016285
84788,02313510,AMZN,15473,2022-11-30,0.044579
84788,02313510,AMZN,15473,2022-12-01,-0.010773
84788,02313510,AMZN,15473,2022-12-02,-0.014346
84788,02313510,AMZN,15473,2022-12-05,-0.033146
84788,02313510,AMZN,15473,2022-12-06,-0.030326
84788,02313510,AMZN,15473,2022-12-07,0.002380
84788,02313510,AMZN,15473,2022-12-08,0.021366
84788,02313510,AMZN,15473,2022-12-09,-0.013946
84788,02313510,AMZN,15473,2022-12-12,0.016388
84788,02313510,AMZN,15473,2022-12-13,0.021425
84788,02313510,AMZN,15473,2022-12-14,-0.009839
84788,02313510,AMZN,15473,2022-12-15,-0.034178
84788,02313510,AMZN,15473,2022-12-16,-0.006670
84788,02313510,AMZN,15473,2022-12-19,-0.033462
84788,02313510,AMZN,15473,2022-12-20,0.003179
84788,02313510,AMZN,15473,2022-12-21,0.018547
84788,02313510,AMZN,15473,2022-12-22,-0.034344
84788,02313510,AMZN,15473,2022-12-23,0.017425
84788,02313510,AMZN,15473,2022-12-27,-0.025924
84788,02313510,AMZN,15473,2022-12-28,-0.014692
84788,02313510,AMZN,15473,2022-12-29,0.028844
84788,02313510,AMZN,15473,2022-12-30,-0.002138
89393,64110L10,NFLX,43145,2018-01-02,0.047458
89393,64110L10,NFLX,43145,2018-01-03,0.019794
89393,64110L10,NFLX,43145,2018-01-04,0.002829
89393,64110L10,NFLX,43145,2018-01-05,0.021203
89393,64110L10,NFLX,43145,2018-01-08,0.009810
89393,64110L10,NFLX,43145,2018-01-09,-0.012921
89393,64110L10,NFLX,43145,2018-01-10,0.015336
89393,64110L10,NFLX,43145,2018-01-11,0.022210
89393,64110L10,NFLX,43145,2018-01-12,0.018367
89393,64110L10,NFLX,43145,2018-01-16,0.001356
89393,64110L10,NFLX,43145,2018-01-17,-0.018192
89393,64110L10,NFLX,43145,2018-01-18,0.013011
89393,64110L10,NFLX,43145,2018-01-19,0.000590
89393,64110L10,NFLX,43145,2018-01-22,0.032296
89393,64110L10,NFLX,43145,2018-01-23,0.099789
89393,64110L10,NFLX,43145,2018-01-24,0.043989
89393,64110L10,NFLX,43145,2018-01-25,0.032147
89393,64110L10,NFLX,43145,2018-01-26,0.018168
89393,64110L10,NFLX,43145,2018-01-29,0.036380
89393,64110L10,NFLX,43145,2018-01-30,-0.020345
89393,64110L10,NFLX,43145,2018-01-31,-0.030488
89393,64110L10,NFLX,43145,2018-02-01,-0.019349
89393,64110L10,NFLX,43145,2018-02-02,0.008903
89393,64110L10,NFLX,43145,2018-02-05,-0.049247
89393,64110L10,NFLX,43145,2018-02-06,0.045072
89393,64110L10,NFLX,43145,2018-02-07,-0.004365
89393,64110L10,NFLX,43145,2018-02-08,-0.054657
89393,64110L10,NFLX,43145,2018-02-09,-0.002519
89393,64110L10,NFLX,43145,2018-02-12,0.033992
89393,64110L10,NFLX,43145,2018-02-13,0.001241
89393,64110L10,NFLX,43145,2018-02-14,0.029930
89393,64110L10,NFLX,43145,2018-02-15,0.053647
89393,64110L10,NFLX,43145,2018-02-16,-0.006244
89393,64110L10,NFLX,43145,2018-02-20,0.000108
89393,64110L10,NFLX,43145,2018-02-21,0.008939
89393,64110L10,NFLX,43145,2018-02-22,-0.010319
89393,64110L10,NFLX,43145,2018-02-23,0.028007
89393,64110L10,NFLX,43145,2018-02-26,0.028783
89393,64110L10,NFLX,43145,2018-02-27,-0.012068
89393,64110L10,NFLX,43145,2018-02-28,0.002650
89393,64110L10,NFLX,43145,2018-03-01,-0.003398
89393,64110L10,NFLX,43145,2018-03-02,0.036709
89393,64110L10,NFLX,43145,2018-03-05,0.046338
89393,64110L10,NFLX,43145,2018-03-06,0.032444
89393,64110L10,NFLX,43145,2018-03-07,-0.012484
89393,64110L10,NFLX,43145,2018-03-08,-0.012953
89393,64110L10,NFLX,43145,2018-03-09,0.045552
89393,64110L10,NFLX,43145,2018-03-12,-0.030594
89393,64110L10,NFLX,43145,2018-03-13,-0.016869
89393,64110L10,NFLX,43145,2018-03-14,0.017950
89393,64110L10,NFLX,43145,2018-03-15,-0.001431
89393,64110L10,NFLX,43145,2018-03-16,-0.008222
89393,64110L10,NFLX,43145,2018-03-19,-0.015607
89393,64110L10,NFLX,43145,2018-03-20,0.012824
89393,64110L10,NFLX,43145,2018-03-21,-0.003213
89393,64110L10,NFLX,43145,2018-03-22,-0.030902
89393,64110L10,NFLX,43145,2018-03-23,-0.018781
89393,64110L10,NFLX,43145,2018-03-26,0.064498
89393,64110L10,NFLX,43145,2018-03-27,-0.061370
89393,64110L10,NFLX,43145,2018-03-28,-0.049619
89393,64110L10,NFLX,43145,2018-03-29,0.033523
89393,64110L10,NFLX,43145,2018-04-02,-0.050990
89393,64110L10,NFLX,43145,2018-04-03,0.012059
89393,64110L10,NFLX,43145,2018-04-04,0.018578
89393,64110L10,NFLX,43145,2018-04-05,0.017408
89393,64110L10,NFLX,43145,2018-04-06,-0.017417
89393,64110L10,NFLX,43145,2018-04-09,0.003739
89393,64110L10,NFLX,43145,2018-04-10,0.028076
89393,64110L10,NFLX,43145,2018-04-11,0.018788
89393,64110L10,NFLX,43145,2018-04-12,0.018375
89393,64110L10,NFLX,43145,2018-04-13,0.007761
89393,64110L10,NFLX,43145,2018-04-16,-0.012418
89393,64110L10,NFLX,43145,2018-04-17,0.091884
89393,64110L10,NFLX,43145,2018-04-18,-0.004583
89393,64110L10,NFLX,43145,2018-04-19,-0.005441
89393,64110L10,NFLX,43145,2018-04-20,-0.014818
89393,64110L10,NFLX,43145,2018-04-23,-0.027702
89393,64110L10,NFLX,43145,2018-04-24,-0.036619
89393,64110L10,NFLX,43145,2018-04-25,-0.004104
89393,64110L10,NFLX,43145,2018-04-26,0.026884
89393,64110L10,NFLX,43145,2018-04-27,-0.007071
89393,64110L10,NFLX,43145,2018-04-30,0.002245
89393,64110L10,NFLX,43145,2018-05-01,0.002688
89393,64110L10,NFLX,43145,2018-05-02,0.000192
89393,64110L10,NFLX,43145,2018-05-03,-0.005329
89393,64110L10,NFLX,43145,2018-05-04,0.026950
89393,64110L10,NFLX,43145,2018-05-07,0.019276
89393,64110L10,NFLX,43145,2018-05-08,0.001931
89393,64110L10,NFLX,43145,2018-05-09,0.010432
89393,64110L10,NFLX,43145,2018-05-10,-0.002119
89393,64110L10,NFLX,43145,2018-05-11,-0.009527
89393,64110L10,NFLX,43145,2018-05-14,0.006341
89393,64110L10,NFLX,43145,2018-05-15,-0.007305
89393,64110L10,NFLX,43145,2018-05-16,0.006316
89393,64110L10,NFLX,43145,2018-05-17,-0.009050
89393,64110L10,NFLX,43145,2018-05-18,-0.003198
89393,64110L10,NFLX,43145,2018-05-21,0.023567
89393,64110L10,NFLX,43145,2018-05-22,-0.000603
89393,64110L10,NFLX,43145,2018-05-23,0.039503
89393,64110L10,NFLX,43145,2018-05-24,0.013257
89393,64110L10,NFLX,43145,2018-05-25,0.005726
89393,64110L10,NFLX,43145,2018-05-29,-0.004441
89393,64110L10,NFLX,43145,2018-05-30,0.010894
89393,64110L10,NFLX,43145,2018-05-31,-0.005487
89393,64110L10,NFLX,43145,2018-06-01,0.023692
89393,64110L10,NFLX,43145,2018-06-04,0.005223
89393,64110L10,NFLX,43145,2018-06-05,0.011028
89393,64110L10,NFLX,43145,2018-06-06,0.004511
89393,64110L10,NFLX,43145,2018-06-07,-0.016465
89393,64110L10,NFLX,43145,2018-06-08,-0.002297
89393,64110L10,NFLX,43145,2018-06-11,0.002441
89393,64110L10,NFLX,43145,2018-06-12,0.006585
89393,64110L10,NFLX,43145,2018-06-13,0.044251
89393,64110L10,NFLX,43145,2018-06-14,0.034059
89393,64110L10,NFLX,43145,2018-06-15,-0.002265
89393,64110L10,NFLX,43145,2018-06-18,-0.004031
89393,64110L10,NFLX,43145,2018-06-19,0.037346
89393,64110L10,NFLX,43145,2018-06-20,0.029088
89393,64110L10,NFLX,43145,2018-06-21,-0.003167
89393,64110L10,NFLX,43145,2018-06-22,-0.010471
89393,64110L10,NFLX,43145,2018-06-25,-0.064730
89393,64110L10,NFLX,43145,2018-06-26,0.038780
89393,64110L10,NFLX,43145,2018-06-27,-0.022534
89393,64110L10,NFLX,43145,2018-06-28,0.012885
89393,64110L10,NFLX,43145,2018-06-29,-0.010091
89393,64110L10,NFLX,43145,2018-07-02,0.017244
89393,64110L10,NFLX,43145,2018-07-03,-0.019238
89393,64110L10,NFLX,43145,2018-07-05,0.020153
89393,64110L10,NFLX,43145,2018-07-06,0.024750
89393,64110L10,NFLX,43145,2018-07-09,0.026258
89393,64110L10,NFLX,43145,2018-07-10,-0.007972
89393,64110L10,NFLX,43145,2018-07-11,0.007266
89393,64110L10,NFLX,43145,2018-07-12,-0.012301
89393,64110L10,NFLX,43145,2018-07-13,-0.042805
89393,64110L10,NFLX,43145,2018-07-16,0.011824
89393,64110L10,NFLX,43145,2018-07-17,-0.052437
89393,64110L10,NFLX,43145,2018-07-18,-0.011463
89393,64110L10,NFLX,43145,2018-07-19,-0.029057
89393,64110L10,NFLX,43145,2018-07-20,-0.008731
89393,64110L10,NFLX,43145,2018-07-23,0.004459
89393,64110L10,NFLX,43145,2018-07-24,-0.014725
89393,64110L10,NFLX,43145,2018-07-25,0.015532
89393,64110L10,NFLX,43145,2018-07-26,0.000606
89393,64110L10,NFLX,43145,2018-07-27,-0.021703
89393,64110L10,NFLX,43145,2018-07-30,-0.057009
89393,64110L10,NFLX,43145,2018-07-31,0.007434
89393,64110L10,NFLX,43145,2018-08-01,0.002756
89393,64110L10,NFLX,43145,2018-08-02,0.018086
89393,64110L10,NFLX,43145,2018-08-03,-0.004093
89393,64110L10,NFLX,43145,2018-08-06,0.022822
89393,64110L10,NFLX,43145,2018-08-07,0.002593
89393,64110L10,NFLX,43145,2018-08-08,-0.011994
89393,64110L10,NFLX,43145,2018-08-09,0.005034
89393,64110L10,NFLX,43145,2018-08-10,-0.009990
89393,64110L10,NFLX,43145,2018-08-13,-0.013184
89393,64110L10,NFLX,43145,2018-08-14,-0.011192
89393,64110L10,NFLX,43145,2018-08-15,-0.032860
89393,64110L10,NFLX,43145,2018-08-16,-0.012132
89393,64110L10,NFLX,43145,2018-08-17,-0.017554
89393,64110L10,NFLX,43145,2018-08-20,0.034567
89393,64110L10,NFLX,43145,2018-08-21,0.031398
89393,64110L10,NFLX,43145,2018-08-22,0.018993
89393,64110L10,NFLX,43145,2018-08-23,-0.015300
89393,64110L10,NFLX,43145,2018-08-24,0.057936
89393,64110L10,NFLX,43145,2018-08-27,0.016053
89393,64110L10,NFLX,43145,2018-08-28,0.010725
89393,64110L10,NFLX,43145,2018-08-29,-0.001221
89393,64110L10,NFLX,43145,2018-08-30,0.007988
89393,64110L10,NFLX,43145,2018-08-31,-0.008895
89393,64110L10,NFLX,43145,2018-09-04,-0.011097
89393,64110L10,NFLX,43145,2018-09-05,-0.061661
89393,64110L10,NFLX,43145,2018-09-06,0.015476
89393,64110L10,NFLX,43145,2018-09-07,0.006408
89393,64110L10,NFLX,43145,2018-09-10,-0.000774
89393,64110L10,NFLX,43145,2018-09-11,0.021584
89393,64110L10,NFLX,43145,2018-09-12,0.039390
89393,64110L10,NFLX,43145,2018-09-13,-0.004866
89393,64110L10,NFLX,43145,2018-09-14,-0.009751
89393,64110L10,NFLX,43145,2018-09-17,-0.038978
89393,64110L10,NFLX,43145,2018-09-18,0.049379
89393,64110L10,NFLX,43145,2018-09-19,-0.001877
89393,64110L10,NFLX,43145,2018-09-20,-0.004360
89393,64110L10,NFLX,43145,2018-09-21,-0.011413
89393,64110L10,NFLX,43145,2018-09-24,0.023312
89393,64110L10,NFLX,43145,2018-09-25,-0.000487
89393,64110L10,NFLX,43145,2018-09-26,0.022873
89393,64110L10,NFLX,43145,2018-09-27,0.007489
89393,64110L10,NFLX,43145,2018-09-28,-0.017283
89393,64110L10,NFLX,43145,2018-10-01,0.019512
89393,64110L10,NFLX,43145,2018-10-02,-0.011247
89393,64110L10,NFLX,43145,2018-10-03,-0.000239
89393,64110L10,NFLX,43145,2018-10-04,-0.035539
89393,64110L10,NFLX,43145,2018-10-05,-0.033824
89393,64110L10,NFLX,43145,2018-10-08,-0.006404
89393,64110L10,NFLX,43145,2018-10-09,0.018934
89393,64110L10,NFLX,43145,2018-10-10,-0.083832
89393,64110L10,NFLX,43145,2018-10-11,-0.014698
89393,64110L10,NFLX,43145,2018-10-12,0.057490
89393,64110L10,NFLX,43145,2018-10-15,-0.018936
89393,64110L10,NFLX,43145,2018-10-16,0.039834
89393,64110L10,NFLX,43145,2018-10-17,0.052829
89393,64110L10,NFLX,43145,2018-10-18,-0.049328
89393,64110L10,NFLX,43145,2018-10-19,-0.040495
89393,64110L10,NFLX,43145,2018-10-22,-0.009409
89393,64110L10,NFLX,43145,2018-10-23,0.010985
89393,64110L10,NFLX,43145,2018-10-24,-0.094039
89393,64110L10,NFLX,43145,2018-10-25,0.036577
89393,64110L10,NFLX,43145,2018-10-26,-0.041679
89393,64110L10,NFLX,43145,2018-10-29,-0.049995
89393,64110L10,NFLX,43145,2018-10-30,0.003405
89393,64110L10,NFLX,43145,2018-10-31,0.055876
89393,64110L10,NFLX,43145,2018-11-01,0.051693
89393,64110L10,NFLX,43145,2018-11-02,-0.026089
89393,64110L10,NFLX,43145,2018-11-05,0.020511
89393,64110L10,NFLX,43145,2018-11-06,-0.014583
89393,64110L10,NFLX,43145,2018-11-07,0.053597
89393,64110L10,NFLX,43145,2018-11-08,-0.029252
89393,64110L10,NFLX,43145,2018-11-09,-0.045452
89393,64110L10,NFLX,43145,2018-11-12,-0.030975
89393,64110L10,NFLX,43145,2018-11-13,0.001122
89393,64110L10,NFLX,43145,2018-11-14,-0.026053
89393,64110L10,NFLX,43145,2018-11-15,0.011614
89393,64110L10,NFLX,43145,2018-11-16,-0.013273
89393,64110L10,NFLX,43145,2018-11-19,-0.054540
89393,64110L10,NFLX,43145,2018-11-20,-0.013378
89393,64110L10,NFLX,43145,2018-11-21,-0.018166
89393,64110L10,NFLX,43145,2018-11-23,-0.012627
89393,64110L10,NFLX,43145,2018-11-26,0.010084
89393,64110L10,NFLX,43145,2018-11-27,0.019891
89393,64110L10,NFLX,43145,2018-11-28,0.060083
89393,64110L10,NFLX,43145,2018-11-29,0.021581
89393,64110L10,NFLX,43145,2018-11-30,-0.009074
89393,64110L10,NFLX,43145,2018-12-03,0.014574
89393,64110L10,NFLX,43145,2018-12-04,-0.051567
89393,64110L10,NFLX,43145,2018-12-06,0.027422
89393,64110L10,NFLX,43145,2018-12-07,-0.062712
89393,64110L10,NFLX,43145,2018-12-10,0.017198
89393,64110L10,NFLX,43145,2018-12-11,-0.016240
89393,64110L10,NFLX,43145,2018-12-12,0.036032
89393,64110L10,NFLX,43145,2018-12-13,0.004147
89393,64110L10,NFLX,43145,2018-12-14,-0.033258
89393,64110L10,NFLX,43145,2018-12-17,-0.015140
89393,64110L10,NFLX,43145,2018-12-18,0.030974
89393,64110L10,NFLX,43145,2018-12-19,-0.015391
89393,64110L10,NFLX,43145,2018-12-20,-0.023204
89393,64110L10,NFLX,43145,2018-12-21,-0.054455
89393,64110L10,NFLX,43145,2018-12-24,-0.050773
89393,64110L10,NFLX,43145,2018-12-26,0.084616
89393,64110L10,NFLX,43145,2018-12-27,0.007470
89393,64110L10,NFLX,43145,2018-12-28,0.002015
89393,64110L10,NFLX,43145,2018-12-31,0.045220
89393,64110L10,NFLX,43145,2019-01-02,0.000000
89393,64110L10,NFLX,43145,2019-01-03,0.013226
89393,64110L10,NFLX,43145,2019-01-04,0.097235
89393,64110L10,NFLX,43145,2019-01-07,0.059717
89393,64110L10,NFLX,43145,2019-01-08,0.015634
89393,64110L10,NFLX,43145,2019-01-09,-0.000968
89393,64110L10,NFLX,43145,2019-01-10,0.014689
89393,64110L10,NFLX,43145,2019-01-11,0.039826
89393,64110L10,NFLX,43145,2019-01-14,-0.013774
89393,64110L10,NFLX,43145,2019-01-15,0.065177
89393,64110L10,NFLX,43145,2019-01-16,-0.009164
89393,64110L10,NFLX,43145,2019-01-17,0.005123
89393,64110L10,NFLX,43145,2019-01-18,-0.039894
89393,64110L10,NFLX,43145,2019-01-22,-0.041109
89393,64110L10,NFLX,43145,2019-01-23,-0.009749
89393,64110L10,NFLX,43145,2019-01-24,0.014535
89393,64110L10,NFLX,43145,2019-01-25,0.034836
89393,64110L10,NFLX,43145,2019-01-28,-0.007070
89393,64110L10,NFLX,43145,2019-01-29,-0.020139
89393,64110L10,NFLX,43145,2019-01-30,0.035756
89393,64110L10,NFLX,43145,2019-01-31,-0.003405
89393,64110L10,NFLX,43145,2019-02-01,0.001031
89393,64110L10,NFLX,43145,2019-02-04,0.033809
89393,64110L10,NFLX,43145,2019-02-05,0.012723
89393,64110L10,NFLX,43145,2019-02-06,-0.010174
89393,64110L10,NFLX,43145,2019-02-07,-0.021239
89393,64110L10,NFLX,43145,2019-02-08,0.008297
89393,64110L10,NFLX,43145,2019-02-11,-0.005294
89393,64110L10,NFLX,43145,2019-02-12,0.041188
89393,64110L10,NFLX,43145,2019-02-13,-0.022780
89393,64110L10,NFLX,43145,2019-02-14,0.020752
89393,64110L10,NFLX,43145,2019-02-15,-0.006127
89393,64110L10,NFLX,43145,2019-02-19,0.014151
89393,64110L10,NFLX,43145,2019-02-20,-0.005554
89393,64110L10,NFLX,43145,2019-02-21,-0.008169
89393,64110L10,NFLX,43145,2019-02-22,0.016948
89393,64110L10,NFLX,43145,2019-02-25,0.002452
89393,64110L10,NFLX,43145,2019-02-26,0.002913
89393,64110L10,NFLX,43145,2019-02-27,-0.005754
89393,64110L10,NFLX,43145,2019-02-28,-0.013145
89393,64110L10,NFLX,43145,2019-03-01,-0.002178
89393,64110L10,NFLX,43145,2019-03-04,-0.017575
89393,64110L10,NFLX,43145,2019-03-05,0.009287
89393,64110L10,NFLX,43145,2019-03-06,0.014987
89393,64110L10,NFLX,43145,2019-03-07,-0.019493
89393,64110L10,NFLX,43145,2019-03-08,-0.008508
89393,64110L10,NFLX,43145,2019-03-11,0.026487
89393,64110L10,NFLX,43145,2019-03-12,-0.007217
89393,64110L10,NFLX,43145,2019-03-13,0.013866
89393,64110L10,NFLX,43145,2019-03-14,-0.006617
89393,64110L10,NFLX,43145,2019-03-15,0.007357
89393,64110L10,NFLX,43145,2019-03-18,0.005478
89393,64110L10,NFLX,43145,2019-03-19,-0.012822
89393,64110L10,NFLX,43145,2019-03-20,0.045822
89393,64110L10,NFLX,43145,2019-03-21,0.007063
89393,64110L10,NFLX,43145,2019-03-22,-0.044619
89393,64110L10,NFLX,43145,2019-03-25,0.014459
89393,64110L10,NFLX,43145,2019-03-26,-0.017093
89393,64110L10,NFLX,43145,2019-03-27,-0.018335
89393,64110L10,NFLX,43145,2019-03-28,0.003509
89393,64110L10,NFLX,43145,2019-03-29,0.005499
89393,64110L10,NFLX,43145,2019-04-01,0.029168
89393,64110L10,NFLX,43145,2019-04-02,0.002071
89393,64110L10,NFLX,43145,2019-04-03,0.005521
89393,64110L10,NFLX,43145,2019-04-04,-0.005057
89393,64110L10,NFLX,43145,2019-04-05,-0.006497
89393,64110L10,NFLX,43145,2019-04-08,-0.011163
89393,64110L10,NFLX,43145,2019-04-09,0.009131
89393,64110L10,NFLX,43145,2019-04-10,-0.002166
89393,64110L10,NFLX,43145,2019-04-11,0.010250
89393,64110L10,NFLX,43145,2019-04-12,-0.044907
89393,64110L10,NFLX,43145,2019-04-15,-0.006465
89393,64110L10,NFLX,43145,2019-04-16,0.030355
89393,64110L10,NFLX,43145,2019-04-17,-0.013131
89393,64110L10,NFLX,43145,2019-04-18,0.015814
89393,64110L10,NFLX,43145,2019-04-22,0.047149
89393,64110L10,NFLX,43145,2019-04-23,0.012058
89393,64110L10,NFLX,43145,2019-04-24,-0.020058
89393,64110L10,NFLX,43145,2019-04-25,-0.015766
89393,64110L10,NFLX,43145,2019-04-26,0.017702
89393,64110L10,NFLX,43145,2019-04-29,-0.008057
89393,64110L10,NFLX,43145,2019-04-30,-0.003469
89393,64110L10,NFLX,43145,2019-05-01,0.022319
89393,64110L10,NFLX,43145,2019-05-02,0.000660
89393,64110L10,NFLX,43145,2019-05-03,0.015749
89393,64110L10,NFLX,43145,2019-05-06,-0.016518
89393,64110L10,NFLX,43145,2019-05-07,-0.021681
89393,64110L10,NFLX,43145,2019-05-08,-0.016439
89393,64110L10,NFLX,43145,2019-05-09,-0.004446
89393,64110L10,NFLX,43145,2019-05-10,-0.004714
89393,64110L10,NFLX,43145,2019-05-13,-0.043707
89393,64110L10,NFLX,43145,2019-05-14,0.001014
89393,64110L10,NFLX,43145,2019-05-15,0.027140
89393,64110L10,NFLX,43145,2019-05-16,0.012169
89393,64110L10,NFLX,43145,2019-05-17,-0.013526
89393,64110L10,NFLX,43145,2019-05-20,-0.017887
89393,64110L10,NFLX,43145,2019-05-21,0.017696
89393,64110L10,NFLX,43145,2019-05-22,0.015412
89393,64110L10,NFLX,43145,2019-05-23,-0.020905
89393,64110L10,NFLX,43145,2019-05-24,0.006189
89393,64110L10,NFLX,43145,2019-05-28,0.001100
89393,64110L10,NFLX,43145,2019-05-29,-0.015756
89393,64110L10,NFLX,43145,2019-05-30,0.007618
89393,64110L10,NFLX,43145,2019-05-31,-0.024357
89393,64110L10,NFLX,43145,2019-06-03,-0.019372
89393,64110L10,NFLX,43145,2019-06-04,0.049817
89393,64110L10,NFLX,43145,2019-06-05,0.006593
89393,64110L10,NFLX,43145,2019-06-06,0.003936
89393,64110L10,NFLX,43145,2019-06-07,0.010472
89393,64110L10,NFLX,43145,2019-06-10,-0.024552
89393,64110L10,NFLX,43145,2019-06-11,-0.002102
89393,64110L10,NFLX,43145,2019-06-12,-0.016255
89393,64110L10,NFLX,43145,2019-06-13,-0.006164
89393,64110L10,NFLX,43145,2019-06-14,-0.010774
89393,64110L10,NFLX,43145,2019-06-17,0.032055
89393,64110L10,NFLX,43145,2019-06-18,0.018539
89393,64110L10,NFLX,43145,2019-06-19,0.017921
89393,64110L10,NFLX,43145,2019-06-20,0.004649
89393,64110L10,NFLX,43145,2019-06-21,0.010953
89393,64110L10,NFLX,43145,2019-06-24,0.004957
89393,64110L10,NFLX,43145,2019-06-25,-0.028946
89393,64110L10,NFLX,43145,2019-06-26,0.005273
89393,64110L10,NFLX,43145,2019-06-27,0.021590
89393,64110L10,NFLX,43145,2019-06-28,-0.007297
89393,64110L10,NFLX,43145,2019-07-01,0.019819
89393,64110L10,NFLX,43145,2019-07-02,0.002216
89393,64110L10,NFLX,43145,2019-07-03,0.016754
89393,64110L10,NFLX,43145,2019-07-05,-0.003065
89393,64110L10,NFLX,43145,2019-07-08,-0.011536
89393,64110L10,NFLX,43145,2019-07-09,0.010022
89393,64110L10,NFLX,43145,2019-07-10,0.002816
89393,64110L10,NFLX,43145,2019-07-11,-0.003937
89393,64110L10,NFLX,43145,2019-07-12,-0.016469
89393,64110L10,NFLX,43145,2019-07-15,-0.017816
89393,64110L10,NFLX,43145,2019-07-16,-0.001664
89393,64110L10,NFLX,43145,2019-07-17,-0.009700
89393,64110L10,NFLX,43145,2019-07-18,-0.102720
89393,64110L10,NFLX,43145,2019-07-19,-0.031088
89393,64110L10,NFLX,43145,2019-07-22,-0.014218
89393,64110L10,NFLX,43145,2019-07-23,-0.010688
89393,64110L10,NFLX,43145,2019-07-24,0.034624
89393,64110L10,NFLX,43145,2019-07-25,0.026798
89393,64110L10,NFLX,43145,2019-07-26,0.028549
89393,64110L10,NFLX,43145,2019-07-29,-0.009173
89393,64110L10,NFLX,43145,2019-07-30,-0.020349
89393,64110L10,NFLX,43145,2019-07-31,-0.009020
89393,64110L10,NFLX,43145,2019-08-01,-0.010805
89393,64110L10,NFLX,43145,2019-08-02,-0.002097
89393,64110L10,NFLX,43145,2019-08-05,-0.035128
89393,64110L10,NFLX,43145,2019-08-06,0.008029
89393,64110L10,NFLX,43145,2019-08-07,-0.018736
89393,64110L10,NFLX,43145,2019-08-08,0.038154
89393,64110L10,NFLX,43145,2019-08-09,-0.022064
89393,64110L10,NFLX,43145,2019-08-12,0.006150
89393,64110L10,NFLX,43145,2019-08-13,0.004665
89393,64110L10,NFLX,43145,2019-08-14,-0.042174
89393,64110L10,NFLX,43145,2019-08-15,-0.011200
89393,64110L10,NFLX,43145,2019-08-16,0.023803
89393,64110L10,NFLX,43145,2019-08-19,0.021731
89393,64110L10,NFLX,43145,2019-08-20,-0.033583
89393,64110L10,NFLX,43145,2019-08-21,-0.003947
89393,64110L10,NFLX,43145,2019-08-22,-0.002955
89393,64110L10,NFLX,43145,2019-08-23,-0.018489
89393,64110L10,NFLX,43145,2019-08-26,0.012147
89393,64110L10,NFLX,43145,2019-08-27,-0.013391
89393,64110L10,NFLX,43145,2019-08-28,0.002543
89393,64110L10,NFLX,43145,2019-08-29,0.017171
89393,64110L10,NFLX,43145,2019-08-30,-0.010210
89393,64110L10,NFLX,43145,2019-09-03,-0.015183
89393,64110L10,NFLX,43145,2019-09-04,0.007709
89393,64110L10,NFLX,43145,2019-09-05,0.005934
89393,64110L10,NFLX,43145,2019-09-06,-0.010503
89393,64110L10,NFLX,43145,2019-09-09,0.014371
89393,64110L10,NFLX,43145,2019-09-10,-0.021574
89393,64110L10,NFLX,43145,2019-09-11,0.000972
89393,64110L10,NFLX,43145,2019-09-12,0.002047
89393,64110L10,NFLX,43145,2019-09-13,0.018313
89393,64110L10,NFLX,43145,2019-09-16,0.000476
89393,64110L10,NFLX,43145,2019-09-17,0.014645
89393,64110L10,NFLX,43145,2019-09-18,-0.023577
89393,64110L10,NFLX,43145,2019-09-19,-0.017012
89393,64110L10,NFLX,43145,2019-09-20,-0.055304
89393,64110L10,NFLX,43145,2019-09-23,-0.017839
89393,64110L10,NFLX,43145,2019-09-24,-0.042607
89393,64110L10,NFLX,43145,2019-09-25,0.039907
89393,64110L10,NFLX,43145,2019-09-26,-0.005439
89393,64110L10,NFLX,43145,2019-09-27,-0.000873
89393,64110L10,NFLX,43145,2019-09-30,0.017257
89393,64110L10,NFLX,43145,2019-10-01,0.007324
89393,64110L10,NFLX,43145,2019-10-02,-0.005750
89393,64110L10,NFLX,43145,2019-10-03,0.000448
89393,64110L10,NFLX,43145,2019-10-04,0.017304
89393,64110L10,NFLX,43145,2019-10-07,0.006122
89393,64110L10,NFLX,43145,2019-10-08,-0.013627
89393,64110L10,NFLX,43145,2019-10-09,-0.011783
89393,64110L10,NFLX,43145,2019-10-10,0.048406
89393,64110L10,NFLX,43145,2019-10-11,0.008735
89393,64110L10,NFLX,43145,2019-10-14,0.009190
89393,64110L10,NFLX,43145,2019-10-15,-0.004483
89393,64110L10,NFLX,43145,2019-10-16,0.007142
89393,64110L10,NFLX,43145,2019-10-17,0.024696
89393,64110L10,NFLX,43145,2019-10-18,-0.061531
89393,64110L10,NFLX,43145,2019-10-21,0.009989
89393,64110L10,NFLX,43145,2019-10-22,-0.040856
89393,64110L10,NFLX,43145,2019-10-23,0.017173
89393,64110L10,NFLX,43145,2019-10-24,0.000848
89393,64110L10,NFLX,43145,2019-10-25,0.019595
89393,64110L10,NFLX,43145,2019-10-28,0.018207
89393,64110L10,NFLX,43145,2019-10-29,-0.002306
89393,64110L10,NFLX,43145,2019-10-30,0.036414
89393,64110L10,NFLX,43145,2019-10-31,-0.013862
89393,64110L10,NFLX,43145,2019-11-01,-0.002088
89393,64110L10,NFLX,43145,2019-11-04,0.021094
89393,64110L10,NFLX,43145,2019-11-05,-0.016493
89393,64110L10,NFLX,43145,2019-11-06,0.001944
89393,64110L10,NFLX,43145,2019-11-07,0.003396
89393,64110L10,NFLX,43145,2019-11-08,0.006907
89393,64110L10,NFLX,43145,2019-11-11,0.008952
89393,64110L10,NFLX,43145,2019-11-12,-0.007376
89393,64110L10,NFLX,43145,2019-11-13,-0.030478
89393,64110L10,NFLX,43145,2019-11-14,0.022995
89393,64110L10,NFLX,43145,2019-11-15,0.018680
89393,64110L10,NFLX,43145,2019-11-18,0.025557
89393,64110L10,NFLX,43145,2019-11-19,0.000099
89393,64110L10,NFLX,43145,2019-11-20,0.008460
89393,64110L10,NFLX,43145,2019-11-21,0.021399
89393,64110L10,NFLX,43145,2019-11-22,-0.003882
89393,64110L10,NFLX,43145,2019-11-25,0.016330
89393,64110L10,NFLX,43145,2019-11-26,-0.009697
89393,64110L10,NFLX,43145,2019-11-27,0.011008
89393,64110L10,NFLX,43145,2019-11-29,-0.004020
89393,64110L10,NFLX,43145,2019-12-02,-0.014841
89393,64110L10,NFLX,43145,2019-12-03,-0.012355
89393,64110L10,NFLX,43145,2019-12-04,-0.006010
89393,64110L10,NFLX,43145,2019-12-05,-0.004798
89393,64110L10,NFLX,43145,2019-12-06,0.014825
89393,64110L10,NFLX,43145,2019-12-09,-0.015780
89393,64110L10,NFLX,43145,2019-12-10,-0.031008
89393,64110L10,NFLX,43145,2019-12-11,0.019821
89393,64110L10,NFLX,43145,2019-12-12,-0.001639
89393,64110L10,NFLX,43145,2019-12-13,0.000201
89393,64110L10,NFLX,43145,2019-12-16,0.019129
89393,64110L10,NFLX,43145,2019-12-17,0.037047
89393,64110L10,NFLX,43145,2019-12-18,0.016863
89393,64110L10,NFLX,43145,2019-12-19,0.035599
89393,64110L10,NFLX,43145,2019-12-20,0.014087
89393,64110L10,NFLX,43145,2019-12-23,-0.011279
89393,64110L10,NFLX,43145,2019-12-24,0.000300
89393,64110L10,NFLX,43145,2019-12-26,-0.001711
89393,64110L10,NFLX,43145,2019-12-27,-0.010642
89393,64110L10,NFLX,43145,2019-12-30,-0.017564
89393,64110L10,NFLX,43145,2019-12-31,0.000804
89393,64110L10,NFLX,43145,2020-01-02,0.019285
89393,64110L10,NFLX,43145,2020-01-03,-0.011855
89393,64110L10,NFLX,43145,2020-01-06,0.030469
89393,64110L10,NFLX,43145,2020-01-07,-0.015127
89393,64110L10,NFLX,43145,2020-01-08,0.025729
89393,64110L10,NFLX,43145,2020-01-09,-0.010611
89393,64110L10,NFLX,43145,2020-01-10,-0.019693
89393,64110L10,NFLX,43145,2020-01-13,0.029995
89393,64110L10,NFLX,43145,2020-01-14,-0.000679
89393,64110L10,NFLX,43145,2020-01-15,0.001122
89393,64110L10,NFLX,43145,2020-01-16,-0.001327
89393,64110L10,NFLX,43145,2020-01-17,0.003101
89393,64110L10,NFLX,43145,2020-01-21,-0.004593
89393,64110L10,NFLX,43145,2020-01-22,-0.035817
89393,64110L10,NFLX,43145,2020-01-23,0.072393
89393,64110L10,NFLX,43145,2020-01-24,0.010183
89393,64110L10,NFLX,43145,2020-01-27,-0.029109
89393,64110L10,NFLX,43145,2020-01-28,0.016449
89393,64110L10,NFLX,43145,2020-01-29,-0.015379
89393,64110L10,NFLX,43145,2020-01-30,0.013347
89393,64110L10,NFLX,43145,2020-01-31,-0.007621
89393,64110L10,NFLX,43145,2020-02-03,0.037411
89393,64110L10,NFLX,43145,2020-02-04,0.030754
89393,64110L10,NFLX,43145,2020-02-05,0.001789
89393,64110L10,NFLX,43145,2020-02-06,-0.007358
89393,64110L10,NFLX,43145,2020-02-07,-0.000491
89393,64110L10,NFLX,43145,2020-02-10,0.011724
89393,64110L10,NFLX,43145,2020-02-11,0.007061
89393,64110L10,NFLX,43145,2020-02-12,0.016912
89393,64110L10,NFLX,43145,2020-02-13,0.003658
89393,64110L10,NFLX,43145,2020-02-14,-0.002622
89393,64110L10,NFLX,43145,2020-02-18,0.019401
89393,64110L10,NFLX,43145,2020-02-19,-0.004100
89393,64110L10,NFLX,43145,2020-02-20,-0.000492
89393,64110L10,NFLX,43145,2020-02-21,-0.015363
89393,64110L10,NFLX,43145,2020-02-24,-0.029916
89393,64110L10,NFLX,43145,2020-02-25,-0.023352
89393,64110L10,NFLX,43145,2020-02-26,0.053181
89393,64110L10,NFLX,43145,2020-02-27,-0.019856
89393,64110L10,NFLX,43145,2020-02-28,-0.007210
89393,64110L10,NFLX,43145,2020-03-02,0.032572
89393,64110L10,NFLX,43145,2020-03-03,-0.032227
89393,64110L10,NFLX,43145,2020-03-04,0.040730
89393,64110L10,NFLX,43145,2020-03-05,-0.028688
89393,64110L10,NFLX,43145,2020-03-06,-0.010221
89393,64110L10,NFLX,43145,2020-03-09,-0.060926
89393,64110L10,NFLX,43145,2020-03-10,0.050911
89393,64110L10,NFLX,43145,2020-03-11,-0.039025
89393,64110L10,NFLX,43145,2020-03-12,-0.099080
89393,64110L10,NFLX,43145,2020-03-13,0.066757
89393,64110L10,NFLX,43145,2020-03-16,-0.111375
89393,64110L10,NFLX,43145,2020-03-17,0.069971
89393,64110L10,NFLX,43145,2020-03-18,-0.013385
89393,64110L10,NFLX,43145,2020-03-19,0.052493
89393,64110L10,NFLX,43145,2020-03-20,0.002409
89393,64110L10,NFLX,43145,2020-03-23,0.082444
89393,64110L10,NFLX,43145,2020-03-24,-0.008188
89393,64110L10,NFLX,43145,2020-03-25,-0.041783
89393,64110L10,NFLX,43145,2020-03-26,0.060165
89393,64110L10,NFLX,43145,2020-03-27,-0.016171
89393,64110L10,NFLX,43145,2020-03-30,0.038754
89393,64110L10,NFLX,43145,2020-03-31,0.012239
89393,64110L10,NFLX,43145,2020-04-01,-0.030413
89393,64110L10,NFLX,43145,2020-04-02,0.016480
89393,64110L10,NFLX,43145,2020-04-03,-0.022482
89393,64110L10,NFLX,43145,2020-04-06,0.050310
89393,64110L10,NFLX,43145,2020-04-07,-0.020213
89393,64110L10,NFLX,43145,2020-04-08,-0.003116
89393,64110L10,NFLX,43145,2020-04-09,-0.001078
89393,64110L10,NFLX,43145,2020-04-13,0.070134
89393,64110L10,NFLX,43145,2020-04-14,0.042423
89393,64110L10,NFLX,43145,2020-04-15,0.031919
89393,64110L10,NFLX,43145,2020-04-16,0.029104
89393,64110L10,NFLX,43145,2020-04-17,-0.036911
89393,64110L10,NFLX,43145,2020-04-20,0.034353
89393,64110L10,NFLX,43145,2020-04-21,-0.008366
89393,64110L10,NFLX,43145,2020-04-22,-0.028606
89393,64110L10,NFLX,43145,2020-04-23,0.012529
89393,64110L10,NFLX,43145,2020-04-24,-0.004007
89393,64110L10,NFLX,43145,2020-04-27,-0.008494
89393,64110L10,NFLX,43145,2020-04-28,-0.041649
89393,64110L10,NFLX,43145,2020-04-29,0.019959
89393,64110L10,NFLX,43145,2020-04-30,0.019326
89393,64110L10,NFLX,43145,2020-05-01,-0.010909
89393,64110L10,NFLX,43145,2020-05-04,0.031016
89393,64110L10,NFLX,43145,2020-05-05,-0.008105
89393,64110L10,NFLX,43145,2020-05-06,0.022558
89393,64110L10,NFLX,43145,2020-05-07,0.005227
89393,64110L10,NFLX,43145,2020-05-08,-0.002245
89393,64110L10,NFLX,43145,2020-05-11,0.011411
89393,64110L10,NFLX,43145,2020-05-12,-0.019749
89393,64110L10,NFLX,43145,2020-05-13,0.014937
89393,64110L10,NFLX,43145,2020-05-14,0.008397
89393,64110L10,NFLX,43145,2020-05-15,0.027695
89393,64110L10,NFLX,43145,2020-05-18,-0.003545
89393,64110L10,NFLX,43145,2020-05-19,-0.003403
89393,64110L10,NFLX,43145,2020-05-20,-0.007472
89393,64110L10,NFLX,43145,2020-05-21,-0.025510
89393,64110L10,NFLX,43145,2020-05-22,-0.015885
89393,64110L10,NFLX,43145,2020-05-26,-0.033891
89393,64110L10,NFLX,43145,2020-05-27,0.012344
89393,64110L10,NFLX,43145,2020-05-28,-0.015361
89393,64110L10,NFLX,43145,2020-05-29,0.015214
89393,64110L10,NFLX,43145,2020-06-01,0.014748
89393,64110L10,NFLX,43145,2020-06-02,0.003264
89393,64110L10,NFLX,43145,2020-06-03,-0.012497
89393,64110L10,NFLX,43145,2020-06-04,-0.018106
89393,64110L10,NFLX,43145,2020-06-05,0.012719
89393,64110L10,NFLX,43145,2020-06-08,-0.000262
89393,64110L10,NFLX,43145,2020-06-09,0.034709
89393,64110L10,NFLX,43145,2020-06-10,0.000991
89393,64110L10,NFLX,43145,2020-06-11,-0.020530
89393,64110L10,NFLX,43145,2020-06-12,-0.017600
89393,64110L10,NFLX,43145,2020-06-15,0.017772
89393,64110L10,NFLX,43145,2020-06-16,0.024982
89393,64110L10,NFLX,43145,2020-06-17,0.026689
89393,64110L10,NFLX,43145,2020-06-18,0.004690
89393,64110L10,NFLX,43145,2020-06-19,0.008558
89393,64110L10,NFLX,43145,2020-06-22,0.031561
89393,64110L10,NFLX,43145,2020-06-23,-0.003803
89393,64110L10,NFLX,43145,2020-06-24,-0.018037
89393,64110L10,NFLX,43145,2020-06-25,0.017604
89393,64110L10,NFLX,43145,2020-06-26,-0.048314
89393,64110L10,NFLX,43145,2020-06-29,0.008660
89393,64110L10,NFLX,43145,2020-06-30,0.017440
89393,64110L10,NFLX,43145,2020-07-01,0.067247
89393,64110L10,NFLX,43145,2020-07-02,-0.018017
89393,64110L10,NFLX,43145,2020-07-06,0.035480
89393,64110L10,NFLX,43145,2020-07-07,-0.001316
89393,64110L10,NFLX,43145,2020-07-08,0.019507
89393,64110L10,NFLX,43145,2020-07-09,0.009905
89393,64110L10,NFLX,43145,2020-07-10,0.080688
89393,64110L10,NFLX,43145,2020-07-13,-0.042334
89393,64110L10,NFLX,43145,2020-07-14,-0.001180
89393,64110L10,NFLX,43145,2020-07-15,-0.003086
89393,64110L10,NFLX,43145,2020-07-16,0.007893
89393,64110L10,NFLX,43145,2020-07-17,-0.065227
89393,64110L10,NFLX,43145,2020-07-20,0.019108
89393,64110L10,NFLX,43145,2020-07-21,-0.024502
89393,64110L10,NFLX,43145,2020-07-22,-0.000571
89393,64110L10,NFLX,43145,2020-07-23,-0.024989
89393,64110L10,NFLX,43145,2020-07-24,0.006009
89393,64110L10,NFLX,43145,2020-07-27,0.031637
89393,64110L10,NFLX,43145,2020-07-28,-0.014405
89393,64110L10,NFLX,43145,2020-07-29,-0.008250
89393,64110L10,NFLX,43145,2020-07-30,0.002725
89393,64110L10,NFLX,43145,2020-07-31,0.006340
89393,64110L10,NFLX,43145,2020-08-03,0.019923
89393,64110L10,NFLX,43145,2020-08-04,0.022101
89393,64110L10,NFLX,43145,2020-08-05,-0.014775
89393,64110L10,NFLX,43145,2020-08-06,0.013881
89393,64110L10,NFLX,43145,2020-08-07,-0.028188
89393,64110L10,NFLX,43145,2020-08-10,-0.022942
89393,64110L10,NFLX,43145,2020-08-11,-0.034031
89393,64110L10,NFLX,43145,2020-08-12,0.018290
89393,64110L10,NFLX,43145,2020-08-13,0.012325
89393,64110L10,NFLX,43145,2020-08-14,0.002805
89393,64110L10,NFLX,43145,2020-08-17,-0.000684
89393,64110L10,NFLX,43145,2020-08-18,0.019737
89393,64110L10,NFLX,43145,2020-08-19,-0.014923
89393,64110L10,NFLX,43145,2020-08-20,0.027594
89393,64110L10,NFLX,43145,2020-08-21,-0.011227
89393,64110L10,NFLX,43145,2020-08-24,-0.007109
89393,64110L10,NFLX,43145,2020-08-25,0.003621
89393,64110L10,NFLX,43145,2020-08-26,0.116087
89393,64110L10,NFLX,43145,2020-08-27,-0.038829
89393,64110L10,NFLX,43145,2020-08-28,-0.004522
89393,64110L10,NFLX,43145,2020-08-31,0.010823
89393,64110L10,NFLX,43145,2020-09-01,0.050967
89393,64110L10,NFLX,43145,2020-09-02,-0.006666
89393,64110L10,NFLX,43145,2020-09-03,-0.049002
89393,64110L10,NFLX,43145,2020-09-04,-0.018450
89393,64110L10,NFLX,43145,2020-09-08,-0.017498
89393,64110L10,NFLX,43145,2020-09-09,-0.013471
89393,64110L10,NFLX,43145,2020-09-10,-0.039025
89393,64110L10,NFLX,43145,2020-09-11,0.002829
89393,64110L10,NFLX,43145,2020-09-14,-0.011970
89393,64110L10,NFLX,43145,2020-09-15,0.041427
89393,64110L10,NFLX,43145,2020-09-16,-0.024456
89393,64110L10,NFLX,43145,2020-09-17,-0.028231
89393,64110L10,NFLX,43145,2020-09-18,-0.000510
89393,64110L10,NFLX,43145,2020-09-21,0.037003
89393,64110L10,NFLX,43145,2020-09-22,0.007838
89393,64110L10,NFLX,43145,2020-09-23,-0.041859
89393,64110L10,NFLX,43145,2020-09-24,0.005249
89393,64110L10,NFLX,43145,2020-09-25,0.020715
89393,64110L10,NFLX,43145,2020-09-28,0.016091
89393,64110L10,NFLX,43145,2020-09-29,0.005768
89393,64110L10,NFLX,43145,2020-09-30,0.013273
89393,64110L10,NFLX,43145,2020-10-01,0.054957
89393,64110L10,NFLX,43145,2020-10-02,-0.046350
89393,64110L10,NFLX,43145,2020-10-05,0.034966
89393,64110L10,NFLX,43145,2020-10-06,-0.028388
89393,64110L10,NFLX,43145,2020-10-07,0.056912
89393,64110L10,NFLX,43145,2020-10-08,-0.005368
89393,64110L10,NFLX,43145,2020-10-09,0.014385
89393,64110L10,NFLX,43145,2020-10-12,0.000686
89393,64110L10,NFLX,43145,2020-10-13,0.026454
89393,64110L10,NFLX,43145,2020-10-14,-0.022812
89393,64110L10,NFLX,43145,2020-10-15,0.000905
89393,64110L10,NFLX,43145,2020-10-16,-0.020574
89393,64110L10,NFLX,43145,2020-10-19,-0.000132
89393,64110L10,NFLX,43145,2020-10-20,-0.009986
89393,64110L10,NFLX,43145,2020-10-21,-0.069221
89393,64110L10,NFLX,43145,2020-10-22,-0.007811
89393,64110L10,NFLX,43145,2020-10-23,0.006286
89393,64110L10,NFLX,43145,2020-10-26,-0.000082
89393,64110L10,NFLX,43145,2020-10-27,0.001413
89393,64110L10,NFLX,43145,2020-10-28,-0.005502
89393,64110L10,NFLX,43145,2020-10-29,0.036957
89393,64110L10,NFLX,43145,2020-10-30,-0.056465
89393,64110L10,NFLX,43145,2020-11-02,0.017615
89393,64110L10,NFLX,43145,2020-11-03,0.006403
89393,64110L10,NFLX,43145,2020-11-04,0.019970
89393,64110L10,NFLX,43145,2020-11-05,0.033826
89393,64110L10,NFLX,43145,2020-11-06,0.001888
89393,64110L10,NFLX,43145,2020-11-09,-0.085929
89393,64110L10,NFLX,43145,2020-11-10,0.020701
89393,64110L10,NFLX,43145,2020-11-11,0.021906
89393,64110L10,NFLX,43145,2020-11-12,-0.008130
89393,64110L10,NFLX,43145,2020-11-13,-0.008074
89393,64110L10,NFLX,43145,2020-11-16,-0.007746
89393,64110L10,NFLX,43145,2020-11-17,0.003193
89393,64110L10,NFLX,43145,2020-11-18,0.002413
89393,64110L10,NFLX,43145,2020-11-19,0.005978
89393,64110L10,NFLX,43145,2020-11-20,0.007366
89393,64110L10,NFLX,43145,2020-11-23,-0.023800
89393,64110L10,NFLX,43145,2020-11-24,0.013134
89393,64110L10,NFLX,43145,2020-11-25,0.004390
89393,64110L10,NFLX,43145,2020-11-27,0.013113
89393,64110L10,NFLX,43145,2020-11-30,-0.001343
89393,64110L10,NFLX,43145,2020-12-01,0.028286
89393,64110L10,NFLX,43145,2020-12-02,-0.002378
89393,64110L10,NFLX,43145,2020-12-03,-0.011641
89393,64110L10,NFLX,43145,2020-12-04,0.001588
89393,64110L10,NFLX,43145,2020-12-07,0.035058
89393,64110L10,NFLX,43145,2020-12-08,-0.006049
89393,64110L10,NFLX,43145,2020-12-09,-0.037179
89393,64110L10,NFLX,43145,2020-12-10,0.015174
89393,64110L10,NFLX,43145,2020-12-11,0.004251
89393,64110L10,NFLX,43145,2020-12-14,0.038154
89393,64110L10,NFLX,43145,2020-12-15,-0.005053
89393,64110L10,NFLX,43145,2020-12-16,0.009716
89393,64110L10,NFLX,43145,2020-12-17,0.015376
89393,64110L10,NFLX,43145,2020-12-18,0.002909
89393,64110L10,NFLX,43145,2020-12-21,-0.010366
89393,64110L10,NFLX,43145,2020-12-22,-0.002987
89393,64110L10,NFLX,43145,2020-12-23,-0.024368
89393,64110L10,NFLX,43145,2020-12-24,-0.000991
89393,64110L10,NFLX,43145,2020-12-28,0.010020
89393,64110L10,NFLX,43145,2020-12-29,0.022634
89393,64110L10,NFLX,43145,2020-12-30,-0.011830
89393,64110L10,NFLX,43145,2020-12-31,0.030767
89393,64110L10,NFLX,43145,2021-01-04,-0.033048
89393,64110L10,NFLX,43145,2021-01-05,-0.003940
89393,64110L10,NFLX,43145,2021-01-06,-0.038998
89393,64110L10,NFLX,43145,2021-01-07,0.016784
89393,64110L10,NFLX,43145,2021-01-08,0.002967
89393,64110L10,NFLX,43145,2021-01-11,-0.022139
89393,64110L10,NFLX,43145,2021-01-12,-0.009717
89393,64110L10,NFLX,43145,2021-01-13,0.027395
89393,64110L10,NFLX,43145,2021-01-14,-0.013647
89393,64110L10,NFLX,43145,2021-01-15,-0.005750
89393,64110L10,NFLX,43145,2021-01-19,0.007611
89393,64110L10,NFLX,43145,2021-01-20,0.168543
89393,64110L10,NFLX,43145,2021-01-21,-0.011086
89393,64110L10,NFLX,43145,2021-01-22,-0.025300
89393,64110L10,NFLX,43145,2021-01-25,-0.014845
89393,64110L10,NFLX,43145,2021-01-26,0.009250
89393,64110L10,NFLX,43145,2021-01-27,-0.068781
89393,64110L10,NFLX,43145,2021-01-28,0.029277
89393,64110L10,NFLX,43145,2021-01-29,-0.011530
89393,64110L10,NFLX,43145,2021-02-01,0.012491
89393,64110L10,NFLX,43145,2021-02-02,0.016919
89393,64110L10,NFLX,43145,2021-02-03,-0.015890
89393,64110L10,NFLX,43145,2021-02-04,0.023561
89393,64110L10,NFLX,43145,2021-02-05,-0.002481
89393,64110L10,NFLX,43145,2021-02-08,-0.005211
89393,64110L10,NFLX,43145,2021-02-09,0.020350
89393,64110L10,NFLX,43145,2021-02-10,0.008085
89393,64110L10,NFLX,43145,2021-02-11,-0.010646
89393,64110L10,NFLX,43145,2021-02-12,-0.001919
89393,64110L10,NFLX,43145,2021-02-16,0.001366
89393,64110L10,NFLX,43145,2021-02-17,-0.010659
89393,64110L10,NFLX,43145,2021-02-18,-0.005659
89393,64110L10,NFLX,43145,2021-02-19,-0.014593
89393,64110L10,NFLX,43145,2021-02-22,-0.011921
89393,64110L10,NFLX,43145,2021-02-23,0.023174
89393,64110L10,NFLX,43145,2021-02-24,0.013293
89393,64110L10,NFLX,43145,2021-02-25,-0.012125
89393,64110L10,NFLX,43145,2021-02-26,-0.014359
89393,64110L10,NFLX,43145,2021-03-01,0.021880
89393,64110L10,NFLX,43145,2021-03-02,-0.005121
89393,64110L10,NFLX,43145,2021-03-03,-0.049505
89393,64110L10,NFLX,43145,2021-03-04,-0.018072
89393,64110L10,NFLX,43145,2021-03-05,0.009975
89393,64110L10,NFLX,43145,2021-03-08,-0.044656
89393,64110L10,NFLX,43145,2021-03-09,0.026575
89393,64110L10,NFLX,43145,2021-03-10,-0.003752
89393,64110L10,NFLX,43145,2021-03-11,0.036707
89393,64110L10,NFLX,43145,2021-03-12,-0.009636
89393,64110L10,NFLX,43145,2021-03-15,0.004305
89393,64110L10,NFLX,43145,2021-03-16,0.007266
89393,64110L10,NFLX,43145,2021-03-17,0.000782
89393,64110L10,NFLX,43145,2021-03-18,-0.037469
89393,64110L10,NFLX,43145,2021-03-19,0.014640
89393,64110L10,NFLX,43145,2021-03-22,0.021340
89393,64110L10,NFLX,43145,2021-03-23,0.022901
89393,64110L10,NFLX,43145,2021-03-24,-0.026687
89393,64110L10,NFLX,43145,2021-03-25,-0.034466
89393,64110L10,NFLX,43145,2021-03-26,0.010321
89393,64110L10,NFLX,43145,2021-03-29,0.011613
89393,64110L10,NFLX,43145,2021-03-30,-0.001090
89393,64110L10,NFLX,43145,2021-03-31,0.016109
89393,64110L10,NFLX,43145,2021-04-01,0.034045
89393,64110L10,NFLX,43145,2021-04-05,0.002317
89393,64110L10,NFLX,43145,2021-04-06,0.007139
89393,64110L10,NFLX,43145,2021-04-07,0.004518
89393,64110L10,NFLX,43145,2021-04-08,0.013876
89393,64110L10,NFLX,43145,2021-04-09,0.001316
89393,64110L10,NFLX,43145,2021-04-12,-0.004556
89393,64110L10,NFLX,43145,2021-04-13,0.001719
89393,64110L10,NFLX,43145,2021-04-14,-0.024759
89393,64110L10,NFLX,43145,2021-04-15,0.017036
89393,64110L10,NFLX,43145,2021-04-16,-0.004880
89393,64110L10,NFLX,43145,2021-04-19,0.014455
89393,64110L10,NFLX,43145,2021-04-20,-0.008784
89393,64110L10,NFLX,43145,2021-04-21,-0.074003
89393,64110L10,NFLX,43145,2021-04-22,-0.000236
89393,64110L10,NFLX,43145,2021-04-23,-0.006349
89393,64110L10,NFLX,43145,2021-04-26,0.009396
89393,64110L10,NFLX,43145,2021-04-27,-0.009308
89393,64110L10,NFLX,43145,2021-04-28,0.001919
89393,64110L10,NFLX,43145,2021-04-29,0.004896
89393,64110L10,NFLX,43145,2021-04-30,0.008782
89393,64110L10,NFLX,43145,2021-05-03,-0.008491
89393,64110L10,NFLX,43145,2021-05-04,-0.011648
89393,64110L10,NFLX,43145,2021-05-05,-0.014110
89393,64110L10,NFLX,43145,2021-05-06,0.006995
89393,64110L10,NFLX,43145,2021-05-07,0.008588
89393,64110L10,NFLX,43145,2021-05-10,-0.034039
89393,64110L10,NFLX,43145,2021-05-11,0.017239
89393,64110L10,NFLX,43145,2021-05-12,-0.020401
89393,64110L10,NFLX,43145,2021-05-13,0.003464
89393,64110L10,NFLX,43145,2021-05-14,0.013788
89393,64110L10,NFLX,43145,2021-05-17,-0.008979
89393,64110L10,NFLX,43145,2021-05-18,-0.005440
89393,64110L10,NFLX,43145,2021-05-19,0.002920
89393,64110L10,NFLX,43145,2021-05-20,0.028645
89393,64110L10,NFLX,43145,2021-05-21,-0.007535
89393,64110L10,NFLX,43145,2021-05-24,0.010062
89393,64110L10,NFLX,43145,2021-05-25,-0.003102
89393,64110L10,NFLX,43145,2021-05-26,0.002035
89393,64110L10,NFLX,43145,2021-05-27,0.002986
89393,64110L10,NFLX,43145,2021-05-28,-0.002084
89393,64110L10,NFLX,43145,2021-06-01,-0.007418
89393,64110L10,NFLX,43145,2021-06-02,0.000321
89393,64110L10,NFLX,43145,2021-06-03,-0.019650
89393,64110L10,NFLX,43145,2021-06-04,0.010849
89393,64110L10,NFLX,43145,2021-06-07,-0.000162
89393,64110L10,NFLX,43145,2021-06-08,-0.004589
89393,64110L10,NFLX,43145,2021-06-09,-0.013363
89393,64110L10,NFLX,43145,2021-06-10,0.003005
89393,64110L10,NFLX,43145,2021-06-11,0.003078
89393,64110L10,NFLX,43145,2021-06-14,0.022751
89393,64110L10,NFLX,43145,2021-06-15,-0.015984
89393,64110L10,NFLX,43145,2021-06-16,0.001037
89393,64110L10,NFLX,43145,2021-06-17,0.012043
89393,64110L10,NFLX,43145,2021-06-18,0.004876
89393,64110L10,NFLX,43145,2021-06-21,-0.007528
89393,64110L10,NFLX,43145,2021-06-22,0.023783
89393,64110L10,NFLX,43145,2021-06-23,0.007704
89393,64110L10,NFLX,43145,2021-06-24,0.010376
89393,64110L10,NFLX,43145,2021-06-25,0.017392
89393,64110L10,NFLX,43145,2021-06-28,0.011308
89393,64110L10,NFLX,43145,2021-06-29,0.000882
89393,64110L10,NFLX,43145,2021-06-30,-0.009916
89393,64110L10,NFLX,43145,2021-07-01,0.010091
89393,64110L10,NFLX,43145,2021-07-02,0.000825
89393,64110L10,NFLX,43145,2021-07-06,0.014345
89393,64110L10,NFLX,43145,2021-07-07,-0.010487
89393,64110L10,NFLX,43145,2021-07-08,-0.009702
89393,64110L10,NFLX,43145,2021-07-09,0.009835
89393,64110L10,NFLX,43145,2021-07-12,0.002481
89393,64110L10,NFLX,43145,2021-07-13,0.006272
89393,64110L10,NFLX,43145,2021-07-14,0.013446
89393,64110L10,NFLX,43145,2021-07-15,-0.009125
89393,64110L10,NFLX,43145,2021-07-16,-0.023280
89393,64110L10,NFLX,43145,2021-07-19,0.003715
89393,64110L10,NFLX,43145,2021-07-20,-0.002311
89393,64110L10,NFLX,43145,2021-07-21,-0.032803
89393,64110L10,NFLX,43145,2021-07-22,-0.003621
89393,64110L10,NFLX,43145,2021-07-23,0.007113
89393,64110L10,NFLX,43145,2021-07-26,0.002095
89393,64110L10,NFLX,43145,2021-07-27,0.004685
89393,64110L10,NFLX,43145,2021-07-28,0.000752
89393,64110L10,NFLX,43145,2021-07-29,-0.009725
89393,64110L10,NFLX,43145,2021-07-30,0.006456
89393,64110L10,NFLX,43145,2021-08-02,-0.004676
89393,64110L10,NFLX,43145,2021-08-03,-0.008405
89393,64110L10,NFLX,43145,2021-08-04,0.012783
89393,64110L10,NFLX,43145,2021-08-05,0.014574
89393,64110L10,NFLX,43145,2021-08-06,-0.008268
89393,64110L10,NFLX,43145,2021-08-09,-0.001114
89393,64110L10,NFLX,43145,2021-08-10,-0.007943
89393,64110L10,NFLX,43145,2021-08-11,-0.006669
89393,64110L10,NFLX,43145,2021-08-12,-0.003279
89393,64110L10,NFLX,43145,2021-08-13,0.010182
89393,64110L10,NFLX,43145,2021-08-16,0.003877
89393,64110L10,NFLX,43145,2021-08-17,0.001911
89393,64110L10,NFLX,43145,2021-08-18,0.005704
89393,64110L10,NFLX,43145,2021-08-19,0.041850
89393,64110L10,NFLX,43145,2021-08-20,0.005830
89393,64110L10,NFLX,43145,2021-08-23,0.011794
89393,64110L10,NFLX,43145,2021-08-24,0.000145
89393,64110L10,NFLX,43145,2021-08-25,-0.010535
89393,64110L10,NFLX,43145,2021-08-26,0.004639
89393,64110L10,NFLX,43145,2021-08-27,0.015997
89393,64110L10,NFLX,43145,2021-08-30,0.012989
89393,64110L10,NFLX,43145,2021-08-31,0.005316
89393,64110L10,NFLX,43145,2021-09-01,0.022629
89393,64110L10,NFLX,43145,2021-09-02,0.011133
89393,64110L10,NFLX,43145,2021-09-03,0.003364
89393,64110L10,NFLX,43145,2021-09-07,0.027399
89393,64110L10,NFLX,43145,2021-09-08,-0.001088
89393,64110L10,NFLX,43145,2021-09-09,-0.014042
89393,64110L10,NFLX,43145,2021-09-10,0.001975
89393,64110L10,NFLX,43145,2021-09-13,-0.015750
89393,64110L10,NFLX,43145,2021-09-14,-0.019566
89393,64110L10,NFLX,43145,2021-09-15,0.008845
89393,64110L10,NFLX,43145,2021-09-16,0.006228
89393,64110L10,NFLX,43145,2021-09-17,0.004859
89393,64110L10,NFLX,43145,2021-09-20,-0.023619
89393,64110L10,NFLX,43145,2021-09-21,-0.003980
89393,64110L10,NFLX,43145,2021-09-22,0.030551
89393,64110L10,NFLX,43145,2021-09-23,0.004419
89393,64110L10,NFLX,43145,2021-09-24,-0.001466
89393,64110L10,NFLX,43145,2021-09-27,0.000422
89393,64110L10,NFLX,43145,2021-09-28,-0.014832
89393,64110L10,NFLX,43145,2021-09-29,0.026051
89393,64110L10,NFLX,43145,2021-09-30,0.018829
89393,64110L10,NFLX,43145,2021-10-01,0.004604
89393,64110L10,NFLX,43145,2021-10-04,-0.015983
89393,64110L10,NFLX,43145,2021-10-05,0.052142
89393,64110L10,NFLX,43145,2021-10-06,0.006758
89393,64110L10,NFLX,43145,2021-10-07,-0.011344
89393,64110L10,NFLX,43145,2021-10-08,0.001282
89393,64110L10,NFLX,43145,2021-10-11,-0.008883
89393,64110L10,NFLX,43145,2021-10-12,-0.003349
89393,64110L10,NFLX,43145,2021-10-13,0.007713
89393,64110L10,NFLX,43145,2021-10-14,0.006415
89393,64110L10,NFLX,43145,2021-10-15,-0.008694
89393,64110L10,NFLX,43145,2021-10-18,0.015407
89393,64110L10,NFLX,43145,2021-10-19,0.001614
89393,64110L10,NFLX,43145,2021-10-20,-0.021690
89393,64110L10,NFLX,43145,2021-10-21,0.044822
89393,64110L10,NFLX,43145,2021-10-22,0.017790
89393,64110L10,NFLX,43145,2021-10-25,0.010349
89393,64110L10,NFLX,43145,2021-10-26,-0.004675
89393,64110L10,NFLX,43145,2021-10-27,-0.008377
89393,64110L10,NFLX,43145,2021-10-28,0.016789
89393,64110L10,NFLX,43145,2021-10-29,0.024123
89393,64110L10,NFLX,43145,2021-11-01,-0.013240
89393,64110L10,NFLX,43145,2021-11-02,-0.005065
89393,64110L10,NFLX,43145,2021-11-03,0.015596
89393,64110L10,NFLX,43145,2021-11-04,-0.028898
89393,64110L10,NFLX,43145,2021-11-05,-0.033932
89393,64110L10,NFLX,43145,2021-11-08,0.008874
89393,64110L10,NFLX,43145,2021-11-09,0.006969
89393,64110L10,NFLX,43145,2021-11-10,-0.013842
89393,64110L10,NFLX,43145,2021-11-11,0.016494
89393,64110L10,NFLX,43145,2021-11-12,0.038064
89393,64110L10,NFLX,43145,2021-11-15,-0.004805
89393,64110L10,NFLX,43145,2021-11-16,0.011879
89393,64110L10,NFLX,43145,2021-11-17,0.006241
89393,64110L10,NFLX,43145,2021-11-18,-0.013980
89393,64110L10,NFLX,43145,2021-11-19,-0.004721
89393,64110L10,NFLX,43145,2021-11-22,-0.028874
89393,64110L10,NFLX,43145,2021-11-23,-0.007797
89393,64110L10,NFLX,43145,2021-11-24,0.006467
89393,64110L10,NFLX,43145,2021-11-26,0.011165
89393,64110L10,NFLX,43145,2021-11-29,-0.002704
89393,64110L10,NFLX,43145,2021-11-30,-0.033050
89393,64110L10,NFLX,43145,2021-12-01,-0.037592
89393,64110L10,NFLX,43145,2021-12-02,-0.002104
89393,64110L10,NFLX,43145,2021-12-03,-0.023261
89393,64110L10,NFLX,43145,2021-12-06,0.017538
89393,64110L10,NFLX,43145,2021-12-07,0.021038
89393,64110L10,NFLX,43145,2021-12-08,0.003996
89393,64110L10,NFLX,43145,2021-12-09,-0.027194
89393,64110L10,NFLX,43145,2021-12-10,0.001080
89393,64110L10,NFLX,43145,2021-12-13,-0.011608
89393,64110L10,NFLX,43145,2021-12-14,-0.010867
89393,64110L10,NFLX,43145,2021-12-15,0.011789
89393,64110L10,NFLX,43145,2021-12-16,-0.023106
89393,64110L10,NFLX,43145,2021-12-17,-0.007326
89393,64110L10,NFLX,43145,2021-12-20,0.011948
89393,64110L10,NFLX,43145,2021-12-21,0.018830
89393,64110L10,NFLX,43145,2021-12-22,0.015407
89393,64110L10,NFLX,43145,2021-12-23,-0.000244
89393,64110L10,NFLX,43145,2021-12-27,-0.001580
89393,64110L10,NFLX,43145,2021-12-28,-0.003931
89393,64110L10,NFLX,43145,2021-12-29,-0.000278
89393,64110L10,NFLX,43145,2021-12-30,0.002539
89393,64110L10,NFLX,43145,2021-12-31,-0.015766
89393,64110L10,NFLX,43145,2022-01-03,-0.008416
89393,64110L10,NFLX,43145,2022-01-04,-0.010412
89393,64110L10,NFLX,43145,2022-01-05,-0.039973
89393,64110L10,NFLX,43145,2022-01-06,-0.025074
89393,64110L10,NFLX,43145,2022-01-07,-0.022104
89393,64110L10,NFLX,43145,2022-01-10,-0.002236
89393,64110L10,NFLX,43145,2022-01-11,0.001834
89393,64110L10,NFLX,43145,2022-01-12,-0.006693
89393,64110L10,NFLX,43145,2022-01-13,-0.033543
89393,64110L10,NFLX,43145,2022-01-14,0.012500
89393,64110L10,NFLX,43145,2022-01-18,-0.028325
89393,64110L10,NFLX,43145,2022-01-19,0.009906
89393,64110L10,NFLX,43145,2022-01-20,-0.014752
89393,64110L10,NFLX,43145,2022-01-21,-0.217905
89393,64110L10,NFLX,43145,2022-01-24,-0.026038
89393,64110L10,NFLX,43145,2022-01-25,-0.053545
89393,64110L10,NFLX,43145,2022-01-26,-0.018340
89393,64110L10,NFLX,43145,2022-01-27,0.075063
89393,64110L10,NFLX,43145,2022-01-28,-0.006051
89393,64110L10,NFLX,43145,2022-01-31,0.111302
89393,64110L10,NFLX,43145,2022-02-01,0.070211
89393,64110L10,NFLX,43145,2022-02-02,-0.060486
89393,64110L10,NFLX,43145,2022-02-03,-0.055602
89393,64110L10,NFLX,43145,2022-02-04,0.011267
89393,64110L10,NFLX,43145,2022-02-07,-0.019675
89393,64110L10,NFLX,43145,2022-02-08,0.003556
89393,64110L10,NFLX,43145,2022-02-09,0.023195
89393,64110L10,NFLX,43145,2022-02-10,-0.016033
89393,64110L10,NFLX,43145,2022-02-11,-0.036823
89393,64110L10,NFLX,43145,2022-02-14,0.013442
89393,64110L10,NFLX,43145,2022-02-15,0.027460
89393,64110L10,NFLX,43145,2022-02-16,-0.023021
89393,64110L10,NFLX,43145,2022-02-17,-0.028663
89393,64110L10,NFLX,43145,2022-02-18,0.011948
89393,64110L10,NFLX,43145,2022-02-22,-0.035549
89393,64110L10,NFLX,43145,2022-02-23,-0.026287
89393,64110L10,NFLX,43145,2022-02-24,0.061422
89393,64110L10,NFLX,43145,2022-02-25,0.001974
89393,64110L10,NFLX,43145,2022-02-28,0.009519
89393,64110L10,NFLX,43145,2022-03-01,-0.020988
89393,64110L10,NFLX,43145,2022-03-02,-0.016078
89393,64110L10,NFLX,43145,2022-03-03,-0.031471
89393,64110L10,NFLX,43145,2022-03-04,-0.017225
89393,64110L10,NFLX,43145,2022-03-07,-0.031709
89393,64110L10,NFLX,43145,2022-03-08,-0.024268
89393,64110L10,NFLX,43145,2022-03-09,0.049830
89393,64110L10,NFLX,43145,2022-03-10,-0.005630
89393,64110L10,NFLX,43145,2022-03-11,-0.046108
89393,64110L10,NFLX,43145,2022-03-14,-0.027357
89393,64110L10,NFLX,43145,2022-03-15,0.038488
89393,64110L10,NFLX,43145,2022-03-16,0.040087
89393,64110L10,NFLX,43145,2022-03-17,0.038794
89393,64110L10,NFLX,43145,2022-03-18,0.024771
89393,64110L10,NFLX,43145,2022-03-21,-0.015791
89393,64110L10,NFLX,43145,2022-03-22,0.022238
89393,64110L10,NFLX,43145,2022-03-23,-0.022015
89393,64110L10,NFLX,43145,2022-03-24,0.003258
89393,64110L10,NFLX,43145,2022-03-25,-0.004951
89393,64110L10,NFLX,43145,2022-03-28,0.012465
89393,64110L10,NFLX,43145,2022-03-29,0.035164
89393,64110L10,NFLX,43145,2022-03-30,-0.026415
89393,64110L10,NFLX,43145,2022-03-31,-0.018035
89393,64110L10,NFLX,43145,2022-04-01,-0.002990
89393,64110L10,NFLX,43145,2022-04-04,0.048277
89393,64110L10,NFLX,43145,2022-04-05,-0.028991
89393,64110L10,NFLX,43145,2022-04-06,-0.031040
89393,64110L10,NFLX,43145,2022-04-07,-0.016832
89393,64110L10,NFLX,43145,2022-04-08,-0.017313
89393,64110L10,NFLX,43145,2022-04-11,-0.022142
89393,64110L10,NFLX,43145,2022-04-12,-0.011207
89393,64110L10,NFLX,43145,2022-04-13,0.018396
89393,64110L10,NFLX,43145,2022-04-14,-0.026539
89393,64110L10,NFLX,43145,2022-04-18,-0.009586
89393,64110L10,NFLX,43145,2022-04-19,0.031818
89393,64110L10,NFLX,43145,2022-04-20,-0.351166
89393,64110L10,NFLX,43145,2022-04-21,-0.035236
89393,64110L10,NFLX,43145,2022-04-22,-0.012373
89393,64110L10,NFLX,43145,2022-04-25,-0.026030
89393,64110L10,NFLX,43145,2022-04-26,-0.054833
89393,64110L10,NFLX,43145,2022-04-27,-0.049698
89393,64110L10,NFLX,43145,2022-04-28,0.058237
89393,64110L10,NFLX,43145,2022-04-29,-0.045910
89393,64110L10,NFLX,43145,2022-05-02,0.047804
89393,64110L10,NFLX,43145,2022-05-03,0.002056
89393,64110L10,NFLX,43145,2022-05-04,0.020713
89393,64110L10,NFLX,43145,2022-05-05,-0.076908
89393,64110L10,NFLX,43145,2022-05-06,-0.039029
89393,64110L10,NFLX,43145,2022-05-09,-0.043488
89393,64110L10,NFLX,43145,2022-05-10,0.026343
89393,64110L10,NFLX,43145,2022-05-11,-0.063548
89393,64110L10,NFLX,43145,2022-05-12,0.047725
89393,64110L10,NFLX,43145,2022-05-13,0.076473
89393,64110L10,NFLX,43145,2022-05-16,-0.006022
89393,64110L10,NFLX,43145,2022-05-17,0.021715
89393,64110L10,NFLX,43145,2022-05-18,-0.070162
89393,64110L10,NFLX,43145,2022-05-19,0.035499
89393,64110L10,NFLX,43145,2022-05-20,0.015642
89393,64110L10,NFLX,43145,2022-05-23,0.005849
89393,64110L10,NFLX,43145,2022-05-24,-0.037879
89393,64110L10,NFLX,43145,2022-05-25,0.041533
89393,64110L10,NFLX,43145,2022-05-26,0.019007
89393,64110L10,NFLX,43145,2022-05-27,0.019801
89393,64110L10,NFLX,43145,2022-05-31,0.011527
89393,64110L10,NFLX,43145,2022-06-01,-0.022944
89393,64110L10,NFLX,43145,2022-06-02,0.063138
89393,64110L10,NFLX,43145,2022-06-03,-0.029792
89393,64110L10,NFLX,43145,2022-06-06,-0.009247
89393,64110L10,NFLX,43145,2022-06-07,0.007457
89393,64110L10,NFLX,43145,2022-06-08,0.021248
89393,64110L10,NFLX,43145,2022-06-09,-0.049598
89393,64110L10,NFLX,43145,2022-06-10,-0.050993
89393,64110L10,NFLX,43145,2022-06-13,-0.072428
89393,64110L10,NFLX,43145,2022-06-14,-0.012670
89393,64110L10,NFLX,43145,2022-06-15,0.075027
89393,64110L10,NFLX,43145,2022-06-16,-0.037533
89393,64110L10,NFLX,43145,2022-06-17,0.012460
89393,64110L10,NFLX,43145,2022-06-21,-0.026209
89393,64110L10,NFLX,43145,2022-06-22,0.046691
89393,64110L10,NFLX,43145,2022-06-23,0.015764
89393,64110L10,NFLX,43145,2022-06-24,0.050300
89393,64110L10,NFLX,43145,2022-06-27,-0.008960
89393,64110L10,NFLX,43145,2022-06-28,-0.050439
89393,64110L10,NFLX,43145,2022-06-29,-0.006904
89393,64110L10,NFLX,43145,2022-06-30,-0.019567
89393,64110L10,NFLX,43145,2022-07-01,0.029050
89393,64110L10,NFLX,43145,2022-07-05,0.032954
89393,64110L10,NFLX,43145,2022-07-06,-0.009791
89393,64110L10,NFLX,43145,2022-07-07,0.028306
89393,64110L10,NFLX,43145,2022-07-08,-0.012126
89393,64110L10,NFLX,43145,2022-07-11,-0.051531
89393,64110L10,NFLX,43145,2022-07-12,-0.016296
89393,64110L10,NFLX,43145,2022-07-13,0.012095
89393,64110L10,NFLX,43145,2022-07-14,-0.010082
89393,64110L10,NFLX,43145,2022-07-15,0.081989
89393,64110L10,NFLX,43145,2022-07-18,0.009571
89393,64110L10,NFLX,43145,2022-07-19,0.056097
89393,64110L10,NFLX,43145,2022-07-20,0.073451
89393,64110L10,NFLX,43145,2022-07-21,0.034374
89393,64110L10,NFLX,43145,2022-07-22,-0.015365
89393,64110L10,NFLX,43145,2022-07-25,-0.008755
89393,64110L10,NFLX,43145,2022-07-26,-0.021052
89393,64110L10,NFLX,43145,2022-07-27,0.060025
89393,64110L10,NFLX,43145,2022-07-28,-0.003219
89393,64110L10,NFLX,43145,2022-07-29,-0.004955
89393,64110L10,NFLX,43145,2022-08-01,0.005825
89393,64110L10,NFLX,43145,2022-08-02,-0.021175
89393,64110L10,NFLX,43145,2022-08-03,0.023982
89393,64110L10,NFLX,43145,2022-08-04,0.014025
89393,64110L10,NFLX,43145,2022-08-05,-0.013614
89393,64110L10,NFLX,43145,2022-08-08,0.029588
89393,64110L10,NFLX,43145,2022-08-09,-0.015204
89393,64110L10,NFLX,43145,2022-08-10,0.061625
89393,64110L10,NFLX,43145,2022-08-11,-0.005776
89393,64110L10,NFLX,43145,2022-08-12,0.027194
89393,64110L10,NFLX,43145,2022-08-15,-0.000762
89393,64110L10,NFLX,43145,2022-08-16,-0.013729
89393,64110L10,NFLX,43145,2022-08-17,-0.018479
89393,64110L10,NFLX,43145,2022-08-18,0.016670
89393,64110L10,NFLX,43145,2022-08-19,-0.016356
89393,64110L10,NFLX,43145,2022-08-22,-0.060624
89393,64110L10,NFLX,43145,2022-08-23,-0.008784
89393,64110L10,NFLX,43145,2022-08-24,0.022534
89393,64110L10,NFLX,43145,2022-08-25,0.019032
89393,64110L10,NFLX,43145,2022-08-26,-0.045730
89393,64110L10,NFLX,43145,2022-08-29,0.005777
89393,64110L10,NFLX,43145,2022-08-30,-0.017456
89393,64110L10,NFLX,43145,2022-08-31,0.013188
89393,64110L10,NFLX,43145,2022-09-01,0.028986
89393,64110L10,NFLX,43145,2022-09-02,-0.017084
89393,64110L10,NFLX,43145,2022-09-06,-0.034143
89393,64110L10,NFLX,43145,2022-09-07,0.048400
89393,64110L10,NFLX,43145,2022-09-08,-0.006639
89393,64110L10,NFLX,43145,2022-09-09,0.026952
89393,64110L10,NFLX,43145,2022-09-12,0.012673
89393,64110L10,NFLX,43145,2022-09-13,-0.077791
89393,64110L10,NFLX,43145,2022-09-14,0.027461
89393,64110L10,NFLX,43145,2022-09-15,0.050241
89393,64110L10,NFLX,43145,2022-09-16,0.020180
89393,64110L10,NFLX,43145,2022-09-19,0.014575
89393,64110L10,NFLX,43145,2022-09-20,-0.003202
89393,64110L10,NFLX,43145,2022-09-21,-0.024624
89393,64110L10,NFLX,43145,2022-09-22,0.000760
89393,64110L10,NFLX,43145,2022-09-23,-0.044885
89393,64110L10,NFLX,43145,2022-09-26,-0.010335
89393,64110L10,NFLX,43145,2022-09-27,0.001294
89393,64110L10,NFLX,43145,2022-09-28,0.092886
89393,64110L10,NFLX,43145,2022-09-29,-0.022390
89393,64110L10,NFLX,43145,2022-09-30,-0.017813
89393,64110L10,NFLX,43145,2022-10-03,0.015291
89393,64110L10,NFLX,43145,2022-10-04,0.007112
89393,64110L10,NFLX,43145,2022-10-05,-0.016657
89393,64110L10,NFLX,43145,2022-10-06,0.013898
89393,64110L10,NFLX,43145,2022-10-07,-0.063620
89393,64110L10,NFLX,43145,2022-10-10,0.023270
89393,64110L10,NFLX,43145,2022-10-11,-0.068223
89393,64110L10,NFLX,43145,2022-10-12,0.030706
89393,64110L10,NFLX,43145,2022-10-13,0.052701
89393,64110L10,NFLX,43145,2022-10-14,-0.010795
89393,64110L10,NFLX,43145,2022-10-17,0.065652
89393,64110L10,NFLX,43145,2022-10-18,-0.017299
89393,64110L10,NFLX,43145,2022-10-19,0.130864
89393,64110L10,NFLX,43145,2022-10-20,-0.015493
89393,64110L10,NFLX,43145,2022-10-21,0.079840
89393,64110L10,NFLX,43145,2022-10-24,-0.024588
89393,64110L10,NFLX,43145,2022-10-25,0.030342
89393,64110L10,NFLX,43145,2022-10-26,0.026115
89393,64110L10,NFLX,43145,2022-10-27,-0.005626
89393,64110L10,NFLX,43145,2022-10-28,-0.004109
89393,64110L10,NFLX,43145,2022-10-31,-0.012985
89393,64110L10,NFLX,43145,2022-11-01,-0.017576
89393,64110L10,NFLX,43145,2022-11-02,-0.047951
89393,64110L10,NFLX,43145,2022-11-03,-0.014432
89393,64110L10,NFLX,43145,2022-11-04,-0.030737
89393,64110L10,NFLX,43145,2022-11-07,-0.008398
89393,64110L10,NFLX,43145,2022-11-08,0.018794
89393,64110L10,NFLX,43145,2022-11-09,-0.033402
89393,64110L10,NFLX,43145,2022-11-10,0.079753
89393,64110L10,NFLX,43145,2022-11-11,0.055133
89393,64110L10,NFLX,43145,2022-11-14,0.031503
89393,64110L10,NFLX,43145,2022-11-15,0.036522
89393,64110L10,NFLX,43145,2022-11-16,-0.013475
89393,64110L10,NFLX,43145,2022-11-17,-0.035096
89393,64110L10,NFLX,43145,2022-11-18,-0.024722
89393,64110L10,NFLX,43145,2022-11-21,-0.010174
89393,64110L10,NFLX,43145,2022-11-22,0.005753
89393,64110L10,NFLX,43145,2022-11-23,0.016778
89393,64110L10,NFLX,43145,2022-11-25,-0.020446
89393,64110L10,NFLX,43145,2022-11-28,-0.015304
89393,64110L10,NFLX,43145,2022-11-29,-0.000747
89393,64110L10,NFLX,43145,2022-11-30,0.087450
89393,64110L10,NFLX,43145,2022-12-01,0.037378
89393,64110L10,NFLX,43145,2022-12-02,0.010917
89393,64110L10,NFLX,43145,2022-12-05,-0.024406
89393,64110L10,NFLX,43145,2022-12-06,-0.022490
89393,64110L10,NFLX,43145,2022-12-07,0.009360
89393,64110L10,NFLX,43145,2022-12-08,0.005966
89393,64110L10,NFLX,43145,2022-12-09,0.031425
89393,64110L10,NFLX,43145,2022-12-12,-0.015093
89393,64110L10,NFLX,43145,2022-12-13,0.016372
89393,64110L10,NFLX,43145,2022-12-14,-0.007835
89393,64110L10,NFLX,43145,2022-12-15,-0.086273
89393,64110L10,NFLX,43145,2022-12-16,0.001033
89393,64110L10,NFLX,43145,2022-12-19,-0.008290
89393,64110L10,NFLX,43145,2022-12-20,-0.000382
89393,64110L10,NFLX,43145,2022-12-21,0.033901
89393,64110L10,NFLX,43145,2022-12-22,-0.000705
89393,64110L10,NFLX,43145,2022-12-23,-0.009353
89393,64110L10,NFLX,43145,2022-12-27,-0.036598
89393,64110L10,NFLX,43145,2022-12-28,-0.025654
89393,64110L10,NFLX,43145,2022-12-29,0.051430
89393,64110L10,NFLX,43145,2022-12-30,0.012916
91103,91004710,UAL,21793,2018-01-02,0.022849
91103,91004710,UAL,21793,2018-01-03,-0.006527
91103,91004710,UAL,21793,2018-01-04,0.011243
91103,91004710,UAL,21793,2018-01-05,0.001444
91103,91004710,UAL,21793,2018-01-08,-0.012255
91103,91004710,UAL,21793,2018-01-09,-0.000438
91103,91004710,UAL,21793,2018-01-10,0.067173
91103,91004710,UAL,21793,2018-01-11,0.046114
91103,91004710,UAL,21793,2018-01-12,0.025507
91103,91004710,UAL,21793,2018-01-16,-0.011607
91103,91004710,UAL,21793,2018-01-17,-0.011743
91103,91004710,UAL,21793,2018-01-18,-0.003656
91103,91004710,UAL,21793,2018-01-19,0.002621
91103,91004710,UAL,21793,2018-01-22,0.004837
91103,91004710,UAL,21793,2018-01-23,0.014310
91103,91004710,UAL,21793,2018-01-24,-0.114403
91103,91004710,UAL,21793,2018-01-25,-0.043012
91103,91004710,UAL,21793,2018-01-26,0.007264
91103,91004710,UAL,21793,2018-01-29,-0.011719
91103,91004710,UAL,21793,2018-01-30,0.018699
91103,91004710,UAL,21793,2018-01-31,0.012088
91103,91004710,UAL,21793,2018-02-01,-0.009879
91103,91004710,UAL,21793,2018-02-02,-0.021891
91103,91004710,UAL,21793,2018-02-05,-0.034714
91103,91004710,UAL,21793,2018-02-06,0.008675
91103,91004710,UAL,21793,2018-02-07,0.022048
91103,91004710,UAL,21793,2018-02-08,-0.030447
91103,91004710,UAL,21793,2018-02-09,-0.006154
91103,91004710,UAL,21793,2018-02-12,0.018419
91103,91004710,UAL,21793,2018-02-13,0.024322
91103,91004710,UAL,21793,2018-02-14,-0.000304
91103,91004710,UAL,21793,2018-02-15,0.016139
91103,91004710,UAL,21793,2018-02-16,-0.003296
91103,91004710,UAL,21793,2018-02-20,0.001052
91103,91004710,UAL,21793,2018-02-21,0.006157
91103,91004710,UAL,21793,2018-02-22,-0.004478
91103,91004710,UAL,21793,2018-02-23,0.013043
91103,91004710,UAL,21793,2018-02-26,0.025011
91103,91004710,UAL,21793,2018-02-27,-0.020214
91103,91004710,UAL,21793,2018-02-28,-0.001032
91103,91004710,UAL,21793,2018-03-01,-0.003688
91103,91004710,UAL,21793,2018-03-02,-0.000444
91103,91004710,UAL,21793,2018-03-05,-0.004444
91103,91004710,UAL,21793,2018-03-06,0.004612
91103,91004710,UAL,21793,2018-03-07,0.004295
91103,91004710,UAL,21793,2018-03-08,0.030379
91103,91004710,UAL,21793,2018-03-09,0.024045
91103,91004710,UAL,21793,2018-03-12,0.006289
91103,91004710,UAL,21793,2018-03-13,0.008333
91103,91004710,UAL,21793,2018-03-14,-0.025620
91103,91004710,UAL,21793,2018-03-15,-0.008482
91103,91004710,UAL,21793,2018-03-16,0.010550
91103,91004710,UAL,21793,2018-03-19,-0.010581
91103,91004710,UAL,21793,2018-03-20,0.004991
91103,91004710,UAL,21793,2018-03-21,-0.007662
91103,91004710,UAL,21793,2018-03-22,-0.021304
91103,91004710,UAL,21793,2018-03-23,-0.015486
91103,91004710,UAL,21793,2018-03-26,0.016175
91103,91004710,UAL,21793,2018-03-27,-0.004381
91103,91004710,UAL,21793,2018-03-28,-0.003960
91103,91004710,UAL,21793,2018-03-29,0.022972
91103,91004710,UAL,21793,2018-04-02,-0.038866
91103,91004710,UAL,21793,2018-04-03,0.036244
91103,91004710,UAL,21793,2018-04-04,0.011562
91103,91004710,UAL,21793,2018-04-05,0.010001
91103,91004710,UAL,21793,2018-04-06,-0.029141
91103,91004710,UAL,21793,2018-04-09,-0.001603
91103,91004710,UAL,21793,2018-04-10,-0.013573
91103,91004710,UAL,21793,2018-04-11,-0.040243
91103,91004710,UAL,21793,2018-04-12,0.018961
91103,91004710,UAL,21793,2018-04-13,0.006657
91103,91004710,UAL,21793,2018-04-16,0.011572
91103,91004710,UAL,21793,2018-04-17,0.000446
91103,91004710,UAL,21793,2018-04-18,0.048114
91103,91004710,UAL,21793,2018-04-19,-0.004959
91103,91004710,UAL,21793,2018-04-20,0.021643
91103,91004710,UAL,21793,2018-04-23,-0.019791
91103,91004710,UAL,21793,2018-04-24,-0.019622
91103,91004710,UAL,21793,2018-04-25,-0.006381
91103,91004710,UAL,21793,2018-04-26,-0.027587
91103,91004710,UAL,21793,2018-04-27,0.018613
91103,91004710,UAL,21793,2018-04-30,-0.004716
91103,91004710,UAL,21793,2018-05-01,0.012437
91103,91004710,UAL,21793,2018-05-02,-0.006727
91103,91004710,UAL,21793,2018-05-03,-0.005889
91103,91004710,UAL,21793,2018-05-04,0.011848
91103,91004710,UAL,21793,2018-05-07,-0.011710
91103,91004710,UAL,21793,2018-05-08,0.002962
91103,91004710,UAL,21793,2018-05-09,-0.028352
91103,91004710,UAL,21793,2018-05-10,0.003343
91103,91004710,UAL,21793,2018-05-11,0.013632
91103,91004710,UAL,21793,2018-05-14,-0.004184
91103,91004710,UAL,21793,2018-05-15,0.020858
91103,91004710,UAL,21793,2018-05-16,0.025136
91103,91004710,UAL,21793,2018-05-17,-0.003585
91103,91004710,UAL,21793,2018-05-18,-0.015398
91103,91004710,UAL,21793,2018-05-21,0.024116
91103,91004710,UAL,21793,2018-05-22,-0.001142
91103,91004710,UAL,21793,2018-05-23,-0.006429
91103,91004710,UAL,21793,2018-05-24,0.013374
91103,91004710,UAL,21793,2018-05-25,0.017170
91103,91004710,UAL,21793,2018-05-29,-0.030134
91103,91004710,UAL,21793,2018-05-30,0.004028
91103,91004710,UAL,21793,2018-05-31,-0.003009
91103,91004710,UAL,21793,2018-06-01,-0.004886
91103,91004710,UAL,21793,2018-06-04,0.010542
91103,91004710,UAL,21793,2018-06-05,-0.009431
91103,91004710,UAL,21793,2018-06-06,0.015003
91103,91004710,UAL,21793,2018-06-07,-0.011654
91103,91004710,UAL,21793,2018-06-08,0.006471
91103,91004710,UAL,21793,2018-06-11,0.030862
91103,91004710,UAL,21793,2018-06-12,0.003326
91103,91004710,UAL,21793,2018-06-13,0.001520
91103,91004710,UAL,21793,2018-06-14,0.007172
91103,91004710,UAL,21793,2018-06-15,0.011915
91103,91004710,UAL,21793,2018-06-18,0.008120
91103,91004710,UAL,21793,2018-06-19,-0.020003
91103,91004710,UAL,21793,2018-06-20,0.014658
91103,91004710,UAL,21793,2018-06-21,0.004725
91103,91004710,UAL,21793,2018-06-22,-0.019887
91103,91004710,UAL,21793,2018-06-25,-0.022073
91103,91004710,UAL,21793,2018-06-26,-0.004346
91103,91004710,UAL,21793,2018-06-27,-0.020417
91103,91004710,UAL,21793,2018-06-28,-0.001869
91103,91004710,UAL,21793,2018-06-29,0.004176
91103,91004710,UAL,21793,2018-07-02,0.017066
91103,91004710,UAL,21793,2018-07-03,-0.010716
91103,91004710,UAL,21793,2018-07-05,0.010832
91103,91004710,UAL,21793,2018-07-06,0.000564
91103,91004710,UAL,21793,2018-07-09,0.011697
91103,91004710,UAL,21793,2018-07-10,-0.006825
91103,91004710,UAL,21793,2018-07-11,-0.033941
91103,91004710,UAL,21793,2018-07-12,0.031359
91103,91004710,UAL,21793,2018-07-13,0.014921
91103,91004710,UAL,21793,2018-07-16,0.002219
91103,91004710,UAL,21793,2018-07-17,0.004982
91103,91004710,UAL,21793,2018-07-18,0.087855
91103,91004710,UAL,21793,2018-07-19,0.020127
91103,91004710,UAL,21793,2018-07-20,0.003971
91103,91004710,UAL,21793,2018-07-23,0.008404
91103,91004710,UAL,21793,2018-07-24,-0.018997
91103,91004710,UAL,21793,2018-07-25,0.006497
91103,91004710,UAL,21793,2018-07-26,0.008441
91103,91004710,UAL,21793,2018-07-27,-0.015140
91103,91004710,UAL,21793,2018-07-30,0.000750
91103,91004710,UAL,21793,2018-07-31,0.004121
91103,91004710,UAL,21793,2018-08-01,-0.004726
91103,91004710,UAL,21793,2018-08-02,0.010372
91103,91004710,UAL,21793,2018-08-03,0.006061
91103,91004710,UAL,21793,2018-08-06,0.006024
91103,91004710,UAL,21793,2018-08-07,0.005988
91103,91004710,UAL,21793,2018-08-08,0.005709
91103,91004710,UAL,21793,2018-08-09,-0.000483
91103,91004710,UAL,21793,2018-08-10,-0.012447
91103,91004710,UAL,21793,2018-08-13,-0.006241
91103,91004710,UAL,21793,2018-08-14,0.002832
91103,91004710,UAL,21793,2018-08-15,0.005280
91103,91004710,UAL,21793,2018-08-16,0.000366
91103,91004710,UAL,21793,2018-08-17,0.001343
91103,91004710,UAL,21793,2018-08-20,0.039142
91103,91004710,UAL,21793,2018-08-21,0.005163
91103,91004710,UAL,21793,2018-08-22,-0.013192
91103,91004710,UAL,21793,2018-08-23,0.002484
91103,91004710,UAL,21793,2018-08-24,0.004720
91103,91004710,UAL,21793,2018-08-27,0.009396
91103,91004710,UAL,21793,2018-08-28,0.010240
91103,91004710,UAL,21793,2018-08-29,0.003340
91103,91004710,UAL,21793,2018-08-30,-0.002181
91103,91004710,UAL,21793,2018-08-31,0.005752
91103,91004710,UAL,21793,2018-09-04,0.010066
91103,91004710,UAL,21793,2018-09-05,-0.001246
91103,91004710,UAL,21793,2018-09-06,-0.012020
91103,91004710,UAL,21793,2018-09-07,0.006312
91103,91004710,UAL,21793,2018-09-10,0.004676
91103,91004710,UAL,21793,2018-09-11,0.011693
91103,91004710,UAL,21793,2018-09-12,-0.014811
91103,91004710,UAL,21793,2018-09-13,0.020273
91103,91004710,UAL,21793,2018-09-14,0.008372
91103,91004710,UAL,21793,2018-09-17,-0.001882
91103,91004710,UAL,21793,2018-09-18,-0.000555
91103,91004710,UAL,21793,2018-09-19,-0.008434
91103,91004710,UAL,21793,2018-09-20,-0.002574
91103,91004710,UAL,21793,2018-09-21,0.009201
91103,91004710,UAL,21793,2018-09-24,-0.023349
91103,91004710,UAL,21793,2018-09-25,0.000911
91103,91004710,UAL,21793,2018-09-26,0.011943
91103,91004710,UAL,21793,2018-09-27,-0.007081
91103,91004710,UAL,21793,2018-09-28,0.008150
91103,91004710,UAL,21793,2018-10-01,-0.016281
91103,91004710,UAL,21793,2018-10-02,-0.010273
91103,91004710,UAL,21793,2018-10-03,0.007842
91103,91004710,UAL,21793,2018-10-04,-0.015448
91103,91004710,UAL,21793,2018-10-05,-0.022083
91103,91004710,UAL,21793,2018-10-08,-0.005467
91103,91004710,UAL,21793,2018-10-09,-0.026888
91103,91004710,UAL,21793,2018-10-10,-0.030701
91103,91004710,UAL,21793,2018-10-11,0.015077
91103,91004710,UAL,21793,2018-10-12,0.000749
91103,91004710,UAL,21793,2018-10-15,0.014467
91103,91004710,UAL,21793,2018-10-16,0.026801
91103,91004710,UAL,21793,2018-10-17,0.059507
91103,91004710,UAL,21793,2018-10-18,-0.015821
91103,91004710,UAL,21793,2018-10-19,0.003904
91103,91004710,UAL,21793,2018-10-22,0.013497
91103,91004710,UAL,21793,2018-10-23,-0.025731
91103,91004710,UAL,21793,2018-10-24,-0.047956
91103,91004710,UAL,21793,2018-10-25,0.041489
91103,91004710,UAL,21793,2018-10-26,-0.011332
91103,91004710,UAL,21793,2018-10-29,0.004254
91103,91004710,UAL,21793,2018-10-30,0.010119
91103,91004710,UAL,21793,2018-10-31,-0.003960
91103,91004710,UAL,21793,2018-11-01,0.029587
91103,91004710,UAL,21793,2018-11-02,0.007269
91103,91004710,UAL,21793,2018-11-05,0.008908
91103,91004710,UAL,21793,2018-11-06,0.001900
91103,91004710,UAL,21793,2018-11-07,0.028112
91103,91004710,UAL,21793,2018-11-08,0.004340
91103,91004710,UAL,21793,2018-11-09,-0.002269
91103,91004710,UAL,21793,2018-11-12,-0.012453
91103,91004710,UAL,21793,2018-11-13,0.015351
91103,91004710,UAL,21793,2018-11-14,-0.008747
91103,91004710,UAL,21793,2018-11-15,0.002070
91103,91004710,UAL,21793,2018-11-16,0.003044
91103,91004710,UAL,21793,2018-11-19,-0.001843
91103,91004710,UAL,21793,2018-11-20,-0.003475
91103,91004710,UAL,21793,2018-11-21,0.011878
91103,91004710,UAL,21793,2018-11-23,0.021322
91103,91004710,UAL,21793,2018-11-26,-0.032581
91103,91004710,UAL,21793,2018-11-27,0.017766
91103,91004710,UAL,21793,2018-11-28,0.011780
91103,91004710,UAL,21793,2018-11-29,0.006245
91103,91004710,UAL,21793,2018-11-30,0.017145
91103,91004710,UAL,21793,2018-12-03,-0.002482
91103,91004710,UAL,21793,2018-12-04,-0.046859
91103,91004710,UAL,21793,2018-12-06,0.011856
91103,91004710,UAL,21793,2018-12-07,-0.051596
91103,91004710,UAL,21793,2018-12-10,0.003627
91103,91004710,UAL,21793,2018-12-11,-0.004630
91103,91004710,UAL,21793,2018-12-12,0.016905
91103,91004710,UAL,21793,2018-12-13,-0.023988
91103,91004710,UAL,21793,2018-12-14,0.002972
91103,91004710,UAL,21793,2018-12-17,-0.017438
91103,91004710,UAL,21793,2018-12-18,0.018443
91103,91004710,UAL,21793,2018-12-19,-0.016287
91103,91004710,UAL,21793,2018-12-20,-0.022693
91103,91004710,UAL,21793,2018-12-21,-0.034830
91103,91004710,UAL,21793,2018-12-24,-0.028845
91103,91004710,UAL,21793,2018-12-26,0.059151
91103,91004710,UAL,21793,2018-12-27,-0.009069
91103,91004710,UAL,21793,2018-12-28,0.001566
91103,91004710,UAL,21793,2018-12-31,0.006733
91103,91004710,UAL,21793,2019-01-02,0.005374
91103,91004710,UAL,21793,2019-01-03,-0.049656
91103,91004710,UAL,21793,2019-01-04,0.033500
91103,91004710,UAL,21793,2019-01-07,0.006652
91103,91004710,UAL,21793,2019-01-08,-0.010213
91103,91004710,UAL,21793,2019-01-09,0.016752
91103,91004710,UAL,21793,2019-01-10,-0.028534
91103,91004710,UAL,21793,2019-01-11,-0.015976
91103,91004710,UAL,21793,2019-01-14,-0.001998
91103,91004710,UAL,21793,2019-01-15,0.016143
91103,91004710,UAL,21793,2019-01-16,0.063547
91103,91004710,UAL,21793,2019-01-17,0.004400
91103,91004710,UAL,21793,2019-01-18,-0.013258
91103,91004710,UAL,21793,2019-01-22,-0.026288
91103,91004710,UAL,21793,2019-01-23,-0.005520
91103,91004710,UAL,21793,2019-01-24,0.013875
91103,91004710,UAL,21793,2019-01-25,0.001309
91103,91004710,UAL,21793,2019-01-28,0.005467
91103,91004710,UAL,21793,2019-01-29,0.012648
91103,91004710,UAL,21793,2019-01-30,0.021011
91103,91004710,UAL,21793,2019-01-31,-0.002286
91103,91004710,UAL,21793,2019-02-01,0.002521
91103,91004710,UAL,21793,2019-02-04,0.012916
91103,91004710,UAL,21793,2019-02-05,0.009479
91103,91004710,UAL,21793,2019-02-06,0.003242
91103,91004710,UAL,21793,2019-02-07,-0.021058
91103,91004710,UAL,21793,2019-02-08,0.003528
91103,91004710,UAL,21793,2019-02-11,0.011115
91103,91004710,UAL,21793,2019-02-12,-0.013236
91103,91004710,UAL,21793,2019-02-13,0.006934
91103,91004710,UAL,21793,2019-02-14,-0.004854
91103,91004710,UAL,21793,2019-02-15,0.001815
91103,91004710,UAL,21793,2019-02-19,0.010531
91103,91004710,UAL,21793,2019-02-20,-0.008292
91103,91004710,UAL,21793,2019-02-21,0.003842
91103,91004710,UAL,21793,2019-02-22,0.006641
91103,91004710,UAL,21793,2019-02-25,0.001677
91103,91004710,UAL,21793,2019-02-26,-0.000558
91103,91004710,UAL,21793,2019-02-27,-0.021557
91103,91004710,UAL,21793,2019-02-28,0.002397
91103,91004710,UAL,21793,2019-03-01,-0.010136
91103,91004710,UAL,21793,2019-03-04,-0.030028
91103,91004710,UAL,21793,2019-03-05,0.008777
91103,91004710,UAL,21793,2019-03-06,-0.008466
91103,91004710,UAL,21793,2019-03-07,-0.020396
91103,91004710,UAL,21793,2019-03-08,-0.002542
91103,91004710,UAL,21793,2019-03-11,-0.000243
91103,91004710,UAL,21793,2019-03-12,-0.030711
91103,91004710,UAL,21793,2019-03-13,0.017032
91103,91004710,UAL,21793,2019-03-14,0.003448
91103,91004710,UAL,21793,2019-03-15,0.002454
91103,91004710,UAL,21793,2019-03-18,-0.011752
91103,91004710,UAL,21793,2019-03-19,0.007556
91103,91004710,UAL,21793,2019-03-20,-0.018564
91103,91004710,UAL,21793,2019-03-21,0.014656
91103,91004710,UAL,21793,2019-03-22,-0.016914
91103,91004710,UAL,21793,2019-03-25,-0.018963
91103,91004710,UAL,21793,2019-03-26,-0.008065
91103,91004710,UAL,21793,2019-03-27,0.013421
91103,91004710,UAL,21793,2019-03-28,0.000891
91103,91004710,UAL,21793,2019-03-29,0.015013
91103,91004710,UAL,21793,2019-04-01,0.013663
91103,91004710,UAL,21793,2019-04-02,0.023494
91103,91004710,UAL,21793,2019-04-03,0.017277
91103,91004710,UAL,21793,2019-04-04,0.005226
91103,91004710,UAL,21793,2019-04-05,0.003190
91103,91004710,UAL,21793,2019-04-08,-0.003886
91103,91004710,UAL,21793,2019-04-09,-0.003902
91103,91004710,UAL,21793,2019-04-10,0.003205
91103,91004710,UAL,21793,2019-04-11,0.014553
91103,91004710,UAL,21793,2019-04-12,-0.003032
91103,91004710,UAL,21793,2019-04-15,-0.011346
91103,91004710,UAL,21793,2019-04-16,0.007690
91103,91004710,UAL,21793,2019-04-17,0.047787
91103,91004710,UAL,21793,2019-04-18,-0.010758
91103,91004710,UAL,21793,2019-04-22,-0.008156
91103,91004710,UAL,21793,2019-04-23,0.004683
91103,91004710,UAL,21793,2019-04-24,0.000682
91103,91004710,UAL,21793,2019-04-25,-0.013291
91103,91004710,UAL,21793,2019-04-26,0.012434
91103,91004710,UAL,21793,2019-04-29,0.018990
91103,91004710,UAL,21793,2019-04-30,-0.008370
91103,91004710,UAL,21793,2019-05-01,-0.010353
91103,91004710,UAL,21793,2019-05-02,0.004207
91103,91004710,UAL,21793,2019-05-03,0.002152
91103,91004710,UAL,21793,2019-05-06,-0.008023
91103,91004710,UAL,21793,2019-05-07,-0.024035
91103,91004710,UAL,21793,2019-05-08,-0.012138
91103,91004710,UAL,21793,2019-05-09,-0.006144
91103,91004710,UAL,21793,2019-05-10,0.007965
91103,91004710,UAL,21793,2019-05-13,-0.032079
91103,91004710,UAL,21793,2019-05-14,0.016815
91103,91004710,UAL,21793,2019-05-15,-0.013182
91103,91004710,UAL,21793,2019-05-16,0.002793
91103,91004710,UAL,21793,2019-05-17,-0.013078
91103,91004710,UAL,21793,2019-05-20,0.002945
91103,91004710,UAL,21793,2019-05-21,0.015048
91103,91004710,UAL,21793,2019-05-22,-0.013137
91103,91004710,UAL,21793,2019-05-23,-0.011847
91103,91004710,UAL,21793,2019-05-24,-0.001483
91103,91004710,UAL,21793,2019-05-28,-0.012130
91103,91004710,UAL,21793,2019-05-29,-0.007017
91103,91004710,UAL,21793,2019-05-30,0.002776
91103,91004710,UAL,21793,2019-05-31,-0.022902
91103,91004710,UAL,21793,2019-06-03,0.000901
91103,91004710,UAL,21793,2019-06-04,0.036027
91103,91004710,UAL,21793,2019-06-05,0.016518
91103,91004710,UAL,21793,2019-06-06,0.013561
91103,91004710,UAL,21793,2019-06-07,0.003737
91103,91004710,UAL,21793,2019-06-10,-0.007205
91103,91004710,UAL,21793,2019-06-11,0.001210
91103,91004710,UAL,21793,2019-06-12,0.012323
91103,91004710,UAL,21793,2019-06-13,0.039623
91103,91004710,UAL,21793,2019-06-14,0.000115
91103,91004710,UAL,21793,2019-06-17,-0.004017
91103,91004710,UAL,21793,2019-06-18,0.007261
91103,91004710,UAL,21793,2019-06-19,0.014416
91103,91004710,UAL,21793,2019-06-20,-0.017144
91103,91004710,UAL,21793,2019-06-21,-0.004820
91103,91004710,UAL,21793,2019-06-24,-0.001960
91103,91004710,UAL,21793,2019-06-25,-0.017215
91103,91004710,UAL,21793,2019-06-26,0.003174
91103,91004710,UAL,21793,2019-06-27,0.012891
91103,91004710,UAL,21793,2019-06-28,0.012958
91103,91004710,UAL,21793,2019-07-01,0.010280
91103,91004710,UAL,21793,2019-07-02,0.004748
91103,91004710,UAL,21793,2019-07-03,0.020254
91103,91004710,UAL,21793,2019-07-05,-0.000882
91103,91004710,UAL,21793,2019-07-08,0.000883
91103,91004710,UAL,21793,2019-07-09,-0.013345
91103,91004710,UAL,21793,2019-07-10,0.000559
91103,91004710,UAL,21793,2019-07-11,-0.000335
91103,91004710,UAL,21793,2019-07-12,0.019557
91103,91004710,UAL,21793,2019-07-15,0.000987
91103,91004710,UAL,21793,2019-07-16,0.028471
91103,91004710,UAL,21793,2019-07-17,0.009157
91103,91004710,UAL,21793,2019-07-18,0.005275
91103,91004710,UAL,21793,2019-07-19,-0.015218
91103,91004710,UAL,21793,2019-07-22,0.000000
91103,91004710,UAL,21793,2019-07-23,0.011723
91103,91004710,UAL,21793,2019-07-24,0.001896
91103,91004710,UAL,21793,2019-07-25,-0.012407
91103,91004710,UAL,21793,2019-07-26,-0.006068
91103,91004710,UAL,21793,2019-07-29,0.000857
91103,91004710,UAL,21793,2019-07-30,0.005244
91103,91004710,UAL,21793,2019-07-31,-0.021505
91103,91004710,UAL,21793,2019-08-01,-0.015450
91103,91004710,UAL,21793,2019-08-02,-0.011714
91103,91004710,UAL,21793,2019-08-05,-0.042939
91103,91004710,UAL,21793,2019-08-06,-0.001519
91103,91004710,UAL,21793,2019-08-07,0.011935
91103,91004710,UAL,21793,2019-08-08,0.013298
91103,91004710,UAL,21793,2019-08-09,-0.007418
91103,91004710,UAL,21793,2019-08-12,-0.026098
91103,91004710,UAL,21793,2019-08-13,-0.001771
91103,91004710,UAL,21793,2019-08-14,-0.030866
91103,91004710,UAL,21793,2019-08-15,-0.004027
91103,91004710,UAL,21793,2019-08-16,0.016173
91103,91004710,UAL,21793,2019-08-19,0.011454
91103,91004710,UAL,21793,2019-08-20,0.001669
91103,91004710,UAL,21793,2019-08-21,0.014995
91103,91004710,UAL,21793,2019-08-22,0.003166
91103,91004710,UAL,21793,2019-08-23,-0.035414
91103,91004710,UAL,21793,2019-08-26,0.012723
91103,91004710,UAL,21793,2019-08-27,-0.019622
91103,91004710,UAL,21793,2019-08-28,0.006224
91103,91004710,UAL,21793,2019-08-29,0.027168
91103,91004710,UAL,21793,2019-08-30,-0.004487
91103,91004710,UAL,21793,2019-09-03,-0.013759
91103,91004710,UAL,21793,2019-09-04,0.009140
91103,91004710,UAL,21793,2019-09-05,0.023001
91103,91004710,UAL,21793,2019-09-06,0.005359
91103,91004710,UAL,21793,2019-09-09,0.011935
91103,91004710,UAL,21793,2019-09-10,0.002634
91103,91004710,UAL,21793,2019-09-11,0.009365
91103,91004710,UAL,21793,2019-09-12,0.011315
91103,91004710,UAL,21793,2019-09-13,0.022041
91103,91004710,UAL,21793,2019-09-16,-0.028352
91103,91004710,UAL,21793,2019-09-17,0.013745
91103,91004710,UAL,21793,2019-09-18,0.002778
91103,91004710,UAL,21793,2019-09-19,-0.008977
91103,91004710,UAL,21793,2019-09-20,-0.003690
91103,91004710,UAL,21793,2019-09-23,-0.009878
91103,91004710,UAL,21793,2019-09-24,0.001020
91103,91004710,UAL,21793,2019-09-25,0.009853
91103,91004710,UAL,21793,2019-09-26,-0.008074
91103,91004710,UAL,21793,2019-09-27,-0.003505
91103,91004710,UAL,21793,2019-09-30,0.003063
91103,91004710,UAL,21793,2019-10-01,-0.006447
91103,91004710,UAL,21793,2019-10-02,-0.047245
91103,91004710,UAL,21793,2019-10-03,-0.005019
91103,91004710,UAL,21793,2019-10-04,0.012249
91103,91004710,UAL,21793,2019-10-07,0.006644
91103,91004710,UAL,21793,2019-10-08,-0.001886
91103,91004710,UAL,21793,2019-10-09,0.020900
91103,91004710,UAL,21793,2019-10-10,0.010178
91103,91004710,UAL,21793,2019-10-11,-0.002175
91103,91004710,UAL,21793,2019-10-14,-0.002065
91103,91004710,UAL,21793,2019-10-15,0.010463
91103,91004710,UAL,21793,2019-10-16,0.020710
91103,91004710,UAL,21793,2019-10-17,-0.002676
91103,91004710,UAL,21793,2019-10-18,0.006986
91103,91004710,UAL,21793,2019-10-21,0.007715
91103,91004710,UAL,21793,2019-10-22,-0.011787
91103,91004710,UAL,21793,2019-10-23,0.002118
91103,91004710,UAL,21793,2019-10-24,-0.001001
91103,91004710,UAL,21793,2019-10-25,0.020376
91103,91004710,UAL,21793,2019-10-28,0.006002
91103,91004710,UAL,21793,2019-10-29,-0.012583
91103,91004710,UAL,21793,2019-10-30,0.007031
91103,91004710,UAL,21793,2019-10-31,-0.009054
91103,91004710,UAL,21793,2019-11-01,0.008917
91103,91004710,UAL,21793,2019-11-04,0.008074
91103,91004710,UAL,21793,2019-11-05,0.007901
91103,91004710,UAL,21793,2019-11-06,0.002363
91103,91004710,UAL,21793,2019-11-07,0.004928
91103,91004710,UAL,21793,2019-11-08,-0.003838
91103,91004710,UAL,21793,2019-11-11,0.000963
91103,91004710,UAL,21793,2019-11-12,-0.008660
91103,91004710,UAL,21793,2019-11-13,-0.003236
91103,91004710,UAL,21793,2019-11-14,0.001082
91103,91004710,UAL,21793,2019-11-15,-0.000108
91103,91004710,UAL,21793,2019-11-18,0.002811
91103,91004710,UAL,21793,2019-11-19,0.005605
91103,91004710,UAL,21793,2019-11-20,-0.017044
91103,91004710,UAL,21793,2019-11-21,-0.007961
91103,91004710,UAL,21793,2019-11-22,0.008904
91103,91004710,UAL,21793,2019-11-25,0.008063
91103,91004710,UAL,21793,2019-11-26,0.002594
91103,91004710,UAL,21793,2019-11-27,0.003126
91103,91004710,UAL,21793,2019-11-29,-0.002687
91103,91004710,UAL,21793,2019-12-02,-0.012608
91103,91004710,UAL,21793,2019-12-03,-0.030121
91103,91004710,UAL,21793,2019-12-04,-0.007877
91103,91004710,UAL,21793,2019-12-05,-0.003516
91103,91004710,UAL,21793,2019-12-06,0.008195
91103,91004710,UAL,21793,2019-12-09,-0.010951
91103,91004710,UAL,21793,2019-12-10,-0.012556
91103,91004710,UAL,21793,2019-12-11,0.005895
91103,91004710,UAL,21793,2019-12-12,0.016663
91103,91004710,UAL,21793,2019-12-13,-0.010060
91103,91004710,UAL,21793,2019-12-16,0.011989
91103,91004710,UAL,21793,2019-12-17,0.008236
91103,91004710,UAL,21793,2019-12-18,-0.005819
91103,91004710,UAL,21793,2019-12-19,0.004277
91103,91004710,UAL,21793,2019-12-20,0.000672
91103,91004710,UAL,21793,2019-12-23,0.001792
91103,91004710,UAL,21793,2019-12-24,-0.003242
91103,91004710,UAL,21793,2019-12-26,0.001234
91103,91004710,UAL,21793,2019-12-27,-0.009971
91103,91004710,UAL,21793,2019-12-30,-0.004640
91103,91004710,UAL,21793,2019-12-31,0.001478
91103,91004710,UAL,21793,2020-01-02,0.018731
91103,91004710,UAL,21793,2020-01-03,-0.020504
91103,91004710,UAL,21793,2020-01-06,-0.002275
91103,91004710,UAL,21793,2020-01-07,-0.010604
91103,91004710,UAL,21793,2020-01-08,0.006108
91103,91004710,UAL,21793,2020-01-09,0.007446
91103,91004710,UAL,21793,2020-01-10,-0.007277
91103,91004710,UAL,21793,2020-01-13,-0.004810
91103,91004710,UAL,21793,2020-01-14,0.011048
91103,91004710,UAL,21793,2020-01-15,0.005009
91103,91004710,UAL,21793,2020-01-16,0.014158
91103,91004710,UAL,21793,2020-01-17,0.001787
91103,91004710,UAL,21793,2020-01-21,-0.043590
91103,91004710,UAL,21793,2020-01-22,-0.028558
91103,91004710,UAL,21793,2020-01-23,0.018479
91103,91004710,UAL,21793,2020-01-24,-0.035108
91103,91004710,UAL,21793,2020-01-27,-0.052137
91103,91004710,UAL,21793,2020-01-28,-0.007471
91103,91004710,UAL,21793,2020-01-29,-0.023881
91103,91004710,UAL,21793,2020-01-30,0.033772
91103,91004710,UAL,21793,2020-01-31,-0.037942
91103,91004710,UAL,21793,2020-02-03,0.001471
91103,91004710,UAL,21793,2020-02-04,0.053130
91103,91004710,UAL,21793,2020-02-05,0.037521
91103,91004710,UAL,21793,2020-02-06,-0.016494
91103,91004710,UAL,21793,2020-02-07,-0.012671
91103,91004710,UAL,21793,2020-02-10,-0.000126
91103,91004710,UAL,21793,2020-02-11,0.013338
91103,91004710,UAL,21793,2020-02-12,0.020738
91103,91004710,UAL,21793,2020-02-13,-0.014720
91103,91004710,UAL,21793,2020-02-14,-0.017780
91103,91004710,UAL,21793,2020-02-18,0.008674
91103,91004710,UAL,21793,2020-02-19,-0.010219
91103,91004710,UAL,21793,2020-02-20,0.006170
91103,91004710,UAL,21793,2020-02-21,-0.023777
91103,91004710,UAL,21793,2020-02-24,-0.032560
91103,91004710,UAL,21793,2020-02-25,-0.064926
91103,91004710,UAL,21793,2020-02-26,-0.057248
91103,91004710,UAL,21793,2020-02-27,-0.023899
91103,91004710,UAL,21793,2020-02-28,-0.051586
91103,91004710,UAL,21793,2020-03-02,-0.005358
91103,91004710,UAL,21793,2020-03-03,-0.048482
91103,91004710,UAL,21793,2020-03-04,0.020244
91103,91004710,UAL,21793,2020-03-05,-0.132504
91103,91004710,UAL,21793,2020-03-06,0.009886
91103,91004710,UAL,21793,2020-03-09,-0.102111
91103,91004710,UAL,21793,2020-03-10,0.123557
91103,91004710,UAL,21793,2020-03-11,-0.061263
91103,91004710,UAL,21793,2020-03-12,-0.248480
91103,91004710,UAL,21793,2020-03-13,0.122977
91103,91004710,UAL,21793,2020-03-16,-0.148175
91103,91004710,UAL,21793,2020-03-17,-0.135326
91103,91004710,UAL,21793,2020-03-18,-0.302902
91103,91004710,UAL,21793,2020-03-19,-0.004677
91103,91004710,UAL,21793,2020-03-20,0.151316
91103,91004710,UAL,21793,2020-03-23,0.071429
91103,91004710,UAL,21793,2020-03-24,0.257143
91103,91004710,UAL,21793,2020-03-25,0.109091
91103,91004710,UAL,21793,2020-03-26,-0.028689
91103,91004710,UAL,21793,2020-03-27,-0.076231
91103,91004710,UAL,21793,2020-03-30,-0.081608
91103,91004710,UAL,21793,2020-03-31,0.046088
91103,91004710,UAL,21793,2020-04-01,-0.187005
91103,91004710,UAL,21793,2020-04-02,-0.086940
91103,91004710,UAL,21793,2020-04-03,-0.022844
91103,91004710,UAL,21793,2020-04-06,0.049596
91103,91004710,UAL,21793,2020-04-07,0.019151
91103,91004710,UAL,21793,2020-04-08,0.123775
91103,91004710,UAL,21793,2020-04-09,0.145038
91103,91004710,UAL,21793,2020-04-13,-0.082222
91103,91004710,UAL,21793,2020-04-14,0.068834
91103,91004710,UAL,21793,2020-04-15,0.031068
91103,91004710,UAL,21793,2020-04-16,-0.114564
91103,91004710,UAL,21793,2020-04-17,0.030840
91103,91004710,UAL,21793,2020-04-20,-0.044360
91103,91004710,UAL,21793,2020-04-21,0.003239
91103,91004710,UAL,21793,2020-04-22,-0.071736
91103,91004710,UAL,21793,2020-04-23,-0.006182
91103,91004710,UAL,21793,2020-04-24,-0.006221
91103,91004710,UAL,21793,2020-04-27,-0.021909
91103,91004710,UAL,21793,2020-04-28,0.113600
91103,91004710,UAL,21793,2020-04-29,0.121049
91103,91004710,UAL,21793,2020-04-30,-0.052227
91103,91004710,UAL,21793,2020-05-01,-0.100068
91103,91004710,UAL,21793,2020-05-04,-0.051089
91103,91004710,UAL,21793,2020-05-05,-0.045131
91103,91004710,UAL,21793,2020-05-06,-0.050166
91103,91004710,UAL,21793,2020-05-07,-0.006984
91103,91004710,UAL,21793,2020-05-08,0.117363
91103,91004710,UAL,21793,2020-05-11,-0.057042
91103,91004710,UAL,21793,2020-05-12,-0.050480
91103,91004710,UAL,21793,2020-05-13,-0.090070
91103,91004710,UAL,21793,2020-05-14,-0.019797
91103,91004710,UAL,21793,2020-05-15,-0.018719
91103,91004710,UAL,21793,2020-05-18,0.211345
91103,91004710,UAL,21793,2020-05-19,-0.018649
91103,91004710,UAL,21793,2020-05-20,0.051943
91103,91004710,UAL,21793,2020-05-21,0.037334
91103,91004710,UAL,21793,2020-05-22,-0.017028
91103,91004710,UAL,21793,2020-05-26,0.162992
91103,91004710,UAL,21793,2020-05-27,0.038930
91103,91004710,UAL,21793,2020-05-28,-0.058651
91103,91004710,UAL,21793,2020-05-29,-0.029422
91103,91004710,UAL,21793,2020-06-01,0.050642
91103,91004710,UAL,21793,2020-06-02,0.015275
91103,91004710,UAL,21793,2020-06-03,0.125042
91103,91004710,UAL,21793,2020-06-04,0.161961
91103,91004710,UAL,21793,2020-06-05,0.084527
91103,91004710,UAL,21793,2020-06-08,0.148214
91103,91004710,UAL,21793,2020-06-09,-0.083179
91103,91004710,UAL,21793,2020-06-10,-0.110215
91103,91004710,UAL,21793,2020-06-11,-0.161128
91103,91004710,UAL,21793,2020-06-12,0.190276
91103,91004710,UAL,21793,2020-06-15,-0.016641
91103,91004710,UAL,21793,2020-06-16,0.031026
91103,91004710,UAL,21793,2020-06-17,-0.023875
91103,91004710,UAL,21793,2020-06-18,0.002293
91103,91004710,UAL,21793,2020-06-19,-0.063549
91103,91004710,UAL,21793,2020-06-22,-0.008143
91103,91004710,UAL,21793,2020-06-23,-0.012589
91103,91004710,UAL,21793,2020-06-24,-0.083426
91103,91004710,UAL,21793,2020-06-25,0.048987
91103,91004710,UAL,21793,2020-06-26,-0.051888
91103,91004710,UAL,21793,2020-06-29,0.072362
91103,91004710,UAL,21793,2020-06-30,-0.018713
91103,91004710,UAL,21793,2020-07-01,-0.004623
91103,91004710,UAL,21793,2020-07-02,-0.008999
91103,91004710,UAL,21793,2020-07-06,0.031342
91103,91004710,UAL,21793,2020-07-07,-0.075547
91103,91004710,UAL,21793,2020-07-08,-0.000614
91103,91004710,UAL,21793,2020-07-09,-0.072548
91103,91004710,UAL,21793,2020-07-10,0.082864
91103,91004710,UAL,21793,2020-07-13,-0.027854
91103,91004710,UAL,21793,2020-07-14,-0.000630
91103,91004710,UAL,21793,2020-07-15,0.145873
91103,91004710,UAL,21793,2020-07-16,-0.051691
91103,91004710,UAL,21793,2020-07-17,-0.016527
91103,91004710,UAL,21793,2020-07-20,-0.046875
91103,91004710,UAL,21793,2020-07-21,0.022889
91103,91004710,UAL,21793,2020-07-22,-0.042334
91103,91004710,UAL,21793,2020-07-23,0.049258
91103,91004710,UAL,21793,2020-07-24,-0.010533
91103,91004710,UAL,21793,2020-07-27,-0.013990
91103,91004710,UAL,21793,2020-07-28,0.032079
91103,91004710,UAL,21793,2020-07-29,-0.026599
91103,91004710,UAL,21793,2020-07-30,-0.025484
91103,91004710,UAL,21793,2020-07-31,-0.011342
91103,91004710,UAL,21793,2020-08-03,0.015615
91103,91004710,UAL,21793,2020-08-04,0.013179
91103,91004710,UAL,21793,2020-08-05,0.044596
91103,91004710,UAL,21793,2020-08-06,0.019864
91103,91004710,UAL,21793,2020-08-07,-0.002035
91103,91004710,UAL,21793,2020-08-10,0.093504
91103,91004710,UAL,21793,2020-08-11,-0.018913
91103,91004710,UAL,21793,2020-08-12,-0.011675
91103,91004710,UAL,21793,2020-08-13,-0.016209
91103,91004710,UAL,21793,2020-08-14,0.010332
91103,91004710,UAL,21793,2020-08-17,-0.049198
91103,91004710,UAL,21793,2020-08-18,-0.012209
91103,91004710,UAL,21793,2020-08-19,0.013537
91103,91004710,UAL,21793,2020-08-20,-0.011324
91103,91004710,UAL,21793,2020-08-21,-0.029662
91103,91004710,UAL,21793,2020-08-24,0.099274
91103,91004710,UAL,21793,2020-08-25,-0.030286
91103,91004710,UAL,21793,2020-08-26,-0.027541
91103,91004710,UAL,21793,2020-08-27,0.057518
91103,91004710,UAL,21793,2020-08-28,0.030922
91103,91004710,UAL,21793,2020-08-31,-0.035886
91103,91004710,UAL,21793,2020-09-01,0.000278
91103,91004710,UAL,21793,2020-09-02,0.024438
91103,91004710,UAL,21793,2020-09-03,0.013825
91103,91004710,UAL,21793,2020-09-04,0.021658
91103,91004710,UAL,21793,2020-09-08,-0.024339
91103,91004710,UAL,21793,2020-09-09,-0.033530
91103,91004710,UAL,21793,2020-09-10,0.011657
91103,91004710,UAL,21793,2020-09-11,-0.010425
91103,91004710,UAL,21793,2020-09-14,0.018575
91103,91004710,UAL,21793,2020-09-15,0.001633
91103,91004710,UAL,21793,2020-09-16,0.040761
91103,91004710,UAL,21793,2020-09-17,0.001436
91103,91004710,UAL,21793,2020-09-18,-0.036110
91103,91004710,UAL,21793,2020-09-21,-0.086016
91103,91004710,UAL,21793,2020-09-22,0.008286
91103,91004710,UAL,21793,2020-09-23,-0.029058
91103,91004710,UAL,21793,2020-09-24,-0.010278
91103,91004710,UAL,21793,2020-09-25,0.044594
91103,91004710,UAL,21793,2020-09-28,0.050877
91103,91004710,UAL,21793,2020-09-29,-0.039789
91103,91004710,UAL,21793,2020-09-30,0.006955
91103,91004710,UAL,21793,2020-10-01,0.012374
91103,91004710,UAL,21793,2020-10-02,0.023593
91103,91004710,UAL,21793,2020-10-05,0.005276
91103,91004710,UAL,21793,2020-10-06,-0.036464
91103,91004710,UAL,21793,2020-10-07,0.043005
91103,91004710,UAL,21793,2020-10-08,0.017042
91103,91004710,UAL,21793,2020-10-09,0.003243
91103,91004710,UAL,21793,2020-10-12,-0.019935
91103,91004710,UAL,21793,2020-10-13,-0.030786
91103,91004710,UAL,21793,2020-10-14,0.009926
91103,91004710,UAL,21793,2020-10-15,-0.038192
91103,91004710,UAL,21793,2020-10-16,-0.002628
91103,91004710,UAL,21793,2020-10-19,0.039227
91103,91004710,UAL,21793,2020-10-20,0.015775
91103,91004710,UAL,21793,2020-10-21,-0.014420
91103,91004710,UAL,21793,2020-10-22,0.047833
91103,91004710,UAL,21793,2020-10-23,0.020677
91103,91004710,UAL,21793,2020-10-26,-0.070245
91103,91004710,UAL,21793,2020-10-27,-0.033107
91103,91004710,UAL,21793,2020-10-28,-0.045947
91103,91004710,UAL,21793,2020-10-29,0.029755
91103,91004710,UAL,21793,2020-10-30,0.008639
91103,91004710,UAL,21793,2020-11-02,-0.002363
91103,91004710,UAL,21793,2020-11-03,0.007105
91103,91004710,UAL,21793,2020-11-04,-0.019988
91103,91004710,UAL,21793,2020-11-05,0.060288
91103,91004710,UAL,21793,2020-11-06,-0.018953
91103,91004710,UAL,21793,2020-11-09,0.191465
91103,91004710,UAL,21793,2020-11-10,-0.030736
91103,91004710,UAL,21793,2020-11-11,-0.038452
91103,91004710,UAL,21793,2020-11-12,-0.043106
91103,91004710,UAL,21793,2020-11-13,0.058073
91103,91004710,UAL,21793,2020-11-16,0.051552
91103,91004710,UAL,21793,2020-11-17,-0.009756
91103,91004710,UAL,21793,2020-11-18,0.011084
91103,91004710,UAL,21793,2020-11-19,-0.002680
91103,91004710,UAL,21793,2020-11-20,-0.025403
91103,91004710,UAL,21793,2020-11-23,0.025815
91103,91004710,UAL,21793,2020-11-24,0.098461
91103,91004710,UAL,21793,2020-11-25,0.015125
91103,91004710,UAL,21793,2020-11-27,-0.007450
91103,91004710,UAL,21793,2020-11-30,-0.005519
91103,91004710,UAL,21793,2020-12-01,0.005993
91103,91004710,UAL,21793,2020-12-02,0.031112
91103,91004710,UAL,21793,2020-12-03,0.068051
91103,91004710,UAL,21793,2020-12-04,-0.013424
91103,91004710,UAL,21793,2020-12-07,-0.000812
91103,91004710,UAL,21793,2020-12-08,-0.003252
91103,91004710,UAL,21793,2020-12-09,-0.020799
91103,91004710,UAL,21793,2020-12-10,0.033736
91103,91004710,UAL,21793,2020-12-11,-0.025786
91103,91004710,UAL,21793,2020-12-14,-0.033912
91103,91004710,UAL,21793,2020-12-15,0.015839
91103,91004710,UAL,21793,2020-12-16,-0.030763
91103,91004710,UAL,21793,2020-12-17,-0.002609
91103,91004710,UAL,21793,2020-12-18,-0.024847
91103,91004710,UAL,21793,2020-12-21,-0.015311
91103,91004710,UAL,21793,2020-12-22,-0.024628
91103,91004710,UAL,21793,2020-12-23,0.026530
91103,91004710,UAL,21793,2020-12-24,-0.019270
91103,91004710,UAL,21793,2020-12-28,0.015257
91103,91004710,UAL,21793,2020-12-29,-0.004098
91103,91004710,UAL,21793,2020-12-30,0.020805
91103,91004710,UAL,21793,2020-12-31,-0.031355
91103,91004710,UAL,21793,2021-01-04,-0.037457
91103,91004710,UAL,21793,2021-01-05,0.042517
91103,91004710,UAL,21793,2021-01-06,0.003226
91103,91004710,UAL,21793,2021-01-07,0.001837
91103,91004710,UAL,21793,2021-01-08,-0.007565
91103,91004710,UAL,21793,2021-01-11,-0.013629
91103,91004710,UAL,21793,2021-01-12,0.032319
91103,91004710,UAL,21793,2021-01-13,0.007940
91103,91004710,UAL,21793,2021-01-14,0.041864
91103,91004710,UAL,21793,2021-01-15,-0.051847
91103,91004710,UAL,21793,2021-01-19,0.019594
91103,91004710,UAL,21793,2021-01-20,0.009609
91103,91004710,UAL,21793,2021-01-21,-0.057326
91103,91004710,UAL,21793,2021-01-22,-0.010566
91103,91004710,UAL,21793,2021-01-25,-0.041766
91103,91004710,UAL,21793,2021-01-26,0.021545
91103,91004710,UAL,21793,2021-01-27,-0.008242
91103,91004710,UAL,21793,2021-01-28,0.040088
91103,91004710,UAL,21793,2021-01-29,-0.060165
91103,91004710,UAL,21793,2021-02-01,-0.001375
91103,91004710,UAL,21793,2021-02-02,0.022411
91103,91004710,UAL,21793,2021-02-03,0.029635
91103,91004710,UAL,21793,2021-02-04,0.008801
91103,91004710,UAL,21793,2021-02-05,-0.006366
91103,91004710,UAL,21793,2021-02-08,0.052444
91103,91004710,UAL,21793,2021-02-09,-0.023224
91103,91004710,UAL,21793,2021-02-10,0.010619
91103,91004710,UAL,21793,2021-02-11,-0.007766
91103,91004710,UAL,21793,2021-02-12,0.011395
91103,91004710,UAL,21793,2021-02-16,0.040401
91103,91004710,UAL,21793,2021-02-17,0.008095
91103,91004710,UAL,21793,2021-02-18,-0.024306
91103,91004710,UAL,21793,2021-02-19,0.068283
91103,91004710,UAL,21793,2021-02-22,0.034770
91103,91004710,UAL,21793,2021-02-23,0.018310
91103,91004710,UAL,21793,2021-02-24,0.085951
91103,91004710,UAL,21793,2021-02-25,-0.057860
91103,91004710,UAL,21793,2021-02-26,0.017381
91103,91004710,UAL,21793,2021-03-01,0.011959
91103,91004710,UAL,21793,2021-03-02,-0.001876
91103,91004710,UAL,21793,2021-03-03,0.025559
91103,91004710,UAL,21793,2021-03-04,-0.046179
91103,91004710,UAL,21793,2021-03-05,-0.029395
91103,91004710,UAL,21793,2021-03-08,0.070071
91103,91004710,UAL,21793,2021-03-09,-0.011654
91103,91004710,UAL,21793,2021-03-10,0.009171
91103,91004710,UAL,21793,2021-03-11,0.002596
91103,91004710,UAL,21793,2021-03-12,0.041250
91103,91004710,UAL,21793,2021-03-15,0.082608
91103,91004710,UAL,21793,2021-03-16,-0.018543
91103,91004710,UAL,21793,2021-03-17,0.044140
91103,91004710,UAL,21793,2021-03-18,-0.026101
91103,91004710,UAL,21793,2021-03-19,-0.000822
91103,91004710,UAL,21793,2021-03-22,-0.040151
91103,91004710,UAL,21793,2021-03-23,-0.068061
91103,91004710,UAL,21793,2021-03-24,-0.009750
91103,91004710,UAL,21793,2021-03-25,0.041241
91103,91004710,UAL,21793,2021-03-26,0.013916
91103,91004710,UAL,21793,2021-03-29,-0.011086
91103,91004710,UAL,21793,2021-03-30,0.035765
91103,91004710,UAL,21793,2021-03-31,-0.011510
91103,91004710,UAL,21793,2021-04-01,0.004866
91103,91004710,UAL,21793,2021-04-05,0.025424
91103,91004710,UAL,21793,2021-04-06,0.003205
91103,91004710,UAL,21793,2021-04-07,0.001513
91103,91004710,UAL,21793,2021-04-08,-0.002350
91103,91004710,UAL,21793,2021-04-09,-0.016827
91103,91004710,UAL,21793,2021-04-12,-0.038850
91103,91004710,UAL,21793,2021-04-13,0.008903
91103,91004710,UAL,21793,2021-04-14,0.004589
91103,91004710,UAL,21793,2021-04-15,-0.014055
91103,91004710,UAL,21793,2021-04-16,-0.004455
91103,91004710,UAL,21793,2021-04-19,-0.015751
91103,91004710,UAL,21793,2021-04-20,-0.085288
91103,91004710,UAL,21793,2021-04-21,0.031014
91103,91004710,UAL,21793,2021-04-22,-0.016005
91103,91004710,UAL,21793,2021-04-23,0.040760
91103,91004710,UAL,21793,2021-04-26,0.012615
91103,91004710,UAL,21793,2021-04-27,-0.005578
91103,91004710,UAL,21793,2021-04-28,0.001309
91103,91004710,UAL,21793,2021-04-29,0.002614
91103,91004710,UAL,21793,2021-04-30,0.013224
91103,91004710,UAL,21793,2021-05-03,0.001103
91103,91004710,UAL,21793,2021-05-04,-0.030481
91103,91004710,UAL,21793,2021-05-05,0.008902
91103,91004710,UAL,21793,2021-05-06,-0.004130
91103,91004710,UAL,21793,2021-05-07,0.031668
91103,91004710,UAL,21793,2021-05-10,-0.012790
91103,91004710,UAL,21793,2021-05-11,-0.024616
91103,91004710,UAL,21793,2021-05-12,-0.032068
91103,91004710,UAL,21793,2021-05-13,0.027838
91103,91004710,UAL,21793,2021-05-14,0.054358
91103,91004710,UAL,21793,2021-05-17,0.023336
91103,91004710,UAL,21793,2021-05-18,-0.003359
91103,91004710,UAL,21793,2021-05-19,-0.010465
91103,91004710,UAL,21793,2021-05-20,-0.012547
91103,91004710,UAL,21793,2021-05-21,0.003812
91103,91004710,UAL,21793,2021-05-24,0.015190
91103,91004710,UAL,21793,2021-05-25,0.014963
91103,91004710,UAL,21793,2021-05-26,0.018077
91103,91004710,UAL,21793,2021-05-27,0.019307
91103,91004710,UAL,21793,2021-05-28,-0.013191
91103,91004710,UAL,21793,2021-06-01,0.022622
91103,91004710,UAL,21793,2021-06-02,0.010390
91103,91004710,UAL,21793,2021-06-03,-0.042461
91103,91004710,UAL,21793,2021-06-04,-0.013858
91103,91004710,UAL,21793,2021-06-07,0.006499
91103,91004710,UAL,21793,2021-06-08,0.007504
91103,91004710,UAL,21793,2021-06-09,-0.008661
91103,91004710,UAL,21793,2021-06-10,-0.016949
91103,91004710,UAL,21793,2021-06-11,0.004621
91103,91004710,UAL,21793,2021-06-14,-0.013800
91103,91004710,UAL,21793,2021-06-15,-0.008073
91103,91004710,UAL,21793,2021-06-16,0.005607
91103,91004710,UAL,21793,2021-06-17,-0.024460
91103,91004710,UAL,21793,2021-06-18,0.012537
91103,91004710,UAL,21793,2021-06-21,0.014020
91103,91004710,UAL,21793,2021-06-22,-0.009337
91103,91004710,UAL,21793,2021-06-23,-0.000906
91103,91004710,UAL,21793,2021-06-24,-0.014151
91103,91004710,UAL,21793,2021-06-25,-0.008465
91103,91004710,UAL,21793,2021-06-28,-0.025798
91103,91004710,UAL,21793,2021-06-29,-0.006477
91103,91004710,UAL,21793,2021-06-30,0.002685
91103,91004710,UAL,21793,2021-07-01,0.015108
91103,91004710,UAL,21793,2021-07-02,-0.005840
91103,91004710,UAL,21793,2021-07-06,-0.025204
91103,91004710,UAL,21793,2021-07-07,-0.022162
91103,91004710,UAL,21793,2021-07-08,-0.012724
91103,91004710,UAL,21793,2021-07-09,0.028997
91103,91004710,UAL,21793,2021-07-12,-0.009393
91103,91004710,UAL,21793,2021-07-13,-0.041881
91103,91004710,UAL,21793,2021-07-14,-0.007010
91103,91004710,UAL,21793,2021-07-15,-0.009344
91103,91004710,UAL,21793,2021-07-16,-0.035632
91103,91004710,UAL,21793,2021-07-19,-0.055423
91103,91004710,UAL,21793,2021-07-20,0.065808
91103,91004710,UAL,21793,2021-07-21,0.038428
91103,91004710,UAL,21793,2021-07-22,-0.003119
91103,91004710,UAL,21793,2021-07-23,-0.008759
91103,91004710,UAL,21793,2021-07-26,0.040606
91103,91004710,UAL,21793,2021-07-27,-0.016377
91103,91004710,UAL,21793,2021-07-28,0.010072
91103,91004710,UAL,21793,2021-07-29,-0.013228
91103,91004710,UAL,21793,2021-07-30,-0.036502
91103,91004710,UAL,21793,2021-08-02,-0.013913
91103,91004710,UAL,21793,2021-08-03,0.010202
91103,91004710,UAL,21793,2021-08-04,-0.027073
91103,91004710,UAL,21793,2021-08-05,0.043286
91103,91004710,UAL,21793,2021-08-06,0.008044
91103,91004710,UAL,21793,2021-08-09,-0.024570
91103,91004710,UAL,21793,2021-08-10,0.026480
91103,91004710,UAL,21793,2021-08-11,0.011116
91103,91004710,UAL,21793,2021-08-12,-0.020120
91103,91004710,UAL,21793,2021-08-13,-0.015876
91103,91004710,UAL,21793,2021-08-16,-0.004087
91103,91004710,UAL,21793,2021-08-17,-0.021814
91103,91004710,UAL,21793,2021-08-18,-0.005520
91103,91004710,UAL,21793,2021-08-19,-0.024645
91103,91004710,UAL,21793,2021-08-20,0.002276
91103,91004710,UAL,21793,2021-08-23,0.034068
91103,91004710,UAL,21793,2021-08-24,0.034922
91103,91004710,UAL,21793,2021-08-25,0.009975
91103,91004710,UAL,21793,2021-08-26,-0.012187
91103,91004710,UAL,21793,2021-08-27,0.014890
91103,91004710,UAL,21793,2021-08-30,-0.037728
91103,91004710,UAL,21793,2021-08-31,0.013069
91103,91004710,UAL,21793,2021-09-01,-0.006880
91103,91004710,UAL,21793,2021-09-02,0.012340
91103,91004710,UAL,21793,2021-09-03,-0.011548
91103,91004710,UAL,21793,2021-09-07,0.007572
91103,91004710,UAL,21793,2021-09-08,-0.022332
91103,91004710,UAL,21793,2021-09-09,0.023062
91103,91004710,UAL,21793,2021-09-10,-0.048089
91103,91004710,UAL,21793,2021-09-13,0.011276
91103,91004710,UAL,21793,2021-09-14,-0.021632
91103,91004710,UAL,21793,2021-09-15,-0.000228
91103,91004710,UAL,21793,2021-09-16,0.013908
91103,91004710,UAL,21793,2021-09-17,0.001574
91103,91004710,UAL,21793,2021-09-20,0.016390
91103,91004710,UAL,21793,2021-09-21,-0.018114
91103,91004710,UAL,21793,2021-09-22,0.027672
91103,91004710,UAL,21793,2021-09-23,0.039186
91103,91004710,UAL,21793,2021-09-24,0.027807
91103,91004710,UAL,21793,2021-09-27,0.005944
91103,91004710,UAL,21793,2021-09-28,-0.008150
91103,91004710,UAL,21793,2021-09-29,0.000616
91103,91004710,UAL,21793,2021-09-30,-0.023404
91103,91004710,UAL,21793,2021-10-01,0.079252
91103,91004710,UAL,21793,2021-10-04,-0.000779
91103,91004710,UAL,21793,2021-10-05,-0.008187
91103,91004710,UAL,21793,2021-10-06,-0.012972
91103,91004710,UAL,21793,2021-10-07,-0.013939
91103,91004710,UAL,21793,2021-10-08,-0.007270
91103,91004710,UAL,21793,2021-10-11,0.000407
91103,91004710,UAL,21793,2021-10-12,0.009963
91103,91004710,UAL,21793,2021-10-13,-0.036038
91103,91004710,UAL,21793,2021-10-14,0.000627
91103,91004710,UAL,21793,2021-10-15,0.001879
91103,91004710,UAL,21793,2021-10-18,-0.017292
91103,91004710,UAL,21793,2021-10-19,-0.020140
91103,91004710,UAL,21793,2021-10-20,-0.005842
91103,91004710,UAL,21793,2021-10-21,0.016757
91103,91004710,UAL,21793,2021-10-22,0.000214
91103,91004710,UAL,21793,2021-10-25,-0.001712
91103,91004710,UAL,21793,2021-10-26,0.003001
91103,91004710,UAL,21793,2021-10-27,-0.020731
91103,91004710,UAL,21793,2021-10-28,0.004147
91103,91004710,UAL,21793,2021-10-29,0.002825
91103,91004710,UAL,21793,2021-11-01,0.041396
91103,91004710,UAL,21793,2021-11-02,-0.001457
91103,91004710,UAL,21793,2021-11-03,0.022301
91103,91004710,UAL,21793,2021-11-04,0.001835
91103,91004710,UAL,21793,2021-11-05,0.072650
91103,91004710,UAL,21793,2021-11-08,0.007589
91103,91004710,UAL,21793,2021-11-09,-0.005649
91103,91004710,UAL,21793,2021-11-10,-0.019693
91103,91004710,UAL,21793,2021-11-11,-0.008306
91103,91004710,UAL,21793,2021-11-12,-0.029412
91103,91004710,UAL,21793,2021-11-15,0.013044
91103,91004710,UAL,21793,2021-11-16,-0.025357
91103,91004710,UAL,21793,2021-11-17,-0.009350
91103,91004710,UAL,21793,2021-11-18,-0.026877
91103,91004710,UAL,21793,2021-11-19,-0.027830
91103,91004710,UAL,21793,2021-11-22,0.008024
91103,91004710,UAL,21793,2021-11-23,0.004733
91103,91004710,UAL,21793,2021-11-24,0.000642
91103,91004710,UAL,21793,2021-11-26,-0.095656
91103,91004710,UAL,21793,2021-11-29,0.006626
91103,91004710,UAL,21793,2021-11-30,-0.006582
91103,91004710,UAL,21793,2021-12-01,-0.075722
91103,91004710,UAL,21793,2021-12-02,0.066052
91103,91004710,UAL,21793,2021-12-03,-0.024736
91103,91004710,UAL,21793,2021-12-06,0.083231
91103,91004710,UAL,21793,2021-12-07,-0.013185
91103,91004710,UAL,21793,2021-12-08,0.042387
91103,91004710,UAL,21793,2021-12-09,-0.017901
91103,91004710,UAL,21793,2021-12-10,-0.008776
91103,91004710,UAL,21793,2021-12-13,-0.052440
91103,91004710,UAL,21793,2021-12-14,-0.008625
91103,91004710,UAL,21793,2021-12-15,0.002900
91103,91004710,UAL,21793,2021-12-16,-0.034940
91103,91004710,UAL,21793,2021-12-17,0.018227
91103,91004710,UAL,21793,2021-12-20,0.007847
91103,91004710,UAL,21793,2021-12-21,0.068856
91103,91004710,UAL,21793,2021-12-22,0.014569
91103,91004710,UAL,21793,2021-12-23,0.006731
91103,91004710,UAL,21793,2021-12-27,-0.006463
91103,91004710,UAL,21793,2021-12-28,0.015478
91103,91004710,UAL,21793,2021-12-29,-0.018555
91103,91004710,UAL,21793,2021-12-30,-0.006752
91103,91004710,UAL,21793,2021-12-31,-0.007931
91103,91004710,UAL,21793,2022-01-03,0.039059
91103,91004710,UAL,21793,2022-01-04,0.016707
91103,91004710,UAL,21793,2022-01-05,-0.010162
91103,91004710,UAL,21793,2022-01-06,-0.000218
91103,91004710,UAL,21793,2022-01-07,0.033646
91103,91004710,UAL,21793,2022-01-10,-0.015430
91103,91004710,UAL,21793,2022-01-11,0.006870
91103,91004710,UAL,21793,2022-01-12,-0.007676
91103,91004710,UAL,21793,2022-01-13,0.035024
91103,91004710,UAL,21793,2022-01-14,-0.029687
91103,91004710,UAL,21793,2022-01-18,-0.024176
91103,91004710,UAL,21793,2022-01-19,-0.026529
91103,91004710,UAL,21793,2022-01-20,-0.034234
91103,91004710,UAL,21793,2022-01-21,-0.028685
91103,91004710,UAL,21793,2022-01-24,-0.006242
91103,91004710,UAL,21793,2022-01-25,0.009423
91103,91004710,UAL,21793,2022-01-26,-0.008377
91103,91004710,UAL,21793,2022-01-27,-0.012069
91103,91004710,UAL,21793,2022-01-28,-0.000489
91103,91004710,UAL,21793,2022-01-31,0.048154
91103,91004710,UAL,21793,2022-02-01,0.025187
91103,91004710,UAL,21793,2022-02-02,0.003640
91103,91004710,UAL,21793,2022-02-03,-0.023572
91103,91004710,UAL,21793,2022-02-04,-0.006035
91103,91004710,UAL,21793,2022-02-07,0.037833
91103,91004710,UAL,21793,2022-02-08,0.053780
91103,91004710,UAL,21793,2022-02-09,0.044843
91103,91004710,UAL,21793,2022-02-10,0.006336
91103,91004710,UAL,21793,2022-02-11,-0.046101
91103,91004710,UAL,21793,2022-02-14,-0.000852
91103,91004710,UAL,21793,2022-02-15,0.075645
91103,91004710,UAL,21793,2022-02-16,-0.005349
91103,91004710,UAL,21793,2022-02-17,-0.036845
91103,91004710,UAL,21793,2022-02-18,-0.019231
91103,91004710,UAL,21793,2022-02-22,-0.023403
91103,91004710,UAL,21793,2022-02-23,-0.053325
91103,91004710,UAL,21793,2022-02-24,0.004789
91103,91004710,UAL,21793,2022-02-25,0.040626
91103,91004710,UAL,21793,2022-02-28,-0.031625
91103,91004710,UAL,21793,2022-03-01,-0.057432
91103,91004710,UAL,21793,2022-03-02,0.013620
91103,91004710,UAL,21793,2022-03-03,-0.048326
91103,91004710,UAL,21793,2022-03-04,-0.090661
91103,91004710,UAL,21793,2022-03-07,-0.150095
91103,91004710,UAL,21793,2022-03-08,0.033173
91103,91004710,UAL,21793,2022-03-09,0.082674
91103,91004710,UAL,21793,2022-03-10,0.008596
91103,91004710,UAL,21793,2022-03-11,-0.009375
91103,91004710,UAL,21793,2022-03-14,0.004302
91103,91004710,UAL,21793,2022-03-15,0.091947
91103,91004710,UAL,21793,2022-03-16,0.077144
91103,91004710,UAL,21793,2022-03-17,0.005584
91103,91004710,UAL,21793,2022-03-18,0.022453
91103,91004710,UAL,21793,2022-03-21,-0.035419
91103,91004710,UAL,21793,2022-03-22,0.033048
91103,91004710,UAL,21793,2022-03-23,-0.015877
91103,91004710,UAL,21793,2022-03-24,0.030099
91103,91004710,UAL,21793,2022-03-25,0.009350
91103,91004710,UAL,21793,2022-03-28,0.015748
91103,91004710,UAL,21793,2022-03-29,0.041268
91103,91004710,UAL,21793,2022-03-30,0.004160
91103,91004710,UAL,21793,2022-03-31,0.010903
91103,91004710,UAL,21793,2022-04-01,-0.012511
91103,91004710,UAL,21793,2022-04-04,-0.005461
91103,91004710,UAL,21793,2022-04-05,-0.018010
91103,91004710,UAL,21793,2022-04-06,-0.036681
91103,91004710,UAL,21793,2022-04-07,-0.015556
91103,91004710,UAL,21793,2022-04-08,-0.010377
91103,91004710,UAL,21793,2022-04-11,0.010963
91103,91004710,UAL,21793,2022-04-12,0.007308
91103,91004710,UAL,21793,2022-04-13,0.056401
91103,91004710,UAL,21793,2022-04-14,-0.000222
91103,91004710,UAL,21793,2022-04-18,-0.025704
91103,91004710,UAL,21793,2022-04-19,0.045031
91103,91004710,UAL,21793,2022-04-20,0.012405
91103,91004710,UAL,21793,2022-04-21,0.093078
91103,91004710,UAL,21793,2022-04-22,0.011996
91103,91004710,UAL,21793,2022-04-25,-0.003109
91103,91004710,UAL,21793,2022-04-26,-0.047563
91103,91004710,UAL,21793,2022-04-27,0.029063
91103,91004710,UAL,21793,2022-04-28,0.030628
91103,91004710,UAL,21793,2022-04-29,-0.025473
91103,91004710,UAL,21793,2022-05-02,-0.006139
91103,91004710,UAL,21793,2022-05-03,0.023710
91103,91004710,UAL,21793,2022-05-04,0.010121
91103,91004710,UAL,21793,2022-05-05,-0.057803
91103,91004710,UAL,21793,2022-05-06,-0.028221
91103,91004710,UAL,21793,2022-05-09,-0.088594
91103,91004710,UAL,21793,2022-05-10,0.018702
91103,91004710,UAL,21793,2022-05-11,-0.021306
91103,91004710,UAL,21793,2022-05-12,-0.038907
91103,91004710,UAL,21793,2022-05-13,0.042651
91103,91004710,UAL,21793,2022-05-16,0.006240
91103,91004710,UAL,21793,2022-05-17,0.078778
91103,91004710,UAL,21793,2022-05-18,-0.049819
91103,91004710,UAL,21793,2022-05-19,-0.009411
91103,91004710,UAL,21793,2022-05-20,-0.014929
91103,91004710,UAL,21793,2022-05-23,0.027784
91103,91004710,UAL,21793,2022-05-24,-0.071269
91103,91004710,UAL,21793,2022-05-25,0.036324
91103,91004710,UAL,21793,2022-05-26,0.069406
91103,91004710,UAL,21793,2022-05-27,0.050792
91103,91004710,UAL,21793,2022-05-31,-0.016112
91103,91004710,UAL,21793,2022-06-01,-0.044930
91103,91004710,UAL,21793,2022-06-02,0.006155
91103,91004710,UAL,21793,2022-06-03,-0.029277
91103,91004710,UAL,21793,2022-06-06,0.007427
91103,91004710,UAL,21793,2022-06-07,0.037757
91103,91004710,UAL,21793,2022-06-08,-0.039828
91103,91004710,UAL,21793,2022-06-09,-0.042601
91103,91004710,UAL,21793,2022-06-10,-0.036066
91103,91004710,UAL,21793,2022-06-13,-0.100583
91103,91004710,UAL,21793,2022-06-14,-0.000810
91103,91004710,UAL,21793,2022-06-15,0.024331
91103,91004710,UAL,21793,2022-06-16,-0.082080
91103,91004710,UAL,21793,2022-06-17,0.043128
91103,91004710,UAL,21793,2022-06-21,0.006064
91103,91004710,UAL,21793,2022-06-22,0.006027
91103,91004710,UAL,21793,2022-06-23,-0.024782
91103,91004710,UAL,21793,2022-06-24,0.075398
91103,91004710,UAL,21793,2022-06-27,-0.034017
91103,91004710,UAL,21793,2022-06-28,-0.006183
91103,91004710,UAL,21793,2022-06-29,-0.034893
91103,91004710,UAL,21793,2022-06-30,-0.007287
91103,91004710,UAL,21793,2022-07-01,0.028797
91103,91004710,UAL,21793,2022-07-05,0.014544
91103,91004710,UAL,21793,2022-07-06,-0.008385
91103,91004710,UAL,21793,2022-07-07,0.000818
91103,91004710,UAL,21793,2022-07-08,-0.005996
91103,91004710,UAL,21793,2022-07-11,-0.030162
91103,91004710,UAL,21793,2022-07-12,0.080859
91103,91004710,UAL,21793,2022-07-13,-0.008370
91103,91004710,UAL,21793,2022-07-14,-0.001583
91103,91004710,UAL,21793,2022-07-15,0.024571
91103,91004710,UAL,21793,2022-07-18,0.014440
91103,91004710,UAL,21793,2022-07-19,0.054143
91103,91004710,UAL,21793,2022-07-20,0.005064
91103,91004710,UAL,21793,2022-07-21,-0.101727
91103,91004710,UAL,21793,2022-07-22,-0.029647
91103,91004710,UAL,21793,2022-07-25,0.000275
91103,91004710,UAL,21793,2022-07-26,-0.027518
91103,91004710,UAL,21793,2022-07-27,0.030560
91103,91004710,UAL,21793,2022-07-28,0.008786
91103,91004710,UAL,21793,2022-07-29,0.000272
91103,91004710,UAL,21793,2022-08-01,0.025578
91103,91004710,UAL,21793,2022-08-02,-0.012205
91103,91004710,UAL,21793,2022-08-03,0.037604
91103,91004710,UAL,21793,2022-08-04,0.000000
91103,91004710,UAL,21793,2022-08-05,-0.020968
91103,91004710,UAL,21793,2022-08-08,0.021946
91103,91004710,UAL,21793,2022-08-09,-0.021992
91103,91004710,UAL,21793,2022-08-10,0.023545
91103,91004710,UAL,21793,2022-08-11,-0.000517
91103,91004710,UAL,21793,2022-08-12,0.017326
91103,91004710,UAL,21793,2022-08-15,0.013218
91103,91004710,UAL,21793,2022-08-16,0.010788
91103,91004710,UAL,21793,2022-08-17,-0.033011
91103,91004710,UAL,21793,2022-08-18,0.002567
91103,91004710,UAL,21793,2022-08-19,-0.039939
91103,91004710,UAL,21793,2022-08-22,-0.030400
91103,91004710,UAL,21793,2022-08-23,0.015127
91103,91004710,UAL,21793,2022-08-24,0.013005
91103,91004710,UAL,21793,2022-08-25,0.023536
91103,91004710,UAL,21793,2022-08-26,-0.044421
91103,91004710,UAL,21793,2022-08-29,-0.015040
91103,91004710,UAL,21793,2022-08-30,-0.002221
91103,91004710,UAL,21793,2022-08-31,-0.025876
91103,91004710,UAL,21793,2022-09-01,0.004856
91103,91004710,UAL,21793,2022-09-02,0.003695
91103,91004710,UAL,21793,2022-09-06,0.035967
91103,91004710,UAL,21793,2022-09-07,0.055221
91103,91004710,UAL,21793,2022-09-08,0.007254
91103,91004710,UAL,21793,2022-09-09,0.009774
91103,91004710,UAL,21793,2022-09-12,-0.001019
91103,91004710,UAL,21793,2022-09-13,-0.036461
91103,91004710,UAL,21793,2022-09-14,0.016936
91103,91004710,UAL,21793,2022-09-15,0.012230
91103,91004710,UAL,21793,2022-09-16,-0.036504
91103,91004710,UAL,21793,2022-09-19,0.032551
91103,91004710,UAL,21793,2022-09-20,-0.013695
91103,91004710,UAL,21793,2022-09-21,-0.053707
91103,91004710,UAL,21793,2022-09-22,-0.046235
91103,91004710,UAL,21793,2022-09-23,-0.040058
91103,91004710,UAL,21793,2022-09-26,-0.035379
91103,91004710,UAL,21793,2022-09-27,0.029154
91103,91004710,UAL,21793,2022-09-28,0.033201
91103,91004710,UAL,21793,2022-09-29,-0.029776
91103,91004710,UAL,21793,2022-09-30,-0.011547
91103,91004710,UAL,21793,2022-10-03,0.008607
91103,91004710,UAL,21793,2022-10-04,0.076806
91103,91004710,UAL,21793,2022-10-05,0.002547
91103,91004710,UAL,21793,2022-10-06,-0.012987
91103,91004710,UAL,21793,2022-10-07,-0.031465
91103,91004710,UAL,21793,2022-10-10,0.010041
91103,91004710,UAL,21793,2022-10-11,-0.007895
91103,91004710,UAL,21793,2022-10-12,0.008842
91103,91004710,UAL,21793,2022-10-13,0.034181
91103,91004710,UAL,21793,2022-10-14,0.001977
91103,91004710,UAL,21793,2022-10-17,0.017761
91103,91004710,UAL,21793,2022-10-18,0.031856
91103,91004710,UAL,21793,2022-10-19,0.049664
91103,91004710,UAL,21793,2022-10-20,-0.001279
91103,91004710,UAL,21793,2022-10-21,0.035595
91103,91004710,UAL,21793,2022-10-24,0.035608
91103,91004710,UAL,21793,2022-10-25,0.017192
91103,91004710,UAL,21793,2022-10-26,-0.003521
91103,91004710,UAL,21793,2022-10-27,0.012721
91103,91004710,UAL,21793,2022-10-28,0.016981
91103,91004710,UAL,21793,2022-10-31,-0.014639
91103,91004710,UAL,21793,2022-11-01,-0.009749
91103,91004710,UAL,21793,2022-11-02,-0.036334
91103,91004710,UAL,21793,2022-11-03,-0.003892
91103,91004710,UAL,21793,2022-11-04,0.040781
91103,91004710,UAL,21793,2022-11-07,0.003754
91103,91004710,UAL,21793,2022-11-08,-0.014025
91103,91004710,UAL,21793,2022-11-09,0.004505
91103,91004710,UAL,21793,2022-11-10,0.046259
91103,91004710,UAL,21793,2022-11-11,0.008572
91103,91004710,UAL,21793,2022-11-14,-0.015209
91103,91004710,UAL,21793,2022-11-15,0.000227
91103,91004710,UAL,21793,2022-11-16,-0.017030
91103,91004710,UAL,21793,2022-11-17,-0.000924
91103,91004710,UAL,21793,2022-11-18,0.013179
91103,91004710,UAL,21793,2022-11-21,-0.008900
91103,91004710,UAL,21793,2022-11-22,0.000000
91103,91004710,UAL,21793,2022-11-23,0.005987
91103,91004710,UAL,21793,2022-11-25,0.016709
91103,91004710,UAL,21793,2022-11-28,-0.031517
91103,91004710,UAL,21793,2022-11-29,0.015574
91103,91004710,UAL,21793,2022-11-30,0.010986
91103,91004710,UAL,21793,2022-12-01,-0.006339
91103,91004710,UAL,21793,2022-12-02,0.000000
91103,91004710,UAL,21793,2022-12-05,0.025974
91103,91004710,UAL,21793,2022-12-06,0.019765
91103,91004710,UAL,21793,2022-12-07,-0.040505
91103,91004710,UAL,21793,2022-12-08,-0.028597
91103,91004710,UAL,21793,2022-12-09,0.005607
91103,91004710,UAL,21793,2022-12-12,0.027881
91103,91004710,UAL,21793,2022-12-13,-0.069394
91103,91004710,UAL,21793,2022-12-14,-0.025990
91103,91004710,UAL,21793,2022-12-15,-0.038653
91103,91004710,UAL,21793,2022-12-16,-0.003113
91103,91004710,UAL,21793,2022-12-19,-0.011710
91103,91004710,UAL,21793,2022-12-20,0.015008
91103,91004710,UAL,21793,2022-12-21,0.011673
91103,91004710,UAL,21793,2022-12-22,-0.018462
91103,91004710,UAL,21793,2022-12-23,0.002874
91103,91004710,UAL,21793,2022-12-27,-0.004949
91103,91004710,UAL,21793,2022-12-28,-0.023822
91103,91004710,UAL,21793,2022-12-29,0.016895
91103,91004710,UAL,21793,2022-12-30,-0.005802
91926,24736170,DAL,20569,2018-01-02,0.013214
91926,24736170,DAL,20569,2018-01-03,-0.018505
91926,24736170,DAL,20569,2018-01-04,0.000000
91926,24736170,DAL,20569,2018-01-05,0.005028
91926,24736170,DAL,20569,2018-01-08,-0.023048
91926,24736170,DAL,20569,2018-01-09,-0.009327
91926,24736170,DAL,20569,2018-01-10,0.031198
91926,24736170,DAL,20569,2018-01-11,0.047619
91926,24736170,DAL,20569,2018-01-12,0.022386
91926,24736170,DAL,20569,2018-01-16,-0.008023
91926,24736170,DAL,20569,2018-01-17,0.006234
91926,24736170,DAL,20569,2018-01-18,-0.004521
91926,24736170,DAL,20569,2018-01-19,0.009420
91926,24736170,DAL,20569,2018-01-22,0.002000
91926,24736170,DAL,20569,2018-01-23,-0.003326
91926,24736170,DAL,20569,2018-01-24,-0.052228
91926,24736170,DAL,20569,2018-01-25,-0.035035
91926,24736170,DAL,20569,2018-01-26,0.008210
91926,24736170,DAL,20569,2018-01-29,0.009048
91926,24736170,DAL,20569,2018-01-30,0.006456
91926,24736170,DAL,20569,2018-01-31,0.011582
91926,24736170,DAL,20569,2018-02-01,-0.006165
91926,24736170,DAL,20569,2018-02-02,-0.031904
91926,24736170,DAL,20569,2018-02-05,-0.038447
91926,24736170,DAL,20569,2018-02-06,0.011043
91926,24736170,DAL,20569,2018-02-07,0.014124
91926,24736170,DAL,20569,2018-02-08,-0.048654
91926,24736170,DAL,20569,2018-02-09,-0.015030
91926,24736170,DAL,20569,2018-02-12,0.031510
91926,24736170,DAL,20569,2018-02-13,0.002305
91926,24736170,DAL,20569,2018-02-14,0.000575
91926,24736170,DAL,20569,2018-02-15,0.014368
91926,24736170,DAL,20569,2018-02-16,-0.001889
91926,24736170,DAL,20569,2018-02-20,-0.007190
91926,24736170,DAL,20569,2018-02-21,0.013150
91926,24736170,DAL,20569,2018-02-22,-0.005737
91926,24736170,DAL,20569,2018-02-23,0.017317
91926,24736170,DAL,20569,2018-02-26,0.023008
91926,24736170,DAL,20569,2018-02-27,-0.019565
91926,24736170,DAL,20569,2018-02-28,0.005222
91926,24736170,DAL,20569,2018-03-01,-0.010204
91926,24736170,DAL,20569,2018-03-02,-0.001687
91926,24736170,DAL,20569,2018-03-05,0.009951
91926,24736170,DAL,20569,2018-03-06,0.000930
91926,24736170,DAL,20569,2018-03-07,-0.005758
91926,24736170,DAL,20569,2018-03-08,0.020736
91926,24736170,DAL,20569,2018-03-09,0.026537
91926,24736170,DAL,20569,2018-03-12,0.001248
91926,24736170,DAL,20569,2018-03-13,0.007657
91926,24736170,DAL,20569,2018-03-14,-0.007775
91926,24736170,DAL,20569,2018-03-15,0.003384
91926,24736170,DAL,20569,2018-03-16,0.006212
91926,24736170,DAL,20569,2018-03-19,-0.012877
91926,24736170,DAL,20569,2018-03-20,0.009650
91926,24736170,DAL,20569,2018-03-21,-0.009735
91926,24736170,DAL,20569,2018-03-22,-0.022878
91926,24736170,DAL,20569,2018-03-23,-0.014085
91926,24736170,DAL,20569,2018-03-26,0.021521
91926,24736170,DAL,20569,2018-03-27,-0.014530
91926,24736170,DAL,20569,2018-03-28,-0.006082
91926,24736170,DAL,20569,2018-03-29,0.016317
91926,24736170,DAL,20569,2018-04-02,-0.052180
91926,24736170,DAL,20569,2018-04-03,0.034071
91926,24736170,DAL,20569,2018-04-04,0.002606
91926,24736170,DAL,20569,2018-04-05,0.006498
91926,24736170,DAL,20569,2018-04-06,-0.021398
91926,24736170,DAL,20569,2018-04-09,-0.009237
91926,24736170,DAL,20569,2018-04-10,-0.003805
91926,24736170,DAL,20569,2018-04-11,-0.016998
91926,24736170,DAL,20569,2018-04-12,0.029337
91926,24736170,DAL,20569,2018-04-13,-0.001133
91926,24736170,DAL,20569,2018-04-16,0.026077
91926,24736170,DAL,20569,2018-04-17,0.004604
91926,24736170,DAL,20569,2018-04-18,0.012099
91926,24736170,DAL,20569,2018-04-19,-0.002536
91926,24736170,DAL,20569,2018-04-20,0.005992
91926,24736170,DAL,20569,2018-04-23,-0.014260
91926,24736170,DAL,20569,2018-04-24,-0.014649
91926,24736170,DAL,20569,2018-04-25,0.015610
91926,24736170,DAL,20569,2018-04-26,-0.027813
91926,24736170,DAL,20569,2018-04-27,0.006964
91926,24736170,DAL,20569,2018-04-30,-0.023925
91926,24736170,DAL,20569,2018-05-01,0.009958
91926,24736170,DAL,20569,2018-05-02,-0.007205
91926,24736170,DAL,20569,2018-05-03,-0.010886
91926,24736170,DAL,20569,2018-05-04,0.010620
91926,24736170,DAL,20569,2018-05-07,-0.008407
91926,24736170,DAL,20569,2018-05-08,0.009056
91926,24736170,DAL,20569,2018-05-09,-0.014321
91926,24736170,DAL,20569,2018-05-10,0.014432
91926,24736170,DAL,20569,2018-05-11,0.016135
91926,24736170,DAL,20569,2018-05-14,-0.015312
91926,24736170,DAL,20569,2018-05-15,0.005375
91926,24736170,DAL,20569,2018-05-16,0.021195
91926,24736170,DAL,20569,2018-05-17,-0.007105
91926,24736170,DAL,20569,2018-05-18,-0.002825
91926,24736170,DAL,20569,2018-05-21,0.019452
91926,24736170,DAL,20569,2018-05-22,-0.008522
91926,24736170,DAL,20569,2018-05-23,-0.002242
91926,24736170,DAL,20569,2018-05-24,0.018727
91926,24736170,DAL,20569,2018-05-25,0.027022
91926,24736170,DAL,20569,2018-05-29,-0.029354
91926,24736170,DAL,20569,2018-05-30,0.001475
91926,24736170,DAL,20569,2018-05-31,-0.004787
91926,24736170,DAL,20569,2018-06-01,0.006846
91926,24736170,DAL,20569,2018-06-04,0.014149
91926,24736170,DAL,20569,2018-06-05,-0.009422
91926,24736170,DAL,20569,2018-06-06,-0.009146
91926,24736170,DAL,20569,2018-06-07,-0.013107
91926,24736170,DAL,20569,2018-06-08,0.011785
91926,24736170,DAL,20569,2018-06-11,0.014790
91926,24736170,DAL,20569,2018-06-12,-0.006194
91926,24736170,DAL,20569,2018-06-13,0.001833
91926,24736170,DAL,20569,2018-06-14,0.004575
91926,24736170,DAL,20569,2018-06-15,0.005100
91926,24736170,DAL,20569,2018-06-18,-0.006887
91926,24736170,DAL,20569,2018-06-19,-0.018613
91926,24736170,DAL,20569,2018-06-20,0.001116
91926,24736170,DAL,20569,2018-06-21,-0.002043
91926,24736170,DAL,20569,2018-06-22,-0.018798
91926,24736170,DAL,20569,2018-06-25,-0.026745
91926,24736170,DAL,20569,2018-06-26,-0.004677
91926,24736170,DAL,20569,2018-06-27,-0.023106
91926,24736170,DAL,20569,2018-06-28,-0.001804
91926,24736170,DAL,20569,2018-06-29,-0.005221
91926,24736170,DAL,20569,2018-07-02,0.007671
91926,24736170,DAL,20569,2018-07-03,-0.022837
91926,24736170,DAL,20569,2018-07-05,0.009840
91926,24736170,DAL,20569,2018-07-06,0.006496
91926,24736170,DAL,20569,2018-07-09,0.018758
91926,24736170,DAL,20569,2018-07-10,0.001782
91926,24736170,DAL,20569,2018-07-11,-0.015020
91926,24736170,DAL,20569,2018-07-12,0.017857
91926,24736170,DAL,20569,2018-07-13,0.000788
91926,24736170,DAL,20569,2018-07-16,-0.001970
91926,24736170,DAL,20569,2018-07-17,0.009276
91926,24736170,DAL,20569,2018-07-18,0.032460
91926,24736170,DAL,20569,2018-07-19,0.003788
91926,24736170,DAL,20569,2018-07-20,-0.019057
91926,24736170,DAL,20569,2018-07-23,0.004809
91926,24736170,DAL,20569,2018-07-24,-0.010720
91926,24736170,DAL,20569,2018-07-25,0.006385
91926,24736170,DAL,20569,2018-07-26,0.044909
91926,24736170,DAL,20569,2018-07-27,0.008892
91926,24736170,DAL,20569,2018-07-30,-0.012303
91926,24736170,DAL,20569,2018-07-31,0.011712
91926,24736170,DAL,20569,2018-08-01,-0.015252
91926,24736170,DAL,20569,2018-08-02,0.005971
91926,24736170,DAL,20569,2018-08-03,0.006492
91926,24736170,DAL,20569,2018-08-06,0.002949
91926,24736170,DAL,20569,2018-08-07,0.005145
91926,24736170,DAL,20569,2018-08-08,0.009689
91926,24736170,DAL,20569,2018-08-09,0.001992
91926,24736170,DAL,20569,2018-08-10,-0.011384
91926,24736170,DAL,20569,2018-08-13,-0.008956
91926,24736170,DAL,20569,2018-08-14,0.009959
91926,24736170,DAL,20569,2018-08-15,0.008583
91926,24736170,DAL,20569,2018-08-16,0.003983
91926,24736170,DAL,20569,2018-08-17,0.003607
91926,24736170,DAL,20569,2018-08-20,0.031806
91926,24736170,DAL,20569,2018-08-21,0.003135
91926,24736170,DAL,20569,2018-08-22,-0.011979
91926,24736170,DAL,20569,2018-08-23,0.000527
91926,24736170,DAL,20569,2018-08-24,0.004215
91926,24736170,DAL,20569,2018-08-27,0.009969
91926,24736170,DAL,20569,2018-08-28,0.018009
91926,24736170,DAL,20569,2018-08-29,-0.004593
91926,24736170,DAL,20569,2018-08-30,-0.001367
91926,24736170,DAL,20569,2018-08-31,0.000684
91926,24736170,DAL,20569,2018-09-04,0.006840
91926,24736170,DAL,20569,2018-09-05,-0.028363
91926,24736170,DAL,20569,2018-09-06,-0.013459
91926,24736170,DAL,20569,2018-09-07,0.007442
91926,24736170,DAL,20569,2018-09-10,0.012311
91926,24736170,DAL,20569,2018-09-11,0.012335
91926,24736170,DAL,20569,2018-09-12,-0.015102
91926,24736170,DAL,20569,2018-09-13,0.007493
91926,24736170,DAL,20569,2018-09-14,0.001902
91926,24736170,DAL,20569,2018-09-17,0.000518
91926,24736170,DAL,20569,2018-09-18,-0.002243
91926,24736170,DAL,20569,2018-09-19,0.001210
91926,24736170,DAL,20569,2018-09-20,0.003972
91926,24736170,DAL,20569,2018-09-21,0.025460
91926,24736170,DAL,20569,2018-09-24,-0.036907
91926,24736170,DAL,20569,2018-09-25,-0.005400
91926,24736170,DAL,20569,2018-09-26,0.007180
91926,24736170,DAL,20569,2018-09-27,0.008520
91926,24736170,DAL,20569,2018-09-28,-0.002931
91926,24736170,DAL,20569,2018-10-01,-0.021269
91926,24736170,DAL,20569,2018-10-02,-0.033746
91926,24736170,DAL,20569,2018-10-03,-0.006765
91926,24736170,DAL,20569,2018-10-04,-0.013991
91926,24736170,DAL,20569,2018-10-05,-0.016057
91926,24736170,DAL,20569,2018-10-08,-0.010626
91926,24736170,DAL,20569,2018-10-09,-0.024549
91926,24736170,DAL,20569,2018-10-10,-0.022611
91926,24736170,DAL,20569,2018-10-11,0.035607
91926,24736170,DAL,20569,2018-10-12,0.011072
91926,24736170,DAL,20569,2018-10-15,-0.004035
91926,24736170,DAL,20569,2018-10-16,0.024498
91926,24736170,DAL,20569,2018-10-17,0.022406
91926,24736170,DAL,20569,2018-10-18,-0.021547
91926,24736170,DAL,20569,2018-10-19,0.004894
91926,24736170,DAL,20569,2018-10-22,0.015921
91926,24736170,DAL,20569,2018-10-23,-0.014565
91926,24736170,DAL,20569,2018-10-24,-0.036296
91926,24736170,DAL,20569,2018-10-25,0.042710
91926,24736170,DAL,20569,2018-10-26,-0.008006
91926,24736170,DAL,20569,2018-10-29,0.002628
91926,24736170,DAL,20569,2018-10-30,0.031823
91926,24736170,DAL,20569,2018-10-31,-0.007075
91926,24736170,DAL,20569,2018-11-01,0.023936
91926,24736170,DAL,20569,2018-11-02,0.001428
91926,24736170,DAL,20569,2018-11-05,-0.001247
91926,24736170,DAL,20569,2018-11-06,-0.004103
91926,24736170,DAL,20569,2018-11-07,0.023797
91926,24736170,DAL,20569,2018-11-08,-0.001057
91926,24736170,DAL,20569,2018-11-09,-0.001410
91926,24736170,DAL,20569,2018-11-12,0.000883
91926,24736170,DAL,20569,2018-11-13,0.002116
91926,24736170,DAL,20569,2018-11-14,-0.006864
91926,24736170,DAL,20569,2018-11-15,-0.005848
91926,24736170,DAL,20569,2018-11-16,-0.003565
91926,24736170,DAL,20569,2018-11-19,0.005188
91926,24736170,DAL,20569,2018-11-20,-0.013881
91926,24736170,DAL,20569,2018-11-21,0.010106
91926,24736170,DAL,20569,2018-11-23,0.021261
91926,24736170,DAL,20569,2018-11-26,-0.007873
91926,24736170,DAL,20569,2018-11-27,0.028214
91926,24736170,DAL,20569,2018-11-28,0.009604
91926,24736170,DAL,20569,2018-11-29,-0.000170
91926,24736170,DAL,20569,2018-11-30,0.031431
91926,24736170,DAL,20569,2018-12-03,-0.009718
91926,24736170,DAL,20569,2018-12-04,-0.052894
91926,24736170,DAL,20569,2018-12-06,0.020021
91926,24736170,DAL,20569,2018-12-07,-0.034607
91926,24736170,DAL,20569,2018-12-10,0.004459
91926,24736170,DAL,20569,2018-12-11,-0.007635
91926,24736170,DAL,20569,2018-12-12,0.006799
91926,24736170,DAL,20569,2018-12-13,-0.048338
91926,24736170,DAL,20569,2018-12-14,-0.000747
91926,24736170,DAL,20569,2018-12-17,-0.020931
91926,24736170,DAL,20569,2018-12-18,0.010689
91926,24736170,DAL,20569,2018-12-19,-0.019263
91926,24736170,DAL,20569,2018-12-20,-0.019642
91926,24736170,DAL,20569,2018-12-21,-0.028678
91926,24736170,DAL,20569,2018-12-24,-0.030131
91926,24736170,DAL,20569,2018-12-26,0.051084
91926,24736170,DAL,20569,2018-12-27,0.001785
91926,24736170,DAL,20569,2018-12-28,-0.006337
91926,24736170,DAL,20569,2018-12-31,-0.005580
91926,24736170,DAL,20569,2019-01-02,0.003808
91926,24736170,DAL,20569,2019-01-03,-0.089439
91926,24736170,DAL,20569,2019-01-04,0.047797
91926,24736170,DAL,20569,2019-01-07,0.001255
91926,24736170,DAL,20569,2019-01-08,-0.007941
91926,24736170,DAL,20569,2019-01-09,0.021066
91926,24736170,DAL,20569,2019-01-10,0.005364
91926,24736170,DAL,20569,2019-01-11,-0.003489
91926,24736170,DAL,20569,2019-01-14,-0.016680
91926,24736170,DAL,20569,2019-01-15,0.001675
91926,24736170,DAL,20569,2019-01-16,-0.006899
91926,24736170,DAL,20569,2019-01-17,0.015158
91926,24736170,DAL,20569,2019-01-18,-0.002281
91926,24736170,DAL,20569,2019-01-22,-0.020994
91926,24736170,DAL,20569,2019-01-23,0.004246
91926,24736170,DAL,20569,2019-01-24,0.004651
91926,24736170,DAL,20569,2019-01-25,0.003577
91926,24736170,DAL,20569,2019-01-28,0.006710
91926,24736170,DAL,20569,2019-01-29,0.004374
91926,24736170,DAL,20569,2019-01-30,0.042513
91926,24736170,DAL,20569,2019-01-31,-0.016710
91926,24736170,DAL,20569,2019-02-01,0.009913
91926,24736170,DAL,20569,2019-02-04,0.008413
91926,24736170,DAL,20569,2019-02-05,0.003973
91926,24736170,DAL,20569,2019-02-06,-0.000396
91926,24736170,DAL,20569,2019-02-07,-0.002177
91926,24736170,DAL,20569,2019-02-08,0.001190
91926,24736170,DAL,20569,2019-02-11,0.002774
91926,24736170,DAL,20569,2019-02-12,-0.014226
91926,24736170,DAL,20569,2019-02-13,0.010423
91926,24736170,DAL,20569,2019-02-14,0.001389
91926,24736170,DAL,20569,2019-02-15,0.011886
91926,24736170,DAL,20569,2019-02-19,0.014487
91926,24736170,DAL,20569,2019-02-20,-0.011193
91926,24736170,DAL,20569,2019-02-21,0.004684
91926,24736170,DAL,20569,2019-02-22,0.000777
91926,24736170,DAL,20569,2019-02-25,-0.002135
91926,24736170,DAL,20569,2019-02-26,-0.005641
91926,24736170,DAL,20569,2019-02-27,-0.013498
91926,24736170,DAL,20569,2019-02-28,-0.009915
91926,24736170,DAL,20569,2019-03-01,-0.012505
91926,24736170,DAL,20569,2019-03-04,-0.003472
91926,24736170,DAL,20569,2019-03-05,0.019061
91926,24736170,DAL,20569,2019-03-06,-0.000201
91926,24736170,DAL,20569,2019-03-07,-0.002414
91926,24736170,DAL,20569,2019-03-08,0.000000
91926,24736170,DAL,20569,2019-03-11,0.030853
91926,24736170,DAL,20569,2019-03-12,-0.008803
91926,24736170,DAL,20569,2019-03-13,0.006907
91926,24736170,DAL,20569,2019-03-14,-0.001568
91926,24736170,DAL,20569,2019-03-15,0.004908
91926,24736170,DAL,20569,2019-03-18,-0.008791
91926,24736170,DAL,20569,2019-03-19,0.004336
91926,24736170,DAL,20569,2019-03-20,-0.021389
91926,24736170,DAL,20569,2019-03-21,0.008622
91926,24736170,DAL,20569,2019-03-22,-0.010736
91926,24736170,DAL,20569,2019-03-25,-0.014670
91926,24736170,DAL,20569,2019-03-26,0.001224
91926,24736170,DAL,20569,2019-03-27,0.017926
91926,24736170,DAL,20569,2019-03-28,0.007004
91926,24736170,DAL,20569,2019-03-29,0.026431
91926,24736170,DAL,20569,2019-04-01,0.010261
91926,24736170,DAL,20569,2019-04-02,0.060368
91926,24736170,DAL,20569,2019-04-03,0.030183
91926,24736170,DAL,20569,2019-04-04,0.003860
91926,24736170,DAL,20569,2019-04-05,0.008913
91926,24736170,DAL,20569,2019-04-08,-0.000346
91926,24736170,DAL,20569,2019-04-09,-0.013169
91926,24736170,DAL,20569,2019-04-10,0.015979
91926,24736170,DAL,20569,2019-04-11,0.009160
91926,24736170,DAL,20569,2019-04-12,-0.005823
91926,24736170,DAL,20569,2019-04-15,-0.010336
91926,24736170,DAL,20569,2019-04-16,0.011488
91926,24736170,DAL,20569,2019-04-17,0.005507
91926,24736170,DAL,20569,2019-04-18,-0.004450
91926,24736170,DAL,20569,2019-04-22,-0.007220
91926,24736170,DAL,20569,2019-04-23,0.008485
91926,24736170,DAL,20569,2019-04-24,-0.006696
91926,24736170,DAL,20569,2019-04-25,-0.019706
91926,24736170,DAL,20569,2019-04-26,0.007053
91926,24736170,DAL,20569,2019-04-29,0.010856
91926,24736170,DAL,20569,2019-04-30,0.009700
91926,24736170,DAL,20569,2019-05-01,-0.013038
91926,24736170,DAL,20569,2019-05-02,0.008395
91926,24736170,DAL,20569,2019-05-03,0.002428
91926,24736170,DAL,20569,2019-05-06,-0.001211
91926,24736170,DAL,20569,2019-05-07,-0.009700
91926,24736170,DAL,20569,2019-05-08,-0.012594
91926,24736170,DAL,20569,2019-05-09,0.002480
91926,24736170,DAL,20569,2019-05-10,0.000530
91926,24736170,DAL,20569,2019-05-13,-0.032144
91926,24736170,DAL,20569,2019-05-14,0.008212
91926,24736170,DAL,20569,2019-05-15,-0.003620
91926,24736170,DAL,20569,2019-05-16,0.005995
91926,24736170,DAL,20569,2019-05-17,-0.008848
91926,24736170,DAL,20569,2019-05-20,-0.011113
91926,24736170,DAL,20569,2019-05-21,0.010133
91926,24736170,DAL,20569,2019-05-22,-0.014043
91926,24736170,DAL,20569,2019-05-23,-0.001110
91926,24736170,DAL,20569,2019-05-24,0.002222
91926,24736170,DAL,20569,2019-05-28,-0.004435
91926,24736170,DAL,20569,2019-05-29,-0.012435
91926,24736170,DAL,20569,2019-05-30,-0.003383
91926,24736170,DAL,20569,2019-05-31,-0.028852
91926,24736170,DAL,20569,2019-06-03,0.011650
91926,24736170,DAL,20569,2019-06-04,0.042418
91926,24736170,DAL,20569,2019-06-05,0.011600
91926,24736170,DAL,20569,2019-06-06,-0.004550
91926,24736170,DAL,20569,2019-06-07,0.006948
91926,24736170,DAL,20569,2019-06-10,-0.006174
91926,24736170,DAL,20569,2019-06-11,0.002741
91926,24736170,DAL,20569,2019-06-12,0.010386
91926,24736170,DAL,20569,2019-06-13,0.019297
91926,24736170,DAL,20569,2019-06-14,-0.009377
91926,24736170,DAL,20569,2019-06-17,-0.005715
91926,24736170,DAL,20569,2019-06-18,0.006467
91926,24736170,DAL,20569,2019-06-19,0.005890
91926,24736170,DAL,20569,2019-06-20,-0.006920
91926,24736170,DAL,20569,2019-06-21,0.000357
91926,24736170,DAL,20569,2019-06-24,0.001429
91926,24736170,DAL,20569,2019-06-25,-0.002675
91926,24736170,DAL,20569,2019-06-26,0.008226
91926,24736170,DAL,20569,2019-06-27,0.007804
91926,24736170,DAL,20569,2019-06-28,-0.001232
91926,24736170,DAL,20569,2019-07-01,0.018326
91926,24736170,DAL,20569,2019-07-02,0.012978
91926,24736170,DAL,20569,2019-07-03,0.010420
91926,24736170,DAL,20569,2019-07-05,-0.007608
91926,24736170,DAL,20569,2019-07-08,0.011414
91926,24736170,DAL,20569,2019-07-09,-0.006906
91926,24736170,DAL,20569,2019-07-10,0.008650
91926,24736170,DAL,20569,2019-07-11,0.011602
91926,24736170,DAL,20569,2019-07-12,0.024767
91926,24736170,DAL,20569,2019-07-15,0.000811
91926,24736170,DAL,20569,2019-07-16,0.023663
91926,24736170,DAL,20569,2019-07-17,-0.014408
91926,24736170,DAL,20569,2019-07-18,0.006586
91926,24736170,DAL,20569,2019-07-19,-0.027929
91926,24736170,DAL,20569,2019-07-22,0.006239
91926,24736170,DAL,20569,2019-07-23,0.029369
91926,24736170,DAL,20569,2019-07-24,0.007489
91926,24736170,DAL,20569,2019-07-25,-0.014725
91926,24736170,DAL,20569,2019-07-26,-0.001125
91926,24736170,DAL,20569,2019-07-29,0.004826
91926,24736170,DAL,20569,2019-07-30,0.002722
91926,24736170,DAL,20569,2019-07-31,-0.025387
91926,24736170,DAL,20569,2019-08-01,-0.011796
91926,24736170,DAL,20569,2019-08-02,-0.003150
91926,24736170,DAL,20569,2019-08-05,-0.038417
91926,24736170,DAL,20569,2019-08-06,0.016776
91926,24736170,DAL,20569,2019-08-07,0.007654
91926,24736170,DAL,20569,2019-08-08,0.013336
91926,24736170,DAL,20569,2019-08-09,-0.008329
91926,24736170,DAL,20569,2019-08-12,-0.014614
91926,24736170,DAL,20569,2019-08-13,0.003069
91926,24736170,DAL,20569,2019-08-14,-0.027362
91926,24736170,DAL,20569,2019-08-15,-0.002097
91926,24736170,DAL,20569,2019-08-16,0.016284
91926,24736170,DAL,20569,2019-08-19,0.002584
91926,24736170,DAL,20569,2019-08-20,-0.008764
91926,24736170,DAL,20569,2019-08-21,0.005721
91926,24736170,DAL,20569,2019-08-22,-0.000862
91926,24736170,DAL,20569,2019-08-23,-0.030366
91926,24736170,DAL,20569,2019-08-26,0.001423
91926,24736170,DAL,20569,2019-08-27,-0.002488
91926,24736170,DAL,20569,2019-08-28,0.009619
91926,24736170,DAL,20569,2019-08-29,0.021171
91926,24736170,DAL,20569,2019-08-30,-0.000346
91926,24736170,DAL,20569,2019-09-03,-0.009851
91926,24736170,DAL,20569,2019-09-04,-0.001047
91926,24736170,DAL,20569,2019-09-05,0.016774
91926,24736170,DAL,20569,2019-09-06,-0.003609
91926,24736170,DAL,20569,2019-09-09,0.002242
91926,24736170,DAL,20569,2019-09-10,0.009121
91926,24736170,DAL,20569,2019-09-11,0.002387
91926,24736170,DAL,20569,2019-09-12,0.011228
91926,24736170,DAL,20569,2019-09-13,0.009590
91926,24736170,DAL,20569,2019-09-16,-0.015664
91926,24736170,DAL,20569,2019-09-17,0.005079
91926,24736170,DAL,20569,2019-09-18,-0.001011
91926,24736170,DAL,20569,2019-09-19,-0.010454
91926,24736170,DAL,20569,2019-09-20,-0.001022
91926,24736170,DAL,20569,2019-09-23,-0.010404
91926,24736170,DAL,20569,2019-09-24,-0.000345
91926,24736170,DAL,20569,2019-09-25,0.005345
91926,24736170,DAL,20569,2019-09-26,0.008060
91926,24736170,DAL,20569,2019-09-27,-0.008506
91926,24736170,DAL,20569,2019-09-30,-0.011668
91926,24736170,DAL,20569,2019-10-01,-0.010243
91926,24736170,DAL,20569,2019-10-02,-0.046658
91926,24736170,DAL,20569,2019-10-03,-0.027967
91926,24736170,DAL,20569,2019-10-04,0.018550
91926,24736170,DAL,20569,2019-10-07,-0.008363
91926,24736170,DAL,20569,2019-10-08,-0.002999
91926,24736170,DAL,20569,2019-10-09,0.013534
91926,24736170,DAL,20569,2019-10-10,-0.015208
91926,24736170,DAL,20569,2019-10-11,-0.002825
91926,24736170,DAL,20569,2019-10-14,0.000755
91926,24736170,DAL,20569,2019-10-15,0.012266
91926,24736170,DAL,20569,2019-10-16,-0.008762
91926,24736170,DAL,20569,2019-10-17,0.003762
91926,24736170,DAL,20569,2019-10-18,0.008619
91926,24736170,DAL,20569,2019-10-21,0.013933
91926,24736170,DAL,20569,2019-10-22,0.001283
91926,24736170,DAL,20569,2019-10-23,-0.008005
91926,24736170,DAL,20569,2019-10-24,-0.000372
91926,24736170,DAL,20569,2019-10-25,0.015059
91926,24736170,DAL,20569,2019-10-28,0.010440
91926,24736170,DAL,20569,2019-10-29,0.003806
91926,24736170,DAL,20569,2019-10-30,-0.001083
91926,24736170,DAL,20569,2019-10-31,-0.004338
91926,24736170,DAL,20569,2019-11-01,0.017066
91926,24736170,DAL,20569,2019-11-04,0.015352
91926,24736170,DAL,20569,2019-11-05,0.011076
91926,24736170,DAL,20569,2019-11-06,0.001217
91926,24736170,DAL,20569,2019-11-07,0.001389
91926,24736170,DAL,20569,2019-11-08,-0.001387
91926,24736170,DAL,20569,2019-11-11,-0.006426
91926,24736170,DAL,20569,2019-11-12,0.000175
91926,24736170,DAL,20569,2019-11-13,-0.012583
91926,24736170,DAL,20569,2019-11-14,0.000885
91926,24736170,DAL,20569,2019-11-15,0.005305
91926,24736170,DAL,20569,2019-11-18,0.004046
91926,24736170,DAL,20569,2019-11-19,-0.000175
91926,24736170,DAL,20569,2019-11-20,-0.024531
91926,24736170,DAL,20569,2019-11-21,-0.006467
91926,24736170,DAL,20569,2019-11-22,0.014464
91926,24736170,DAL,20569,2019-11-25,0.004277
91926,24736170,DAL,20569,2019-11-26,0.019698
91926,24736170,DAL,20569,2019-11-27,-0.006787
91926,24736170,DAL,20569,2019-11-29,0.004205
91926,24736170,DAL,20569,2019-12-02,-0.009771
91926,24736170,DAL,20569,2019-12-03,-0.019912
91926,24736170,DAL,20569,2019-12-04,0.007911
91926,24736170,DAL,20569,2019-12-05,-0.003211
91926,24736170,DAL,20569,2019-12-06,0.004653
91926,24736170,DAL,20569,2019-12-09,-0.006056
91926,24736170,DAL,20569,2019-12-10,-0.004839
91926,24736170,DAL,20569,2019-12-11,-0.008104
91926,24736170,DAL,20569,2019-12-12,0.029230
91926,24736170,DAL,20569,2019-12-13,0.000706
91926,24736170,DAL,20569,2019-12-16,0.029790
91926,24736170,DAL,20569,2019-12-17,0.004622
91926,24736170,DAL,20569,2019-12-18,-0.001874
91926,24736170,DAL,20569,2019-12-19,0.009560
91926,24736170,DAL,20569,2019-12-20,-0.002875
91926,24736170,DAL,20569,2019-12-23,0.007970
91926,24736170,DAL,20569,2019-12-24,-0.000841
91926,24736170,DAL,20569,2019-12-26,0.002862
91926,24736170,DAL,20569,2019-12-27,-0.008059
91926,24736170,DAL,20569,2019-12-30,-0.007109
91926,24736170,DAL,20569,2019-12-31,-0.003069
91926,24736170,DAL,20569,2020-01-02,0.009576
91926,24736170,DAL,20569,2020-01-03,-0.016599
91926,24736170,DAL,20569,2020-01-06,-0.006889
91926,24736170,DAL,20569,2020-01-07,-0.000867
91926,24736170,DAL,20569,2020-01-08,0.021524
91926,24736170,DAL,20569,2020-01-09,0.001869
91926,24736170,DAL,20569,2020-01-10,0.004749
91926,24736170,DAL,20569,2020-01-13,0.004220
91926,24736170,DAL,20569,2020-01-14,0.032947
91926,24736170,DAL,20569,2020-01-15,0.002766
91926,24736170,DAL,20569,2020-01-16,0.004219
91926,24736170,DAL,20569,2020-01-17,0.002424
91926,24736170,DAL,20569,2020-01-21,-0.027245
91926,24736170,DAL,20569,2020-01-22,-0.011601
91926,24736170,DAL,20569,2020-01-23,0.010563
91926,24736170,DAL,20569,2020-01-24,-0.024224
91926,24736170,DAL,20569,2020-01-27,-0.033668
91926,24736170,DAL,20569,2020-01-28,0.011438
91926,24736170,DAL,20569,2020-01-29,-0.014440
91926,24736170,DAL,20569,2020-01-30,0.007944
91926,24736170,DAL,20569,2020-01-31,-0.023818
91926,24736170,DAL,20569,2020-02-03,0.005382
91926,24736170,DAL,20569,2020-02-04,0.033726
91926,24736170,DAL,20569,2020-02-05,0.016572
91926,24736170,DAL,20569,2020-02-06,-0.012056
91926,24736170,DAL,20569,2020-02-07,-0.004469
91926,24736170,DAL,20569,2020-02-10,-0.003626
91926,24736170,DAL,20569,2020-02-11,0.016462
91926,24736170,DAL,20569,2020-02-12,0.013808
91926,24736170,DAL,20569,2020-02-13,-0.005717
91926,24736170,DAL,20569,2020-02-14,-0.003890
91926,24736170,DAL,20569,2020-02-18,-0.003056
91926,24736170,DAL,20569,2020-02-19,0.003278
91926,24736170,DAL,20569,2020-02-20,-0.002222
91926,24736170,DAL,20569,2020-02-21,-0.008736
91926,24736170,DAL,20569,2020-02-24,-0.062900
91926,24736170,DAL,20569,2020-02-25,-0.061590
91926,24736170,DAL,20569,2020-02-26,-0.025545
91926,24736170,DAL,20569,2020-02-27,-0.028231
91926,24736170,DAL,20569,2020-02-28,-0.042747
91926,24736170,DAL,20569,2020-03-02,0.022328
91926,24736170,DAL,20569,2020-03-03,-0.020780
91926,24736170,DAL,20569,2020-03-04,0.050238
91926,24736170,DAL,20569,2020-03-05,-0.071959
91926,24736170,DAL,20569,2020-03-06,0.019551
91926,24736170,DAL,20569,2020-03-09,-0.051645
91926,24736170,DAL,20569,2020-03-10,0.044807
91926,24736170,DAL,20569,2020-03-11,-0.061579
91926,24736170,DAL,20569,2020-03-12,-0.209984
91926,24736170,DAL,20569,2020-03-13,0.137941
91926,24736170,DAL,20569,2020-03-16,-0.066475
91926,24736170,DAL,20569,2020-03-17,-0.113655
91926,24736170,DAL,20569,2020-03-18,-0.259924
91926,24736170,DAL,20569,2020-03-19,-0.084291
91926,24736170,DAL,20569,2020-03-20,-0.007438
91926,24736170,DAL,20569,2020-03-23,0.040749
91926,24736170,DAL,20569,2020-03-24,0.210171
91926,24736170,DAL,20569,2020-03-25,0.156564
91926,24736170,DAL,20569,2020-03-26,0.019293
91926,24736170,DAL,20569,2020-03-27,-0.067823
91926,24736170,DAL,20569,2020-03-30,-0.029780
91926,24736170,DAL,20569,2020-03-31,-0.004883
91926,24736170,DAL,20569,2020-04-01,-0.163337
91926,24736170,DAL,20569,2020-04-02,-0.049853
91926,24736170,DAL,20569,2020-04-03,-0.008818
91926,24736170,DAL,20569,2020-04-06,-0.007117
91926,24736170,DAL,20569,2020-04-07,-0.003136
91926,24736170,DAL,20569,2020-04-08,0.044045
91926,24736170,DAL,20569,2020-04-09,0.049935
91926,24736170,DAL,20569,2020-04-13,-0.046740
91926,24736170,DAL,20569,2020-04-14,0.055484
91926,24736170,DAL,20569,2020-04-15,-0.007742
91926,24736170,DAL,20569,2020-04-16,-0.064476
91926,24736170,DAL,20569,2020-04-17,0.065408
91926,24736170,DAL,20569,2020-04-20,-0.025958
91926,24736170,DAL,20569,2020-04-21,-0.022843
91926,24736170,DAL,20569,2020-04-22,-0.027273
91926,24736170,DAL,20569,2020-04-23,0.000445
91926,24736170,DAL,20569,2020-04-24,-0.003114
91926,24736170,DAL,20569,2020-04-27,-0.011156
91926,24736170,DAL,20569,2020-04-28,0.098375
91926,24736170,DAL,20569,2020-04-29,0.122432
91926,24736170,DAL,20569,2020-04-30,-0.051611
91926,24736170,DAL,20569,2020-05-01,-0.069085
91926,24736170,DAL,20569,2020-05-04,-0.064262
91926,24736170,DAL,20569,2020-05-05,-0.038104
91926,24736170,DAL,20569,2020-05-06,-0.032704
91926,24736170,DAL,20569,2020-05-07,0.032381
91926,24736170,DAL,20569,2020-05-08,0.047970
91926,24736170,DAL,20569,2020-05-11,-0.031250
91926,24736170,DAL,20569,2020-05-12,-0.044525
91926,24736170,DAL,20569,2020-05-13,-0.077033
91926,24736170,DAL,20569,2020-05-14,-0.001546
91926,24736170,DAL,20569,2020-05-15,-0.009804
91926,24736170,DAL,20569,2020-05-18,0.139135
91926,24736170,DAL,20569,2020-05-19,-0.004575
91926,24736170,DAL,20569,2020-05-20,0.044118
91926,24736170,DAL,20569,2020-05-21,0.019366
91926,24736170,DAL,20569,2020-05-22,-0.020294
91926,24736170,DAL,20569,2020-05-26,0.130454
91926,24736170,DAL,20569,2020-05-27,0.026121
91926,24736170,DAL,20569,2020-05-28,-0.025076
91926,24736170,DAL,20569,2020-05-29,-0.017537
91926,24736170,DAL,20569,2020-06-01,0.038080
91926,24736170,DAL,20569,2020-06-02,0.009171
91926,24736170,DAL,20569,2020-06-03,0.078001
91926,24736170,DAL,20569,2020-06-04,0.137338
91926,24736170,DAL,20569,2020-06-05,0.054972
91926,24736170,DAL,20569,2020-06-08,0.082260
91926,24736170,DAL,20569,2020-06-09,-0.075737
91926,24736170,DAL,20569,2020-06-10,-0.074042
91926,24736170,DAL,20569,2020-06-11,-0.140329
91926,24736170,DAL,20569,2020-06-12,0.118750
91926,24736170,DAL,20569,2020-06-15,0.000986
91926,24736170,DAL,20569,2020-06-16,0.027577
91926,24736170,DAL,20569,2020-06-17,-0.018530
91926,24736170,DAL,20569,2020-06-18,0.002279
91926,24736170,DAL,20569,2020-06-19,-0.041572
91926,24736170,DAL,20569,2020-06-22,-0.006777
91926,24736170,DAL,20569,2020-06-23,0.011259
91926,24736170,DAL,20569,2020-06-24,-0.077598
91926,24736170,DAL,20569,2020-06-25,0.024506
91926,24736170,DAL,20569,2020-06-26,-0.039272
91926,24736170,DAL,20569,2020-06-29,0.063174
91926,24736170,DAL,20569,2020-06-30,-0.019574
91926,24736170,DAL,20569,2020-07-01,-0.012478
91926,24736170,DAL,20569,2020-07-02,0.000722
91926,24736170,DAL,20569,2020-07-06,0.025974
91926,24736170,DAL,20569,2020-07-07,-0.050281
91926,24736170,DAL,20569,2020-07-08,0.000000
91926,24736170,DAL,20569,2020-07-09,-0.050352
91926,24736170,DAL,20569,2020-07-10,0.056140
91926,24736170,DAL,20569,2020-07-13,-0.009967
91926,24736170,DAL,20569,2020-07-14,-0.026473
91926,24736170,DAL,20569,2020-07-15,0.095366
91926,24736170,DAL,20569,2020-07-16,-0.046853
91926,24736170,DAL,20569,2020-07-17,-0.007704
91926,24736170,DAL,20569,2020-07-20,-0.030684
91926,24736170,DAL,20569,2020-07-21,0.008009
91926,24736170,DAL,20569,2020-07-22,-0.006810
91926,24736170,DAL,20569,2020-07-23,0.020190
91926,24736170,DAL,20569,2020-07-24,-0.030620
91926,24736170,DAL,20569,2020-07-27,-0.017720
91926,24736170,DAL,20569,2020-07-28,0.017255
91926,24736170,DAL,20569,2020-07-29,-0.008481
91926,24736170,DAL,20569,2020-07-30,-0.030327
91926,24736170,DAL,20569,2020-07-31,0.001203
91926,24736170,DAL,20569,2020-08-03,0.009211
91926,24736170,DAL,20569,2020-08-04,0.018651
91926,24736170,DAL,20569,2020-08-05,0.031165
91926,24736170,DAL,20569,2020-08-06,0.023045
91926,24736170,DAL,20569,2020-08-07,0.003693
91926,24736170,DAL,20569,2020-08-10,0.079470
91926,24736170,DAL,20569,2020-08-11,0.010225
91926,24736170,DAL,20569,2020-08-12,-0.018556
91926,24736170,DAL,20569,2020-08-13,-0.013407
91926,24736170,DAL,20569,2020-08-14,0.008711
91926,24736170,DAL,20569,2020-08-17,-0.032124
91926,24736170,DAL,20569,2020-08-18,-0.013919
91926,24736170,DAL,20569,2020-08-19,0.001448
91926,24736170,DAL,20569,2020-08-20,-0.001807
91926,24736170,DAL,20569,2020-08-21,-0.012672
91926,24736170,DAL,20569,2020-08-24,0.092776
91926,24736170,DAL,20569,2020-08-25,0.010067
91926,24736170,DAL,20569,2020-08-26,-0.004983
91926,24736170,DAL,20569,2020-08-27,0.029048
91926,24736170,DAL,20569,2020-08-28,0.037962
91926,24736170,DAL,20569,2020-08-31,-0.035636
91926,24736170,DAL,20569,2020-09-01,-0.004538
91926,24736170,DAL,20569,2020-09-02,0.014002
91926,24736170,DAL,20569,2020-09-03,0.002569
91926,24736170,DAL,20569,2020-09-04,0.017617
91926,24736170,DAL,20569,2020-09-08,0.024237
91926,24736170,DAL,20569,2020-09-09,-0.023970
91926,24736170,DAL,20569,2020-09-10,0.000945
91926,24736170,DAL,20569,2020-09-11,-0.002831
91926,24736170,DAL,20569,2020-09-14,0.035331
91926,24736170,DAL,20569,2020-09-15,0.021024
91926,24736170,DAL,20569,2020-09-16,0.031632
91926,24736170,DAL,20569,2020-09-17,-0.017645
91926,24736170,DAL,20569,2020-09-18,-0.032980
91926,24736170,DAL,20569,2020-09-21,-0.091961
91926,24736170,DAL,20569,2020-09-22,0.013414
91926,24736170,DAL,20569,2020-09-23,-0.021840
91926,24736170,DAL,20569,2020-09-24,-0.018606
91926,24736170,DAL,20569,2020-09-25,0.026543
91926,24736170,DAL,20569,2020-09-28,0.052384
91926,24736170,DAL,20569,2020-09-29,-0.023293
91926,24736170,DAL,20569,2020-09-30,-0.000980
91926,24736170,DAL,20569,2020-10-01,0.017005
91926,24736170,DAL,20569,2020-10-02,0.020900
91926,24736170,DAL,20569,2020-10-05,0.007874
91926,24736170,DAL,20569,2020-10-06,-0.029375
91926,24736170,DAL,20569,2020-10-07,0.035093
91926,24736170,DAL,20569,2020-10-08,0.016485
91926,24736170,DAL,20569,2020-10-09,0.003978
91926,24736170,DAL,20569,2020-10-12,-0.005181
91926,24736170,DAL,20569,2020-10-13,-0.026654
91926,24736170,DAL,20569,2020-10-14,-0.000315
91926,24736170,DAL,20569,2020-10-15,-0.013224
91926,24736170,DAL,20569,2020-10-16,0.004148
91926,24736170,DAL,20569,2020-10-19,0.000953
91926,24736170,DAL,20569,2020-10-20,0.015238
91926,24736170,DAL,20569,2020-10-21,-0.015009
91926,24736170,DAL,20569,2020-10-22,0.070476
91926,24736170,DAL,20569,2020-10-23,0.008304
91926,24736170,DAL,20569,2020-10-26,-0.060882
91926,24736170,DAL,20569,2020-10-27,-0.038209
91926,24736170,DAL,20569,2020-10-28,-0.034516
91926,24736170,DAL,20569,2020-10-29,0.037437
91926,24736170,DAL,20569,2020-10-30,-0.003901
91926,24736170,DAL,20569,2020-11-02,-0.013708
91926,24736170,DAL,20569,2020-11-03,0.022502
91926,24736170,DAL,20569,2020-11-04,-0.015210
91926,24736170,DAL,20569,2020-11-05,0.050937
91926,24736170,DAL,20569,2020-11-06,-0.017511
91926,24736170,DAL,20569,2020-11-09,0.170274
91926,24736170,DAL,20569,2020-11-10,0.007343
91926,24736170,DAL,20569,2020-11-11,-0.054536
91926,24736170,DAL,20569,2020-11-12,-0.018275
91926,24736170,DAL,20569,2020-11-13,0.060500
91926,24736170,DAL,20569,2020-11-16,0.042238
91926,24736170,DAL,20569,2020-11-17,-0.010526
91926,24736170,DAL,20569,2020-11-18,0.008245
91926,24736170,DAL,20569,2020-11-19,0.000000
91926,24736170,DAL,20569,2020-11-20,-0.020575
91926,24736170,DAL,20569,2020-11-23,0.044708
91926,24736170,DAL,20569,2020-11-24,0.063676
91926,24736170,DAL,20569,2020-11-25,0.000727
91926,24736170,DAL,20569,2020-11-27,-0.005570
91926,24736170,DAL,20569,2020-11-30,-0.019727
91926,24736170,DAL,20569,2020-12-01,-0.007205
91926,24736170,DAL,20569,2020-12-02,0.027778
91926,24736170,DAL,20569,2020-12-03,0.045776
91926,24736170,DAL,20569,2020-12-04,-0.013737
91926,24736170,DAL,20569,2020-12-07,-0.000236
91926,24736170,DAL,20569,2020-12-08,0.001417
91926,24736170,DAL,20569,2020-12-09,-0.007074
91926,24736170,DAL,20569,2020-12-10,0.012111
91926,24736170,DAL,20569,2020-12-11,-0.020648
91926,24736170,DAL,20569,2020-12-14,-0.025156
91926,24736170,DAL,20569,2020-12-15,0.028508
91926,24736170,DAL,20569,2020-12-16,-0.018399
91926,24736170,DAL,20569,2020-12-17,0.000730
91926,24736170,DAL,20569,2020-12-18,-0.010460
91926,24736170,DAL,20569,2020-12-21,-0.013274
91926,24736170,DAL,20569,2020-12-22,-0.029895
91926,24736170,DAL,20569,2020-12-23,0.033385
91926,24736170,DAL,20569,2020-12-24,-0.012674
91926,24736170,DAL,20569,2020-12-28,0.010571
91926,24736170,DAL,20569,2020-12-29,-0.002989
91926,24736170,DAL,20569,2020-12-30,0.013240
91926,24736170,DAL,20569,2020-12-31,-0.008629
91926,24736170,DAL,20569,2021-01-04,-0.036807
91926,24736170,DAL,20569,2021-01-05,0.021172
91926,24736170,DAL,20569,2021-01-06,0.020986
91926,24736170,DAL,20569,2021-01-07,-0.003715
91926,24736170,DAL,20569,2021-01-08,-0.005220
91926,24736170,DAL,20569,2021-01-11,-0.015242
91926,24736170,DAL,20569,2021-01-12,0.022583
91926,24736170,DAL,20569,2021-01-13,0.003722
91926,24736170,DAL,20569,2021-01-14,0.025216
91926,24736170,DAL,20569,2021-01-15,-0.035930
91926,24736170,DAL,20569,2021-01-19,0.008254
91926,24736170,DAL,20569,2021-01-20,0.032498
91926,24736170,DAL,20569,2021-01-21,-0.022826
91926,24736170,DAL,20569,2021-01-22,-0.016474
91926,24736170,DAL,20569,2021-01-25,-0.027500
91926,24736170,DAL,20569,2021-01-26,0.010797
91926,24736170,DAL,20569,2021-01-27,-0.020346
91926,24736170,DAL,20569,2021-01-28,0.040498
91926,24736170,DAL,20569,2021-01-29,-0.052894
91926,24736170,DAL,20569,2021-02-01,-0.003688
91926,24736170,DAL,20569,2021-02-02,0.025912
91926,24736170,DAL,20569,2021-02-03,0.025258
91926,24736170,DAL,20569,2021-02-04,0.028909
91926,24736170,DAL,20569,2021-02-05,0.005375
91926,24736170,DAL,20569,2021-02-08,0.050790
91926,24736170,DAL,20569,2021-02-09,-0.016883
91926,24736170,DAL,20569,2021-02-10,0.009174
91926,24736170,DAL,20569,2021-02-11,-0.004196
91926,24736170,DAL,20569,2021-02-12,0.013343
91926,24736170,DAL,20569,2021-02-16,0.031416
91926,24736170,DAL,20569,2021-02-17,-0.005823
91926,24736170,DAL,20569,2021-02-18,-0.000225
91926,24736170,DAL,20569,2021-02-19,0.029067
91926,24736170,DAL,20569,2021-02-22,0.045325
91926,24736170,DAL,20569,2021-02-23,0.012568
91926,24736170,DAL,20569,2021-02-24,0.026065
91926,24736170,DAL,20569,2021-02-25,-0.027218
91926,24736170,DAL,20569,2021-02-26,-0.006425
91926,24736170,DAL,20569,2021-03-01,0.002503
91926,24736170,DAL,20569,2021-03-02,0.003537
91926,24736170,DAL,20569,2021-03-03,0.002488
91926,24736170,DAL,20569,2021-03-04,-0.028749
91926,24736170,DAL,20569,2021-03-05,-0.015971
91926,24736170,DAL,20569,2021-03-08,0.036139
91926,24736170,DAL,20569,2021-03-09,-0.005430
91926,24736170,DAL,20569,2021-03-10,0.003780
91926,24736170,DAL,20569,2021-03-11,0.010879
91926,24736170,DAL,20569,2021-03-12,0.031250
91926,24736170,DAL,20569,2021-03-15,0.023279
91926,24736170,DAL,20569,2021-03-16,-0.031379
91926,24736170,DAL,20569,2021-03-17,0.021259
91926,24736170,DAL,20569,2021-03-18,-0.024980
91926,24736170,DAL,20569,2021-03-19,-0.003660
91926,24736170,DAL,20569,2021-03-22,-0.021020
91926,24736170,DAL,20569,2021-03-23,-0.048572
91926,24736170,DAL,20569,2021-03-24,-0.000657
91926,24736170,DAL,20569,2021-03-25,0.030695
91926,24736170,DAL,20569,2021-03-26,0.013827
91926,24736170,DAL,20569,2021-03-29,-0.007134
91926,24736170,DAL,20569,2021-03-30,0.033390
91926,24736170,DAL,20569,2021-03-31,-0.012679
91926,24736170,DAL,20569,2021-04-01,0.011392
91926,24736170,DAL,20569,2021-04-05,0.029080
91926,24736170,DAL,20569,2021-04-06,0.027861
91926,24736170,DAL,20569,2021-04-07,-0.028074
91926,24736170,DAL,20569,2021-04-08,-0.007769
91926,24736170,DAL,20569,2021-04-09,-0.010841
91926,24736170,DAL,20569,2021-04-12,-0.009133
91926,24736170,DAL,20569,2021-04-13,-0.011471
91926,24736170,DAL,20569,2021-04-14,-0.001865
91926,24736170,DAL,20569,2021-04-15,-0.028026
91926,24736170,DAL,20569,2021-04-16,-0.003845
91926,24736170,DAL,20569,2021-04-19,-0.010506
91926,24736170,DAL,20569,2021-04-20,-0.036836
91926,24736170,DAL,20569,2021-04-21,0.028121
91926,24736170,DAL,20569,2021-04-22,-0.022976
91926,24736170,DAL,20569,2021-04-23,0.025756
91926,24736170,DAL,20569,2021-04-26,0.017686
91926,24736170,DAL,20569,2021-04-27,-0.005793
91926,24736170,DAL,20569,2021-04-28,0.002158
91926,24736170,DAL,20569,2021-04-29,-0.001292
91926,24736170,DAL,20569,2021-04-30,0.011643
91926,24736170,DAL,20569,2021-05-03,-0.007460
91926,24736170,DAL,20569,2021-05-04,-0.041014
91926,24736170,DAL,20569,2021-05-05,0.012091
91926,24736170,DAL,20569,2021-05-06,-0.005973
91926,24736170,DAL,20569,2021-05-07,0.026263
91926,24736170,DAL,20569,2021-05-10,-0.014747
91926,24736170,DAL,20569,2021-05-11,-0.020031
91926,24736170,DAL,20569,2021-05-12,-0.033468
91926,24736170,DAL,20569,2021-05-13,0.021845
91926,24736170,DAL,20569,2021-05-14,0.053218
91926,24736170,DAL,20569,2021-05-17,0.009501
91926,24736170,DAL,20569,2021-05-18,-0.000428
91926,24736170,DAL,20569,2021-05-19,-0.012626
91926,24736170,DAL,20569,2021-05-20,-0.015821
91926,24736170,DAL,20569,2021-05-21,-0.004404
91926,24736170,DAL,20569,2021-05-24,0.021234
91926,24736170,DAL,20569,2021-05-25,0.010830
91926,24736170,DAL,20569,2021-05-26,0.017570
91926,24736170,DAL,20569,2021-05-27,0.011792
91926,24736170,DAL,20569,2021-05-28,-0.007700
91926,24736170,DAL,20569,2021-06-01,0.000419
91926,24736170,DAL,20569,2021-06-02,0.001468
91926,24736170,DAL,20569,2021-06-03,-0.034331
91926,24736170,DAL,20569,2021-06-04,-0.003252
91926,24736170,DAL,20569,2021-06-07,0.002175
91926,24736170,DAL,20569,2021-06-08,0.020833
91926,24736170,DAL,20569,2021-06-09,-0.011054
91926,24736170,DAL,20569,2021-06-10,-0.005159
91926,24736170,DAL,20569,2021-06-11,0.004754
91926,24736170,DAL,20569,2021-06-14,-0.012903
91926,24736170,DAL,20569,2021-06-15,-0.008061
91926,24736170,DAL,20569,2021-06-16,-0.000220
91926,24736170,DAL,20569,2021-06-17,-0.020870
91926,24736170,DAL,20569,2021-06-18,0.008750
91926,24736170,DAL,20569,2021-06-21,0.018016
91926,24736170,DAL,20569,2021-06-22,-0.008739
91926,24736170,DAL,20569,2021-06-23,-0.002204
91926,24736170,DAL,20569,2021-06-24,-0.007952
91926,24736170,DAL,20569,2021-06-25,-0.010688
91926,24736170,DAL,20569,2021-06-28,-0.029485
91926,24736170,DAL,20569,2021-06-29,-0.005798
91926,24736170,DAL,20569,2021-06-30,0.009097
91926,24736170,DAL,20569,2021-07-01,0.022423
91926,24736170,DAL,20569,2021-07-02,-0.001809
91926,24736170,DAL,20569,2021-07-06,-0.020612
91926,24736170,DAL,20569,2021-07-07,-0.016189
91926,24736170,DAL,20569,2021-07-08,-0.011048
91926,24736170,DAL,20569,2021-07-09,0.020204
91926,24736170,DAL,20569,2021-07-12,-0.001631
91926,24736170,DAL,20569,2021-07-13,-0.035473
91926,24736170,DAL,20569,2021-07-14,-0.015727
91926,24736170,DAL,20569,2021-07-15,0.016470
91926,24736170,DAL,20569,2021-07-16,-0.031197
91926,24736170,DAL,20569,2021-07-19,-0.037444
91926,24736170,DAL,20569,2021-07-20,0.054461
91926,24736170,DAL,20569,2021-07-21,0.023364
91926,24736170,DAL,20569,2021-07-22,-0.013218
91926,24736170,DAL,20569,2021-07-23,-0.015830
91926,24736170,DAL,20569,2021-07-26,0.031180
91926,24736170,DAL,20569,2021-07-27,-0.017039
91926,24736170,DAL,20569,2021-07-28,0.008301
91926,24736170,DAL,20569,2021-07-29,-0.001695
91926,24736170,DAL,20569,2021-07-30,-0.032258
91926,24736170,DAL,20569,2021-08-02,-0.011278
91926,24736170,DAL,20569,2021-08-03,0.008112
91926,24736170,DAL,20569,2021-08-04,-0.035705
91926,24736170,DAL,20569,2021-08-05,0.042764
91926,24736170,DAL,20569,2021-08-06,0.008252
91926,24736170,DAL,20569,2021-08-09,-0.025546
91926,24736170,DAL,20569,2021-08-10,0.029779
91926,24736170,DAL,20569,2021-08-11,0.020761
91926,24736170,DAL,20569,2021-08-12,-0.018644
91926,24736170,DAL,20569,2021-08-13,-0.015544
91926,24736170,DAL,20569,2021-08-16,0.000752
91926,24736170,DAL,20569,2021-08-17,-0.028800
91926,24736170,DAL,20569,2021-08-18,-0.003352
91926,24736170,DAL,20569,2021-08-19,-0.018629
91926,24736170,DAL,20569,2021-08-20,0.005009
91926,24736170,DAL,20569,2021-08-23,0.028594
91926,24736170,DAL,20569,2021-08-24,0.033665
91926,24736170,DAL,20569,2021-08-25,0.018998
91926,24736170,DAL,20569,2021-08-26,-0.012833
91926,24736170,DAL,20569,2021-08-27,0.018396
91926,24736170,DAL,20569,2021-08-30,-0.038776
91926,24736170,DAL,20569,2021-08-31,0.013280
91926,24736170,DAL,20569,2021-09-01,-0.000989
91926,24736170,DAL,20569,2021-09-02,0.010396
91926,24736170,DAL,20569,2021-09-03,-0.013964
91926,24736170,DAL,20569,2021-09-07,0.002484
91926,24736170,DAL,20569,2021-09-08,-0.017348
91926,24736170,DAL,20569,2021-09-09,0.036318
91926,24736170,DAL,20569,2021-09-10,-0.042103
91926,24736170,DAL,20569,2021-09-13,0.020833
91926,24736170,DAL,20569,2021-09-14,-0.018417
91926,24736170,DAL,20569,2021-09-15,0.005071
91926,24736170,DAL,20569,2021-09-16,0.014632
91926,24736170,DAL,20569,2021-09-17,-0.002735
91926,24736170,DAL,20569,2021-09-20,0.016704
91926,24736170,DAL,20569,2021-09-21,-0.010299
91926,24736170,DAL,20569,2021-09-22,0.030476
91926,24736170,DAL,20569,2021-09-23,0.024044
91926,24736170,DAL,20569,2021-09-24,0.022071
91926,24736170,DAL,20569,2021-09-27,0.005743
91926,24736170,DAL,20569,2021-09-28,-0.007766
91926,24736170,DAL,20569,2021-09-29,-0.001842
91926,24736170,DAL,20569,2021-09-30,-0.017297
91926,24736170,DAL,20569,2021-10-01,0.065008
91926,24736170,DAL,20569,2021-10-04,-0.009255
91926,24736170,DAL,20569,2021-10-05,-0.004893
91926,24736170,DAL,20569,2021-10-06,-0.016093
91926,24736170,DAL,20569,2021-10-07,-0.007724
91926,24736170,DAL,20569,2021-10-08,-0.006868
91926,24736170,DAL,20569,2021-10-11,-0.004380
91926,24736170,DAL,20569,2021-10-12,0.008104
91926,24736170,DAL,20569,2021-10-13,-0.057648
91926,24736170,DAL,20569,2021-10-14,0.004143
91926,24736170,DAL,20569,2021-10-15,-0.005097
91926,24736170,DAL,20569,2021-10-18,0.000488
91926,24736170,DAL,20569,2021-10-19,-0.013655
91926,24736170,DAL,20569,2021-10-20,-0.003708
91926,24736170,DAL,20569,2021-10-21,0.002481
91926,24736170,DAL,20569,2021-10-22,-0.016337
91926,24736170,DAL,20569,2021-10-25,-0.005788
91926,24736170,DAL,20569,2021-10-26,0.005062
91926,24736170,DAL,20569,2021-10-27,-0.016117
91926,24736170,DAL,20569,2021-10-28,0.002048
91926,24736170,DAL,20569,2021-10-29,-0.000511
91926,24736170,DAL,20569,2021-11-01,0.032967
91926,24736170,DAL,20569,2021-11-02,-0.000742
91926,24736170,DAL,20569,2021-11-03,0.021045
91926,24736170,DAL,20569,2021-11-04,-0.006062
91926,24736170,DAL,20569,2021-11-05,0.080507
91926,24736170,DAL,20569,2021-11-08,0.008128
91926,24736170,DAL,20569,2021-11-09,-0.002688
91926,24736170,DAL,20569,2021-11-10,-0.018415
91926,24736170,DAL,20569,2021-11-11,-0.005948
91926,24736170,DAL,20569,2021-11-12,-0.028308
91926,24736170,DAL,20569,2021-11-15,0.003790
91926,24736170,DAL,20569,2021-11-16,-0.031619
91926,24736170,DAL,20569,2021-11-17,-0.008041
91926,24736170,DAL,20569,2021-11-18,-0.014493
91926,24736170,DAL,20569,2021-11-19,-0.010718
91926,24736170,DAL,20569,2021-11-22,0.002016
91926,24736170,DAL,20569,2021-11-23,-0.006035
91926,24736170,DAL,20569,2021-11-24,0.004048
91926,24736170,DAL,20569,2021-11-26,-0.083396
91926,24736170,DAL,20569,2021-11-29,-0.003848
91926,24736170,DAL,20569,2021-11-30,-0.001104
91926,24736170,DAL,20569,2021-12-01,-0.073757
91926,24736170,DAL,20569,2021-12-02,0.092753
91926,24736170,DAL,20569,2021-12-03,-0.018013
91926,24736170,DAL,20569,2021-12-06,0.060033
91926,24736170,DAL,20569,2021-12-07,-0.002622
91926,24736170,DAL,20569,2021-12-08,0.022082
91926,24736170,DAL,20569,2021-12-09,-0.009774
91926,24736170,DAL,20569,2021-12-10,-0.008312
91926,24736170,DAL,20569,2021-12-13,-0.034311
91926,24736170,DAL,20569,2021-12-14,-0.009222
91926,24736170,DAL,20569,2021-12-15,0.002190
91926,24736170,DAL,20569,2021-12-16,-0.022125
91926,24736170,DAL,20569,2021-12-17,0.021229
91926,24736170,DAL,20569,2021-12-20,-0.005197
91926,24736170,DAL,20569,2021-12-21,0.059115
91926,24736170,DAL,20569,2021-12-22,0.015836
91926,24736170,DAL,20569,2021-12-23,0.004344
91926,24736170,DAL,20569,2021-12-27,-0.007634
91926,24736170,DAL,20569,2021-12-28,0.016154
91926,24736170,DAL,20569,2021-12-29,-0.011860
91926,24736170,DAL,20569,2021-12-30,-0.003064
91926,24736170,DAL,20569,2021-12-31,0.001025
91926,24736170,DAL,20569,2022-01-03,0.030962
91926,24736170,DAL,20569,2022-01-04,0.007446
91926,24736170,DAL,20569,2022-01-05,-0.007637
91926,24736170,DAL,20569,2022-01-06,-0.004220
91926,24736170,DAL,20569,2022-01-07,0.034904
91926,24736170,DAL,20569,2022-01-10,-0.021200
91926,24736170,DAL,20569,2022-01-11,0.014767
91926,24736170,DAL,20569,2022-01-12,-0.015038
91926,24736170,DAL,20569,2022-01-13,0.021177
91926,24736170,DAL,20569,2022-01-14,-0.027972
91926,24736170,DAL,20569,2022-01-18,-0.019102
91926,24736170,DAL,20569,2022-01-19,-0.018209
91926,24736170,DAL,20569,2022-01-20,0.000515
91926,24736170,DAL,20569,2022-01-21,-0.025232
91926,24736170,DAL,20569,2022-01-24,0.001321
91926,24736170,DAL,20569,2022-01-25,0.021366
91926,24736170,DAL,20569,2022-01-26,0.001033
91926,24736170,DAL,20569,2022-01-27,-0.010836
91926,24736170,DAL,20569,2022-01-28,-0.001565
91926,24736170,DAL,20569,2022-01-31,0.036834
91926,24736170,DAL,20569,2022-02-01,0.020156
91926,24736170,DAL,20569,2022-02-02,0.000741
91926,24736170,DAL,20569,2022-02-03,-0.019497
91926,24736170,DAL,20569,2022-02-04,0.003020
91926,24736170,DAL,20569,2022-02-07,0.027353
91926,24736170,DAL,20569,2022-02-08,0.040791
91926,24736170,DAL,20569,2022-02-09,0.029805
91926,24736170,DAL,20569,2022-02-10,0.000456
91926,24736170,DAL,20569,2022-02-11,-0.035763
91926,24736170,DAL,20569,2022-02-14,-0.008505
91926,24736170,DAL,20569,2022-02-15,0.060043
91926,24736170,DAL,20569,2022-02-16,-0.001798
91926,24736170,DAL,20569,2022-02-17,-0.024769
91926,24736170,DAL,20569,2022-02-18,-0.010852
91926,24736170,DAL,20569,2022-02-22,-0.022176
91926,24736170,DAL,20569,2022-02-23,-0.040582
91926,24736170,DAL,20569,2022-02-24,0.003483
91926,24736170,DAL,20569,2022-02-25,0.030002
91926,24736170,DAL,20569,2022-02-28,-0.038999
91926,24736170,DAL,20569,2022-03-01,-0.057114
91926,24736170,DAL,20569,2022-03-02,0.010627
91926,24736170,DAL,20569,2022-03-03,-0.038906
91926,24736170,DAL,20569,2022-03-04,-0.055799
91926,24736170,DAL,20569,2022-03-07,-0.127752
91926,24736170,DAL,20569,2022-03-08,0.036865
91926,24736170,DAL,20569,2022-03-09,0.049327
91926,24736170,DAL,20569,2022-03-10,-0.006410
91926,24736170,DAL,20569,2022-03-11,-0.014747
91926,24736170,DAL,20569,2022-03-14,0.000000
91926,24736170,DAL,20569,2022-03-15,0.086997
91926,24736170,DAL,20569,2022-03-16,0.059380
91926,24736170,DAL,20569,2022-03-17,0.005957
91926,24736170,DAL,20569,2022-03-18,0.014266
91926,24736170,DAL,20569,2022-03-21,-0.042197
91926,24736170,DAL,20569,2022-03-22,0.024661
91926,24736170,DAL,20569,2022-03-23,-0.020552
91926,24736170,DAL,20569,2022-03-24,0.028713
91926,24736170,DAL,20569,2022-03-25,0.017445
91926,24736170,DAL,20569,2022-03-28,0.011343
91926,24736170,DAL,20569,2022-03-29,0.030777
91926,24736170,DAL,20569,2022-03-30,-0.004808
91926,24736170,DAL,20569,2022-03-31,0.006102
91926,24736170,DAL,20569,2022-04-01,-0.006571
91926,24736170,DAL,20569,2022-04-04,0.002289
91926,24736170,DAL,20569,2022-04-05,-0.009391
91926,24736170,DAL,20569,2022-04-06,-0.036895
91926,24736170,DAL,20569,2022-04-07,-0.012237
91926,24736170,DAL,20569,2022-04-08,-0.010504
91926,24736170,DAL,20569,2022-04-11,0.040011
91926,24736170,DAL,20569,2022-04-12,0.010730
91926,24736170,DAL,20569,2022-04-13,0.062144
91926,24736170,DAL,20569,2022-04-14,0.032667
91926,24736170,DAL,20569,2022-04-18,-0.005430
91926,24736170,DAL,20569,2022-04-19,0.021600
91926,24736170,DAL,20569,2022-04-20,0.011617
91926,24736170,DAL,20569,2022-04-21,0.027331
91926,24736170,DAL,20569,2022-04-22,-0.023251
91926,24736170,DAL,20569,2022-04-25,-0.009613
91926,24736170,DAL,20569,2022-04-26,-0.031662
91926,24736170,DAL,20569,2022-04-27,0.028878
91926,24736170,DAL,20569,2022-04-28,0.028300
91926,24736170,DAL,20569,2022-04-29,-0.029326
91926,24736170,DAL,20569,2022-05-02,-0.008366
91926,24736170,DAL,20569,2022-05-03,0.015936
91926,24736170,DAL,20569,2022-05-04,0.011534
91926,24736170,DAL,20569,2022-05-05,-0.039225
91926,24736170,DAL,20569,2022-05-06,-0.026822
91926,24736170,DAL,20569,2022-05-09,-0.067073
91926,24736170,DAL,20569,2022-05-10,0.011242
91926,24736170,DAL,20569,2022-05-11,-0.020424
91926,24736170,DAL,20569,2022-05-12,-0.032198
91926,24736170,DAL,20569,2022-05-13,0.045269
91926,24736170,DAL,20569,2022-05-16,-0.004174
91926,24736170,DAL,20569,2022-05-17,0.066806
91926,24736170,DAL,20569,2022-05-18,-0.034627
91926,24736170,DAL,20569,2022-05-19,-0.001781
91926,24736170,DAL,20569,2022-05-20,-0.015291
91926,24736170,DAL,20569,2022-05-23,0.022774
91926,24736170,DAL,20569,2022-05-24,-0.058198
91926,24736170,DAL,20569,2022-05-25,0.037077
91926,24736170,DAL,20569,2022-05-26,0.057772
91926,24736170,DAL,20569,2022-05-27,0.034289
91926,24736170,DAL,20569,2022-05-31,-0.012787
91926,24736170,DAL,20569,2022-06-01,-0.051571
91926,24736170,DAL,20569,2022-06-02,0.011381
91926,24736170,DAL,20569,2022-06-03,-0.036259
91926,24736170,DAL,20569,2022-06-06,0.011936
91926,24736170,DAL,20569,2022-06-07,0.018974
91926,24736170,DAL,20569,2022-06-08,-0.038249
91926,24736170,DAL,20569,2022-06-09,-0.038462
91926,24736170,DAL,20569,2022-06-10,-0.044354
91926,24736170,DAL,20569,2022-06-13,-0.082859
91926,24736170,DAL,20569,2022-06-14,-0.025768
91926,24736170,DAL,20569,2022-06-15,0.018483
91926,24736170,DAL,20569,2022-06-16,-0.074468
91926,24736170,DAL,20569,2022-06-17,0.022989
91926,24736170,DAL,20569,2022-06-21,-0.006940
91926,24736170,DAL,20569,2022-06-22,-0.001664
91926,24736170,DAL,20569,2022-06-23,-0.014667
91926,24736170,DAL,20569,2022-06-24,0.055480
91926,24736170,DAL,20569,2022-06-27,-0.024359
91926,24736170,DAL,20569,2022-06-28,-0.003614
91926,24736170,DAL,20569,2022-06-29,-0.022750
91926,24736170,DAL,20569,2022-06-30,-0.022605
91926,24736170,DAL,20569,2022-07-01,0.018985
91926,24736170,DAL,20569,2022-07-05,0.010163
91926,24736170,DAL,20569,2022-07-06,-0.009725
91926,24736170,DAL,20569,2022-07-07,0.012868
91926,24736170,DAL,20569,2022-07-08,-0.006352
91926,24736170,DAL,20569,2022-07-11,-0.014468
91926,24736170,DAL,20569,2022-07-12,0.061454
91926,24736170,DAL,20569,2022-07-13,-0.044709
91926,24736170,DAL,20569,2022-07-14,0.002357
91926,24736170,DAL,20569,2022-07-15,0.010749
91926,24736170,DAL,20569,2022-07-18,0.034895
91926,24736170,DAL,20569,2022-07-19,0.046885
91926,24736170,DAL,20569,2022-07-20,0.007669
91926,24736170,DAL,20569,2022-07-21,-0.027093
91926,24736170,DAL,20569,2022-07-22,-0.019086
91926,24736170,DAL,20569,2022-07-25,0.001914
91926,24736170,DAL,20569,2022-07-26,-0.024514
91926,24736170,DAL,20569,2022-07-27,0.028068
91926,24736170,DAL,20569,2022-07-28,0.006349
91926,24736170,DAL,20569,2022-07-29,0.003155
91926,24736170,DAL,20569,2022-08-01,0.013522
91926,24736170,DAL,20569,2022-08-02,-0.012721
91926,24736170,DAL,20569,2022-08-03,0.044940
91926,24736170,DAL,20569,2022-08-04,0.002406
91926,24736170,DAL,20569,2022-08-05,-0.011701
91926,24736170,DAL,20569,2022-08-08,0.024590
91926,24736170,DAL,20569,2022-08-09,-0.016000
91926,24736170,DAL,20569,2022-08-10,0.021680
91926,24736170,DAL,20569,2022-08-11,0.000884
91926,24736170,DAL,20569,2022-08-12,0.015901
91926,24736170,DAL,20569,2022-08-15,0.014493
91926,24736170,DAL,20569,2022-08-16,0.009714
91926,24736170,DAL,20569,2022-08-17,-0.022637
91926,24736170,DAL,20569,2022-08-18,-0.001448
91926,24736170,DAL,20569,2022-08-19,-0.035952
91926,24736170,DAL,20569,2022-08-22,-0.026165
91926,24736170,DAL,20569,2022-08-23,0.015133
91926,24736170,DAL,20569,2022-08-24,0.013386
91926,24736170,DAL,20569,2022-08-25,0.020414
91926,24736170,DAL,20569,2022-08-26,-0.038541
91926,24736170,DAL,20569,2022-08-29,-0.019890
91926,24736170,DAL,20569,2022-08-30,-0.009678
91926,24736170,DAL,20569,2022-08-31,-0.020492
91926,24736170,DAL,20569,2022-09-01,0.000644
91926,24736170,DAL,20569,2022-09-02,-0.004825
91926,24736170,DAL,20569,2022-09-06,0.008080
91926,24736170,DAL,20569,2022-09-07,0.033344
91926,24736170,DAL,20569,2022-09-08,-0.003413
91926,24736170,DAL,20569,2022-09-09,0.016812
91926,24736170,DAL,20569,2022-09-12,0.015003
91926,24736170,DAL,20569,2022-09-13,-0.042534
91926,24736170,DAL,20569,2022-09-14,0.028986
91926,24736170,DAL,20569,2022-09-15,0.018983
91926,24736170,DAL,20569,2022-09-16,-0.035156
91926,24736170,DAL,20569,2022-09-19,0.025849
91926,24736170,DAL,20569,2022-09-20,-0.005768
91926,24736170,DAL,20569,2022-09-21,-0.048550
91926,24736170,DAL,20569,2022-09-22,-0.038511
91926,24736170,DAL,20569,2022-09-23,-0.031375
91926,24736170,DAL,20569,2022-09-26,-0.034459
91926,24736170,DAL,20569,2022-09-27,0.017131
91926,24736170,DAL,20569,2022-09-28,0.034737
91926,24736170,DAL,20569,2022-09-29,-0.035605
91926,24736170,DAL,20569,2022-09-30,-0.013361
91926,24736170,DAL,20569,2022-10-03,0.007128
91926,24736170,DAL,20569,2022-10-04,0.088110
91926,24736170,DAL,20569,2022-10-05,-0.007480
91926,24736170,DAL,20569,2022-10-06,0.003277
91926,24736170,DAL,20569,2022-10-07,-0.040170
91926,24736170,DAL,20569,2022-10-10,0.001021
91926,24736170,DAL,20569,2022-10-11,-0.019714
91926,24736170,DAL,20569,2022-10-12,0.012829
91926,24736170,DAL,20569,2022-10-13,0.040055
91926,24736170,DAL,20569,2022-10-14,0.023041
91926,24736170,DAL,20569,2022-10-17,0.001609
91926,24736170,DAL,20569,2022-10-18,0.033408
91926,24736170,DAL,20569,2022-10-19,0.010880
91926,24736170,DAL,20569,2022-10-20,-0.011378
91926,24736170,DAL,20569,2022-10-21,0.013375
91926,24736170,DAL,20569,2022-10-24,0.021179
91926,24736170,DAL,20569,2022-10-25,0.018936
91926,24736170,DAL,20569,2022-10-26,0.000000
91926,24736170,DAL,20569,2022-10-27,0.005605
91926,24736170,DAL,20569,2022-10-28,0.017014
91926,24736170,DAL,20569,2022-10-31,-0.021344
91926,24736170,DAL,20569,2022-11-01,-0.008842
91926,24736170,DAL,20569,2022-11-02,-0.046685
91926,24736170,DAL,20569,2022-11-03,-0.002807
91926,24736170,DAL,20569,2022-11-04,0.024711
91926,24736170,DAL,20569,2022-11-07,0.018315
91926,24736170,DAL,20569,2022-11-08,0.006894
91926,24736170,DAL,20569,2022-11-09,-0.003870
91926,24736170,DAL,20569,2022-11-10,0.060669
91926,24736170,DAL,20569,2022-11-11,-0.001409
91926,24736170,DAL,20569,2022-11-14,-0.021163
91926,24736170,DAL,20569,2022-11-15,0.006054
91926,24736170,DAL,20569,2022-11-16,-0.022350
91926,24736170,DAL,20569,2022-11-17,-0.001758
91926,24736170,DAL,20569,2022-11-18,0.012038
91926,24736170,DAL,20569,2022-11-21,-0.006963
91926,24736170,DAL,20569,2022-11-22,0.000000
91926,24736170,DAL,20569,2022-11-23,0.007596
91926,24736170,DAL,20569,2022-11-25,0.017686
91926,24736170,DAL,20569,2022-11-28,-0.035043
91926,24736170,DAL,20569,2022-11-29,0.021848
91926,24736170,DAL,20569,2022-11-30,0.021959
91926,24736170,DAL,20569,2022-12-01,0.000283
91926,24736170,DAL,20569,2022-12-02,0.009327
91926,24736170,DAL,20569,2022-12-05,0.002240
91926,24736170,DAL,20569,2022-12-06,0.003353
91926,24736170,DAL,20569,2022-12-07,-0.043999
91926,24736170,DAL,20569,2022-12-08,-0.023303
91926,24736170,DAL,20569,2022-12-09,0.008052
91926,24736170,DAL,20569,2022-12-12,0.028698
91926,24736170,DAL,20569,2022-12-13,-0.039977
91926,24736170,DAL,20569,2022-12-14,0.027861
91926,24736170,DAL,20569,2022-12-15,-0.030895
91926,24736170,DAL,20569,2022-12-16,-0.004211
91926,24736170,DAL,20569,2022-12-19,-0.005738
91926,24736170,DAL,20569,2022-12-20,-0.000608
91926,24736170,DAL,20569,2022-12-21,0.023404
91926,24736170,DAL,20569,2022-12-22,-0.022275
91926,24736170,DAL,20569,2022-12-23,0.007290
91926,24736170,DAL,20569,2022-12-27,-0.007841
91926,24736170,DAL,20569,2022-12-28,-0.027660
91926,24736170,DAL,20569,2022-12-29,0.023132
91926,24736170,DAL,20569,2022-12-30,0.003972
